file,shots,input,counts
qaoa_6,1024,'000000x',"{'100100': 38, '011011': 46, '000000': 264, '110011': 7, '011000': 41, '001001': 67, '000011': 31, '010100': 59, '100010': 51, '101000': 54, '111010': 15, '010010': 79, '001010': 7, '100111': 40, '000101': 60, '110110': 15, '100001': 2, '001111': 4, '111111': 14, '101011': 12, '011101': 20, '111001': 6, '101101': 12, '001100': 8, '000110': 5, '110000': 4, '111100': 26, '010111': 17, '110101': 6, '011110': 5, '010001': 2, '101110': 7}"
qaoa_6,1024,'000001x',"{'101100': 7, '101001': 78, '101010': 54, '001110': 8, '110100': 81, '001000': 31, '100101': 98, '100000': 293, '000001': 7, '100011': 16, '110010': 78, '110111': 11, '000100': 38, '010000': 20, '110001': 11, '001011': 19, '000010': 17, '011010': 18, '111110': 7, '101111': 5, '100110': 3, '011100': 10, '011111': 12, '010011': 13, '000111': 11, '010110': 7, '111101': 12, '011001': 18, '010101': 21, '111000': 7, '001101': 2, '111011': 11}"
qaoa_6,1024,'000010x',"{'101100': 16, '011001': 102, '001110': 8, '111000': 80, '001000': 41, '010000': 296, '000001': 7, '010110': 59, '100011': 12, '110010': 78, '010101': 88, '000100': 26, '000111': 13, '010011': 15, '110001': 11, '001011': 19, '101010': 7, '000010': 17, '100101': 12, '100000': 10, '111110': 7, '110100': 12, '101111': 5, '101001': 18, '011010': 7, '100110': 11, '011100': 9, '110111': 7, '111101': 12, '001101': 2, '111011': 11, '011111': 6}"
qaoa_6,1024,'000011x',"{'110101': 86, '110000': 382, '010010': 31, '111001': 65, '001100': 9, '101110': 13, '100010': 26, '000000': 13, '110110': 38, '111010': 36, '000101': 22, '001001': 19, '001111': 10, '010001': 33, '100100': 41, '011000': 50, '111111': 23, '101000': 20, '100111': 8, '000110': 6, '011011': 7, '011110': 12, '110011': 5, '000011': 9, '010100': 26, '111100': 12, '100001': 17, '001010': 4, '011101': 1}"
qaoa_6,1024,'000100x',"{'100101': 14, '011100': 92, '001000': 291, '101010': 59, '011010': 95, '001101': 85, '000001': 13, '011001': 12, '101001': 66, '110100': 10, '010000': 45, '000100': 18, '000111': 11, '100011': 17, '001110': 15, '100110': 10, '101111': 14, '011111': 13, '010011': 18, '111110': 12, '100000': 21, '110001': 10, '001011': 15, '000010': 11, '010110': 11, '010101': 8, '110111': 7, '101100': 12, '111011': 5, '110010': 4, '111101': 7, '111000': 3}"
qaoa_6,1024,'000101x',"{'101101': 75, '101000': 307, '001010': 64, '111100': 87, '001001': 44, '100010': 40, '011101': 10, '100100': 25, '000000': 22, '111010': 73, '000101': 23, '000110': 9, '110000': 9, '100001': 55, '110110': 8, '010010': 23, '111111': 7, '101110': 8, '110011': 8, '110101': 18, '100111': 6, '010100': 20, '101011': 6, '010001': 16, '001111': 10, '010111': 10, '001100': 11, '011110': 4, '011000': 11, '111001': 8, '011011': 4, '000011': 3}"
qaoa_6,1024,'000110x',"{'101000': 11, '011101': 96, '001100': 42, '111001': 54, '001010': 40, '011000': 355, '000000': 26, '011110': 56, '110011': 13, '111010': 68, '000011': 7, '000110': 22, '100111': 4, '101101': 7, '110000': 44, '100100': 9, '010010': 10, '111100': 4, '101011': 7, '100001': 17, '101110': 8, '100010': 7, '010111': 7, '111111': 4, '001111': 12, '001001': 9, '010001': 47, '010100': 10, '110110': 6, '000101': 7, '110101': 8, '011011': 7}"
qaoa_6,1024,'000111x',"{'111000': 340, '010000': 70, '111011': 20, '001101': 11, '101100': 52, '011100': 5, '000001': 11, '110100': 34, '111101': 55, '110001': 73, '001000': 34, '001110': 15, '101001': 21, '101111': 13, '100000': 19, '110111': 21, '110010': 25, '011001': 37, '001011': 9, '111110': 27, '100110': 6, '101010': 34, '011010': 41, '000010': 4, '010110': 15, '010101': 17, '011111': 4, '000100': 6, '000111': 5}"
qaoa_6,1024,'001000x',"{'100110': 92, '011010': 14, '000100': 291, '101100': 73, '010110': 78, '001101': 85, '000001': 13, '010101': 64, '100000': 28, '101010': 24, '110100': 5, '010000': 33, '001110': 15, '000111': 14, '101111': 14, '010011': 17, '111110': 12, '011001': 14, '011100': 20, '110001': 10, '001000': 15, '001011': 15, '100101': 3, '011111': 16, '000010': 11, '100011': 14, '111000': 11, '110111': 4, '111011': 5, '110010': 4, '111101': 7, '101001': 3}"
qaoa_6,1024,'001001x',"{'101110': 59, '101000': 13, '001100': 42, '110110': 75, '000110': 34, '100100': 376, '100001': 27, '000000': 26, '101101': 71, '110011': 13, '000011': 7, '001010': 27, '110000': 44, '011000': 7, '111100': 4, '110101': 47, '100111': 5, '000101': 15, '011101': 7, '011110': 13, '111111': 4, '001111': 12, '010111': 9, '010010': 5, '011011': 4, '111010': 6, '101011': 15, '010100': 18, '010001': 24, '100010': 5, '111001': 8, '001001': 2}"
qaoa_6,1024,'001010x',"{'101101': 9, '011101': 99, '001001': 23, '111100': 87, '000110': 64, '011011': 7, '010100': 292, '010010': 30, '000000': 22, '100010': 15, '110110': 71, '000101': 39, '101011': 9, '110000': 9, '100100': 19, '010001': 66, '100001': 8, '111111': 7, '101110': 7, '101000': 20, '110011': 8, '110101': 20, '111010': 10, '100111': 4, '011110': 12, '111001': 6, '001010': 14, '011000': 16, '001111': 10, '001100': 11, '010111': 7, '000011': 3}"
qaoa_6,1024,'001011x',"{'110100': 356, '010101': 19, '111011': 20, '001101': 11, '100110': 48, '100000': 45, '101001': 21, '000001': 11, '111101': 55, '110001': 73, '000100': 31, '000111': 7, '010110': 45, '001110': 15, '010000': 22, '100101': 32, '101111': 13, '110010': 25, '011100': 51, '001011': 9, '111110': 27, '111000': 24, '101010': 12, '011111': 12, '110111': 15, '000010': 4, '001000': 7, '101100': 6, '011010': 7, '011001': 1}"
qaoa_6,1024,'001100x',"{'100100': 38, '011110': 82, '001010': 28, '101110': 68, '001001': 37, '011000': 41, '001100': 371, '000000': 13, '010010': 22, '101101': 38, '110101': 8, '000101': 31, '010100': 25, '101000': 27, '110000': 6, '011101': 40, '001111': 13, '000110': 25, '111111': 23, '011011': 11, '100010': 18, '100111': 11, '110011': 10, '000011': 9, '010001': 5, '111100': 12, '111001': 5, '100001': 6, '101011': 1}"
qaoa_6,1024,'001101x',"{'101100': 361, '001110': 67, '111011': 9, '001000': 23, '100110': 39, '011111': 15, '000010': 12, '110001': 19, '111110': 48, '101010': 29, '000100': 57, '101001': 37, '001101': 24, '100011': 10, '101111': 19, '111101': 34, '100000': 29, '010101': 14, '111000': 37, '100101': 48, '011001': 10, '110010': 10, '110111': 4, '010000': 8, '010110': 13, '010011': 14, '000001': 3, '011100': 24, '110100': 7}"
qaoa_6,1024,'001110x',"{'101010': 11, '011100': 384, '001110': 67, '111011': 9, '001000': 65, '010110': 22, '000010': 12, '110001': 19, '111110': 48, '101001': 17, '101100': 36, '001101': 24, '011001': 39, '101111': 19, '000100': 15, '111101': 34, '011111': 17, '010000': 40, '110100': 35, '100101': 7, '011010': 33, '100110': 1, '010101': 26, '110111': 7, '100000': 7, '110010': 10, '100011': 5, '010011': 6, '000001': 3, '111000': 6}"
qaoa_6,1024,'001111x',"{'111100': 332, '010001': 8, '001100': 66, '111001': 42, '101000': 89, '011110': 27, '000101': 6, '110011': 23, '110000': 74, '010100': 98, '101110': 45, '010010': 5, '110101': 36, '001111': 27, '001010': 8, '100010': 8, '000110': 7, '111111': 35, '111010': 13, '100100': 4, '101101': 10, '101011': 5, '010111': 4, '011000': 7, '100001': 9, '100111': 4, '000000': 2, '110110': 11, '011011': 7, '011101': 5, '001001': 6, '000011': 1}"
qaoa_6,1024,'010000x',"{'100101': 15, '010110': 90, '000010': 289, '110010': 55, '010000': 23, '000111': 99, '000001': 21, '001101': 28, '011010': 10, '101010': 81, '110100': 15, '001011': 100, '001000': 18, '101001': 5, '000100': 18, '011111': 13, '011001': 11, '111110': 12, '101111': 13, '100110': 10, '100000': 21, '100011': 7, '011100': 9, '101100': 7, '110001': 3, '111000': 11, '110111': 4, '001110': 11, '010101': 6, '111011': 5, '111101': 7, '010011': 7}"
qaoa_6,1024,'010001x',"{'101011': 84, '100111': 111, '001010': 65, '110110': 76, '001001': 27, '100100': 24, '100010': 294, '011101': 10, '000000': 22, '101000': 33, '110000': 56, '000011': 24, '000101': 18, '101101': 8, '100001': 11, '010010': 42, '111111': 7, '010100': 15, '110101': 8, '000110': 9, '110011': 4, '010001': 15, '111100': 4, '001111': 12, '001100': 9, '011110': 4, '111001': 7, '111010': 6, '101110': 7, '010111': 6, '011000': 2, '011011': 4}"
qaoa_6,1024,'010010x',"{'100010': 39, '011011': 107, '001001': 21, '111001': 11, '000110': 63, '010111': 83, '010010': 275, '000000': 22, '110000': 56, '111010': 71, '000011': 24, '000101': 18, '101000': 18, '101101': 8, '011101': 7, '010100': 46, '111111': 7, '011000': 25, '100100': 4, '101011': 17, '110101': 8, '100001': 9, '100111': 3, '001010': 17, '110011': 4, '011110': 9, '010001': 15, '111100': 4, '001111': 12, '001100': 9, '110110': 7, '101110': 5}"
qaoa_6,1024,'010011x',"{'110010': 270, '010000': 72, '111011': 66, '100011': 28, '011010': 60, '100101': 37, '000001': 14, '110111': 76, '111101': 21, '100110': 90, '000010': 30, '001011': 2, '010011': 32, '110100': 22, '100000': 67, '101001': 5, '011001': 40, '101010': 9, '001110': 6, '111110': 25, '111000': 19, '000100': 4, '001000': 3, '010110': 8, '010101': 8, '011111': 1, '001101': 3, '101111': 3, '011100': 1, '101100': 2}"
qaoa_6,1024,'010100x',"{'011110': 76, '011000': 52, '001010': 367, '110011': 9, '000110': 33, '001111': 83, '000000': 13, '101000': 30, '111010': 33, '000011': 37, '000101': 19, '100010': 32, '001001': 23, '100100': 15, '001100': 32, '010100': 26, '011011': 11, '111111': 23, '010010': 19, '101011': 26, '100001': 5, '100111': 12, '101110': 7, '110000': 6, '111100': 10, '110101': 7, '111001': 9, '010001': 8, '010111': 1}"
qaoa_6,1024,'010101x',"{'101111': 68, '101010': 276, '001000': 83, '111011': 33, '000100': 26, '100011': 83, '011010': 22, '000010': 55, '110111': 6, '111110': 58, '100110': 33, '000111': 42, '101100': 27, '011111': 26, '011100': 25, '001011': 24, '100101': 1, '110010': 5, '111000': 55, '110100': 3, '110001': 7, '100000': 32, '001101': 7, '010000': 6, '111101': 2, '000001': 2, '010101': 6, '011001': 1, '101001': 6, '010110': 4}"
qaoa_6,1024,'010110x',"{'011111': 60, '011010': 388, '001011': 38, '111000': 47, '001000': 65, '010011': 33, '000010': 12, '011100': 25, '101111': 26, '111011': 27, '001101': 15, '100011': 7, '011001': 12, '101010': 19, '000100': 15, '010101': 11, '001110': 74, '111110': 16, '110010': 27, '010110': 16, '100000': 5, '101001': 19, '010000': 33, '110111': 9, '110100': 4, '000001': 3, '100101': 5, '111101': 5, '110001': 8}"
qaoa_6,1024,'010111x',"{'111010': 252, '110110': 51, '010010': 90, '110011': 64, '101000': 91, '011000': 96, '000101': 6, '101110': 60, '111100': 16, '101011': 53, '001010': 10, '001111': 9, '011110': 14, '011011': 17, '101101': 22, '010001': 10, '111111': 32, '110101': 10, '011101': 16, '100010': 6, '100100': 5, '100111': 6, '010100': 12, '000110': 5, '100001': 10, '111001': 8, '110000': 9, '000000': 3, '010111': 21, '001001': 6, '001100': 12, '000011': 2}"
qaoa_6,1024,'011000x',"{'100100': 38, '010100': 37, '000110': 361, '110011': 9, '001111': 83, '000000': 13, '011000': 12, '101110': 71, '110110': 37, '001010': 41, '000011': 37, '000101': 19, '001001': 21, '101000': 18, '011011': 12, '001100': 32, '010010': 36, '010111': 36, '111111': 23, '100010': 18, '100111': 22, '110000': 6, '111100': 10, '110101': 7, '100001': 6, '111001': 5, '010001': 8, '011110': 5, '101101': 1}"
qaoa_6,1024,'011001x',"{'101100': 31, '100110': 380, '001000': 21, '110100': 44, '000111': 39, '011111': 15, '000010': 12, '101111': 69, '110111': 30, '000100': 57, '001101': 15, '100011': 49, '100000': 29, '001110': 74, '111110': 16, '110010': 27, '101010': 20, '001011': 1, '100101': 9, '010101': 16, '101001': 10, '010000': 9, '000001': 3, '111011': 10, '010110': 11, '111101': 5, '110001': 8, '011001': 8, '010011': 3, '111000': 3}"
qaoa_6,1024,'011010x',"{'101100': 29, '011100': 33, '101010': 4, '000100': 76, '110111': 29, '010110': 289, '010011': 65, '000010': 55, '011111': 65, '110100': 60, '111110': 58, '101001': 7, '000111': 32, '101111': 32, '111011': 6, '100110': 26, '001011': 38, '011010': 30, '110010': 5, '110001': 7, '011001': 1, '001101': 7, '010000': 25, '111101': 2, '001000': 29, '000001': 2, '010101': 6, '111000': 2, '100000': 4}"
qaoa_6,1024,'011011x',"{'110110': 260, '010100': 95, '111010': 41, '110011': 64, '100010': 83, '011110': 45, '100100': 118, '000101': 6, '101101': 29, '111100': 16, '001010': 8, '001111': 9, '100111': 25, '011011': 5, '010001': 10, '111111': 32, '110101': 10, '101011': 15, '011101': 17, '100001': 9, '010010': 7, '000110': 8, '011000': 5, '101000': 11, '010111': 47, '110000': 9, '000000': 3, '111001': 10, '101110': 8, '001100': 12, '001001': 5, '000011': 2}"
qaoa_6,1024,'011100x',"{'011111': 35, '010000': 20, '001000': 37, '110001': 11, '000111': 29, '001110': 464, '000001': 9, '011010': 23, '101010': 31, '111011': 17, '000010': 24, '000100': 34, '001011': 32, '100000': 14, '100110': 35, '110111': 18, '010110': 29, '111110': 26, '101100': 22, '111000': 2, '101111': 24, '011100': 23, '011001': 2, '001101': 30, '010011': 5, '111101': 13, '110010': 4, '010101': 4, '100011': 1, '100101': 2, '110100': 2, '101001': 2}"
qaoa_6,1024,'011101x',"{'101110': 361, '001100': 93, '111001': 8, '000110': 87, '100010': 37, '011011': 9, '100100': 17, '000000': 16, '111100': 32, '101000': 47, '100111': 50, '001010': 8, '011110': 28, '111010': 32, '011101': 17, '101011': 33, '001111': 28, '111111': 19, '110000': 9, '010001': 12, '110110': 17, '110101': 4, '100001': 10, '101101': 16, '011000': 11, '010111': 12, '000011': 8, '110011': 3}"
qaoa_6,1024,'011110x',"{'011110': 373, '001100': 93, '110110': 30, '001010': 87, '011011': 46, '010010': 28, '000000': 16, '101101': 25, '111100': 32, '000110': 8, '100100': 9, '010111': 31, '101011': 23, '111010': 24, '011101': 25, '010100': 28, '001111': 28, '111111': 19, '110000': 9, '100001': 6, '100111': 14, '011000': 17, '010001': 12, '101110': 21, '110101': 4, '101000': 2, '000011': 8, '110011': 3, '111001': 3}"
qaoa_6,1024,'011111x',"{'111110': 267, '110111': 33, '010110': 87, '001110': 18, '110010': 66, '100110': 17, '011100': 72, '101010': 93, '000010': 8, '101100': 100, '111101': 32, '001000': 18, '001011': 9, '010011': 15, '011111': 18, '000111': 10, '011001': 18, '101001': 5, '111011': 15, '001101': 16, '100101': 13, '100011': 12, '011010': 9, '010101': 8, '111000': 10, '000100': 9, '110100': 5, '100000': 10, '101111': 12, '000001': 3, '010000': 11, '110001': 5}"
qaoa_6,1024,'100000x',"{'100011': 83, '011010': 23, '000001': 282, '110001': 14, '010101': 76, '001011': 9, '001101': 66, '010011': 106, '101001': 72, '110111': 11, '010000': 19, '100101': 9, '000100': 29, '110010': 19, '000010': 28, '100000': 10, '001110': 7, '111110': 7, '011001': 11, '001000': 23, '011100': 21, '100110': 22, '110100': 12, '010110': 7, '101111': 8, '101100': 11, '111101': 12, '111000': 7, '111011': 11, '011111': 6, '000111': 2, '101010': 1}"
qaoa_6,1024,'100001x',"{'101101': 38, '100100': 49, '001111': 8, '110101': 74, '001001': 38, '100001': 361, '000000': 13, '101000': 26, '110011': 76, '000011': 37, '000101': 19, '010001': 33, '110000': 30, '001010': 8, '101011': 31, '011000': 15, '111111': 23, '100010': 20, '101110': 6, '100111': 23, '011011': 7, '011110': 12, '001100': 6, '010100': 24, '010010': 26, '111100': 10, '111001': 5, '000110': 4, '011101': 1, '010111': 1}"
qaoa_6,1024,'100010x',"{'101000': 21, '011101': 47, '001111': 8, '111001': 74, '000110': 6, '011000': 46, '010001': 370, '000000': 13, '010100': 32, '100001': 22, '110011': 76, '000011': 37, '000101': 27, '001001': 28, '110000': 30, '001010': 8, '100010': 17, '010111': 33, '010010': 25, '011011': 21, '111111': 23, '101110': 6, '100111': 12, '001100': 6, '100100': 11, '011110': 8, '110101': 5, '111100': 10, '101101': 1, '101011': 1}"
qaoa_6,1024,'100011x',"{'110001': 475, '010011': 30, '111000': 25, '001110': 18, '101111': 20, '100011': 20, '000001': 20, '110010': 29, '111011': 33, '000010': 13, '000100': 20, '010000': 36, '100101': 28, '011001': 35, '001101': 1, '001000': 18, '111110': 14, '110111': 27, '101001': 26, '011111': 20, '101010': 5, '110100': 19, '010101': 35, '101100': 2, '100000': 23, '111101': 25, '000111': 2, '011010': 3, '100110': 1, '010110': 1}"
qaoa_6,1024,'100100x',"{'100001': 53, '011101': 86, '001001': 266, '101011': 68, '000101': 37, '011011': 106, '001010': 16, '001100': 66, '000000': 22, '011000': 23, '101000': 44, '110011': 8, '010001': 17, '000011': 24, '000110': 15, '001111': 13, '100010': 17, '101110': 11, '010010': 25, '010100': 21, '111111': 7, '100111': 9, '110000': 12, '011110': 7, '010111': 9, '111100': 4, '110110': 8, '100100': 5, '111001': 8, '101101': 6, '111010': 6, '110101': 5}"
qaoa_6,1024,'100101x',"{'101111': 32, '101001': 302, '001011': 80, '111011': 64, '001000': 33, '100011': 28, '011001': 24, '100101': 31, '000001': 54, '101100': 58, '110111': 29, '111101': 59, '110010': 6, '100000': 67, '110100': 40, '010000': 36, '101010': 4, '000100': 5, '010011': 33, '111000': 19, '000010': 3, '001101': 6, '011111': 1, '001110': 4, '010101': 2, '111110': 1, '011100': 1, '000111': 1, '010110': 1}"
qaoa_6,1024,'100110x',"{'101001': 23, '011100': 51, '001101': 39, '111000': 32, '001011': 51, '011001': 373, '010101': 22, '000001': 11, '011111': 29, '110001': 68, '111011': 55, '001000': 34, '101100': 6, '010000': 69, '111110': 7, '110010': 10, '101010': 9, '100000': 16, '101111': 7, '100110': 9, '010011': 24, '001110': 15, '110111': 15, '000010': 4, '011010': 11, '111101': 14, '010110': 9, '000100': 6, '000111': 5}"
qaoa_6,1024,'100111x',"{'111001': 345, '010001': 91, '001100': 10, '110110': 19, '101011': 34, '011101': 18, '101101': 32, '000000': 16, '110011': 28, '111100': 32, '110000': 98, '000110': 8, '001001': 37, '001111': 12, '110101': 30, '101000': 37, '111010': 24, '101110': 12, '100100': 10, '011000': 20, '111111': 19, '100111': 11, '011011': 32, '100001': 9, '010111': 26, '011110': 2, '000011': 8, '001010': 4}"
qaoa_6,1024,'101000x',"{'100111': 98, '010111': 92, '000101': 269, '101101': 67, '001010': 16, '001100': 66, '000000': 22, '010100': 45, '100010': 15, '101000': 26, '110011': 8, '010001': 71, '000011': 24, '001111': 13, '000110': 12, '101110': 11, '100100': 19, '100001': 8, '111111': 7, '001001': 37, '011101': 12, '110000': 12, '010010': 15, '011110': 10, '111100': 4, '110110': 8, '011000': 6, '111001': 7, '111010': 6, '110101': 6, '101011': 7, '011011': 5}"
qaoa_6,1024,'101001x',"{'101100': 45, '100101': 388, '001101': 39, '110111': 60, '000111': 47, '100000': 45, '000001': 11, '101001': 16, '110001': 68, '000100': 31, '101111': 27, '100011': 32, '101010': 13, '010110': 17, '111110': 7, '110010': 10, '011100': 6, '011111': 12, '110100': 26, '001011': 8, '001110': 15, '000010': 4, '100110': 5, '010101': 26, '111101': 14, '010000': 21, '111011': 16, '001000': 10, '011010': 5}"
qaoa_6,1024,'101010x',"{'101001': 9, '011111': 41, '100110': 2, '000111': 82, '111011': 29, '000100': 31, '011100': 81, '010101': 281, '010011': 22, '000001': 54, '100000': 20, '110111': 66, '111101': 59, '100101': 26, '110010': 6, '100011': 29, '010110': 11, '010000': 72, '101100': 3, '110100': 32, '111000': 25, '101111': 2, '000010': 3, '011001': 20, '001101': 6, '001000': 4, '001110': 4, '111110': 1, '011010': 1, '001011': 2}"
qaoa_6,1024,'101011x',"{'110101': 356, '010100': 32, '111001': 26, '001100': 10, '100111': 43, '100001': 62, '101011': 24, '000000': 16, '110011': 28, '111100': 32, '110000': 98, '000101': 39, '001111': 12, '100100': 18, '111010': 24, '101110': 12, '011101': 31, '111111': 19, '101101': 18, '011110': 9, '010001': 11, '110110': 12, '010111': 42, '000110': 6, '011000': 13, '011011': 18, '000011': 8, '010010': 1, '001010': 4}"
qaoa_6,1024,'101100x',"{'100101': 64, '011100': 33, '000111': 25, '101111': 62, '000100': 73, '011001': 79, '001101': 272, '000001': 19, '011111': 65, '101010': 10, '111101': 25, '000010': 25, '100110': 43, '110001': 6, '001000': 89, '011010': 38, '101001': 5, '111110': 21, '110111': 1, '110010': 3, '001011': 24, '101100': 19, '010000': 3, '010110': 5, '010101': 3, '110100': 3, '111011': 2, '111000': 3, '100000': 4}"
qaoa_6,1024,'101101x',"{'101101': 275, '001111': 62, '111001': 47, '000110': 12, '100100': 104, '011101': 33, '000101': 70, '101011': 44, '110011': 12, '111100': 16, '101000': 100, '001100': 13, '111010': 22, '100111': 26, '100010': 6, '010111': 17, '110000': 15, '111111': 32, '110110': 15, '100001': 10, '011000': 6, '011011': 3, '001010': 10, '010100': 8, '010001': 11, '010010': 15, '000000': 3, '001001': 14, '110101': 9, '011110': 5, '101110': 7, '000011': 2}"
qaoa_6,1024,'101110x',"{'101011': 18, '011101': 297, '001111': 62, '110110': 22, '001001': 85, '011000': 112, '010100': 70, '000101': 6, '110011': 12, '111100': 16, '011011': 20, '101101': 44, '001100': 13, '101000': 13, '111010': 22, '010111': 33, '110000': 15, '111111': 32, '110101': 41, '100010': 7, '100111': 2, '001010': 10, '100001': 8, '000110': 5, '011110': 9, '010001': 12, '010010': 14, '000000': 3, '111001': 8, '101110': 7, '100100': 4, '000011': 2}"
qaoa_6,1024,'101111x',"{'111101': 267, '111000': 103, '010000': 10, '001101': 59, '110111': 21, '101001': 78, '011111': 20, '000001': 6, '110100': 91, '110001': 18, '001000': 7, '001011': 18, '010011': 14, '101111': 29, '001110': 12, '100101': 12, '101010': 9, '100000': 13, '000010': 5, '110010': 25, '010101': 87, '111110': 32, '100011': 11, '010110': 5, '011001': 16, '000100': 5, '100110': 18, '111011': 9, '101100': 4, '011010': 3, '000111': 11, '011100': 6}"
qaoa_6,1024,'110000x',"{'100010': 10, '010111': 89, '000011': 351, '110011': 60, '010001': 39, '000101': 15, '000000': 26, '001111': 69, '011000': 7, '101011': 83, '001010': 47, '100001': 37, '000110': 41, '101000': 4, '011101': 8, '001100': 22, '001001': 13, '111100': 4, '010010': 9, '101101': 9, '100100': 5, '110000': 15, '011011': 5, '010100': 4, '100111': 3, '111111': 4, '011110': 8, '111010': 6, '110110': 10, '101110': 8, '111001': 8, '110101': 5}"
qaoa_6,1024,'110001x',"{'101010': 32, '100011': 382, '001011': 48, '110111': 60, '000100': 9, '011100': 5, '000001': 48, '100110': 39, '110001': 56, '000010': 26, '000111': 12, '101111': 38, '100000': 19, '010011': 33, '100101': 36, '111110': 7, '101001': 21, '110010': 15, '001000': 12, '001101': 16, '010000': 26, '111101': 14, '011010': 9, '001110': 15, '111011': 16, '010101': 12, '101100': 5, '011111': 4, '010110': 9}"
qaoa_6,1024,'110010x',"{'100011': 35, '011010': 57, '000111': 53, '110111': 21, '000100': 9, '010110': 40, '010011': 361, '000001': 48, '011111': 29, '110001': 56, '111011': 55, '000010': 26, '001000': 10, '101001': 11, '101100': 8, '011001': 33, '111110': 7, '100000': 16, '101010': 23, '110010': 15, '100110': 6, '001101': 16, '010000': 26, '010101': 16, '111101': 14, '001110': 15, '011100': 5, '001011': 9, '101111': 4}"
qaoa_6,1024,'110011x',"{'110011': 361, '010001': 84, '110110': 27, '100010': 42, '011101': 18, '000000': 16, '111010': 23, '100111': 52, '000110': 8, '001100': 5, '100001': 78, '000011': 12, '111001': 29, '101011': 26, '101101': 20, '011000': 14, '101110': 11, '001111': 9, '111111': 19, '110101': 20, '100100': 12, '001010': 12, '011011': 32, '010010': 47, '010111': 25, '110000': 7, '111100': 13, '011110': 2}"
qaoa_6,1024,'110100x',"{'011111': 60, '011001': 58, '000111': 31, '110001': 12, '000100': 29, '001110': 67, '001011': 366, '000001': 20, '011010': 25, '101001': 34, '111011': 27, '000010': 54, '001000': 26, '100011': 49, '110111': 8, '010110': 20, '111110': 16, '010101': 12, '101010': 14, '100000': 5, '100101': 10, '111000': 8, '010011': 9, '101111': 15, '001101': 14, '110010': 11, '110100': 10, '111101': 5, '010000': 9}"
qaoa_6,1024,'110101x',"{'101101': 40, '101011': 283, '001001': 101, '111001': 46, '000011': 89, '100010': 90, '010111': 22, '110011': 14, '111010': 37, '100111': 25, '100100': 6, '101110': 56, '011110': 14, '011011': 17, '001010': 10, '110000': 12, '111111': 32, '110110': 18, '011101': 16, '001111': 7, '010001': 13, '000110': 8, '100001': 11, '001100': 10, '101000': 15, '000000': 3, '010010': 4, '000101': 11, '110101': 8, '011000': 2, '010100': 2, '111100': 2}"
qaoa_6,1024,'110110x',"{'011110': 38, '011011': 378, '001010': 70, '110110': 6, '001001': 79, '011000': 5, '010010': 74, '000101': 6, '101110': 27, '111010': 9, '100010': 9, '101011': 10, '111001': 37, '000110': 7, '001111': 46, '111111': 35, '110011': 26, '010111': 11, '100001': 6, '100111': 5, '101000': 19, '010100': 10, '010001': 53, '110101': 19, '011101': 9, '000000': 2, '001100': 11, '111100': 4, '100100': 3, '110000': 7, '101101': 2, '000011': 1}"
qaoa_6,1024,'110111x',"{'111011': 267, '110100': 19, '010011': 97, '110010': 84, '100110': 21, '011001': 86, '101001': 91, '000001': 6, '101100': 20, '001000': 7, '001110': 5, '101111': 27, '011111': 34, '011100': 13, '000010': 5, '101010': 59, '111000': 9, '010000': 16, '111110': 20, '100101': 8, '110111': 19, '100011': 14, '001101': 6, '000100': 5, '100000': 13, '010110': 7, '110001': 11, '010101': 21, '111101': 13, '000111': 11, '001011': 8, '011010': 2}"
qaoa_6,1024,'111000x',"{'100101': 46, '010101': 47, '000111': 356, '110001': 12, '000100': 29, '001110': 67, '000001': 20, '010110': 12, '101010': 18, '110111': 30, '001000': 29, '000010': 54, '100110': 39, '011111': 17, '001011': 38, '010011': 51, '111110': 16, '101111': 46, '011001': 10, '101001': 13, '100000': 7, '001101': 14, '100011': 5, '111011': 10, '110010': 11, '110100': 10, '111101': 5, '010000': 9, '111000': 3}"
qaoa_6,1024,'111001x',"{'100111': 364, '000110': 65, '110101': 35, '100010': 93, '011110': 16, '000101': 70, '101110': 38, '111001': 23, '001001': 15, '101000': 9, '100001': 59, '001111': 46, '111111': 35, '110011': 26, '101011': 8, '101101': 20, '010010': 7, '010100': 10, '001010': 12, '100100': 6, '010001': 10, '000000': 2, '010111': 8, '001100': 11, '111100': 4, '110110': 11, '110000': 7, '011011': 6, '111010': 2, '011101': 4, '011000': 1, '000011': 1}"
qaoa_6,1024,'111010x',"{'100111': 24, '011101': 50, '000101': 94, '110110': 41, '000011': 89, '010111': 298, '010010': 62, '011110': 48, '110011': 14, '111010': 14, '101011': 14, '010100': 12, '101110': 8, '001010': 10, '011011': 25, '110000': 12, '111111': 32, '011000': 5, '110101': 42, '101000': 8, '100010': 7, '101101': 29, '111001': 12, '001111': 7, '010001': 14, '100001': 8, '000110': 12, '001100': 10, '001001': 14, '000000': 3, '100100': 4, '111100': 2}"
qaoa_6,1024,'111011x',"{'110111': 272, '110100': 19, '010101': 87, '110010': 84, '100011': 89, '011111': 20, '100101': 111, '000001': 6, '101111': 43, '111011': 10, '001011': 17, '001110': 5, '100000': 13, '000010': 5, '101001': 21, '010110': 67, '010011': 9, '010000': 16, '100110': 4, '111110': 20, '111000': 13, '001101': 6, '011001': 10, '011010': 14, '000100': 5, '101100': 9, '101010': 8, '110001': 11, '111101': 13, '000111': 4, '001000': 5, '011100': 8}"
qaoa_6,1024,'111100x',"{'011110': 31, '010111': 26, '000110': 89, '110000': 8, '001111': 377, '001100': 7, '000000': 16, '011011': 31, '101011': 24, '111010': 12, '000101': 36, '100100': 9, '100111': 45, '000011': 12, '110110': 24, '001010': 77, '111111': 19, '101101': 24, '100001': 6, '011101': 27, '011000': 18, '010001': 7, '101110': 22, '001001': 45, '101000': 1, '010010': 1, '111100': 13, '110011': 7, '111001': 7, '110101': 3}"
qaoa_6,1024,'111101x',"{'101111': 293, '001011': 9, '110111': 35, '000111': 91, '101100': 14, '100110': 102, '010110': 17, '000010': 8, '101010': 80, '111011': 18, '101001': 66, '001101': 95, '001000': 16, '011111': 18, '111000': 18, '011010': 9, '111110': 14, '110001': 9, '011100': 10, '100101': 4, '001110': 9, '010000': 10, '110100': 8, '011001': 12, '000100': 9, '100000': 10, '000001': 3, '111101': 19, '010011': 8, '110010': 3, '010101': 5, '100011': 2}"
qaoa_6,1024,'111110x',"{'011111': 300, '001011': 88, '110111': 26, '010110': 76, '010101': 42, '011010': 109, '000010': 8, '101010': 24, '111011': 31, '001000': 18, '001101': 95, '100011': 12, '100110': 13, '000111': 10, '111110': 14, '110001': 9, '011100': 14, '100000': 5, '100101': 22, '001110': 9, '010000': 10, '101100': 9, '110100': 8, '101111': 12, '000100': 9, '000001': 3, '111101': 19, '010011': 5, '111000': 14, '110010': 3, '101001': 3, '011001': 4}"
qaoa_6,1024,'111111x',"{'111111': 247, '111001': 9, '010100': 16, '001100': 6, '110101': 7, '100100': 38, '011101': 54, '100111': 45, '000000': 9, '101101': 60, '111010': 58, '110110': 67, '101011': 77, '000011': 26, '000101': 18, '010111': 70, '001111': 8, '010010': 16, '011000': 36, '101000': 15, '001010': 4, '001001': 16, '111100': 35, '100010': 13, '011011': 31, '000110': 4, '011110': 5, '100001': 8, '010001': 10, '101110': 6, '110011': 7, '110000': 3}"
qaoa_6,1024,'000000y',"{'110001': 4, '101001': 42, '110000': 4, '000101': 34, '111110': 5, '000000': 80, '100111': 15, '010110': 41, '010010': 27, '100010': 39, '101011': 28, '110110': 34, '111111': 84, '011011': 27, '101111': 7, '011000': 16, '000010': 7, '110010': 34, '010100': 28, '110101': 5, '101110': 6, '010111': 33, '011100': 1, '011101': 34, '001101': 39, '011110': 10, '101010': 42, '101000': 33, '111010': 22, '101101': 27, '110011': 10, '010101': 37, '111100': 14, '000011': 20, '010011': 1, '001000': 10, '001100': 2, '011010': 1, '100000': 4, '001001': 34, '100100': 11, '001010': 10, '111101': 4, '111011': 3, '000111': 2, '111001': 4, '100001': 3, '001111': 2, '000110': 7, '001110': 2, '110111': 2, '100110': 4, '100011': 2, '111000': 3, '110100': 2, '000100': 2, '010001': 6, '011111': 5, '000001': 3, '001011': 3, '101100': 1, '010000': 1, '011001': 1}"
qaoa_6,1024,'000001y',"{'101110': 6, '101000': 16, '101101': 42, '001001': 49, '111001': 9, '000101': 20, '100010': 14, '011001': 2, '010010': 36, '011010': 26, '000000': 31, '100000': 65, '101010': 32, '110110': 39, '111110': 9, '011111': 80, '000010': 13, '011101': 16, '000110': 8, '110001': 4, '001000': 17, '010101': 33, '110100': 24, '111010': 21, '011100': 17, '010100': 17, '101011': 18, '001100': 10, '100101': 28, '110101': 16, '111111': 37, '100100': 11, '100011': 18, '010111': 13, '101111': 8, '101001': 20, '110011': 14, '011011': 14, '111101': 14, '010110': 15, '001110': 5, '010000': 13, '111000': 11, '000111': 20, '110000': 2, '110111': 8, '010011': 1, '001011': 28, '001101': 10, '001010': 13, '111011': 2, '110010': 7, '000100': 2, '010001': 3, '000001': 13, '101100': 1, '100111': 1, '111100': 1, '011000': 1}"
qaoa_6,1024,'000010y',"{'101111': 58, '101001': 43, '000110': 8, '111010': 39, '000101': 52, '100110': 26, '010110': 36, '010000': 54, '010111': 25, '000000': 31, '100010': 53, '101100': 9, '110110': 26, '111110': 9, '011101': 59, '000010': 13, '000111': 32, '011001': 30, '110001': 4, '010100': 15, '110100': 17, '111011': 15, '010010': 11, '101101': 15, '011110': 5, '001100': 10, '101000': 25, '011111': 15, '101011': 10, '000100': 16, '111111': 37, '100111': 15, '111001': 10, '010011': 11, '110011': 14, '011000': 14, '111101': 14, '001110': 5, '110000': 2, '101010': 14, '111000': 17, '001011': 17, '010101': 11, '100000': 7, '001010': 10, '001101': 10, '100001': 4, '001001': 22, '110010': 7, '000001': 13, '110111': 1, '110101': 5, '011010': 1, '100011': 1, '111100': 1}"
qaoa_6,1024,'000011y',"{'110000': 45, '101001': 18, '000111': 11, '111011': 11, '000100': 10, '100110': 28, '010110': 17, '001111': 33, '010111': 18, '000000': 12, '100000': 35, '101111': 29, '110110': 34, '111101': 44, '011010': 29, '000010': 49, '011001': 29, '000101': 36, '110011': 15, '010001': 6, '110101': 7, '010000': 29, '011100': 1, '100001': 5, '011111': 39, '001100': 15, '100111': 10, '101011': 16, '111111': 19, '101000': 19, '111000': 13, '110010': 10, '101010': 23, '110100': 23, '010101': 17, '011000': 11, '001101': 16, '111010': 23, '000110': 9, '001001': 38, '000001': 12, '001011': 19, '010100': 16, '101100': 2, '001010': 11, '100101': 22, '011011': 14, '101101': 1, '111110': 14, '110111': 6, '010010': 2, '111001': 5, '001000': 14, '100100': 8, '100010': 6, '011110': 5, '100011': 1, '101110': 4, '011101': 5, '001110': 1, '010011': 2, '111100': 1, '110001': 1}"
qaoa_6,1024,'000100y',"{'110000': 8, '101000': 21, '001000': 75, '111010': 37, '000101': 54, '100011': 29, '011000': 17, '010010': 22, '011010': 29, '000000': 31, '100001': 14, '101010': 9, '110111': 61, '111110': 14, '011101': 56, '000010': 9, '101110': 8, '011100': 32, '100010': 45, '110010': 8, '010110': 37, '101111': 1, '111011': 14, '010100': 19, '101011': 19, '011111': 18, '001011': 11, '100101': 28, '101001': 35, '000100': 12, '011110': 10, '111111': 37, '100111': 14, '010111': 12, '110001': 5, '101101': 21, '110100': 10, '110110': 20, '111101': 9, '100100': 1, '000001': 17, '001101': 13, '101100': 10, '001001': 18, '100000': 10, '010011': 8, '001110': 7, '001010': 1, '000111': 2, '000110': 2, '111000': 2, '001111': 4, '110101': 2, '010101': 8, '111001': 3, '110011': 2, '010001': 1, '010000': 1, '111100': 1}"
qaoa_6,1024,'000101y',"{'101100': 7, '100101': 77, '001001': 32, '110111': 37, '001000': 55, '100010': 33, '011010': 64, '010100': 23, '000001': 12, '100000': 53, '101000': 33, '110100': 13, '111100': 16, '011110': 9, '000010': 15, '000011': 20, '101011': 28, '011101': 43, '110001': 9, '010111': 34, '110010': 40, '111010': 6, '011111': 58, '001101': 40, '100110': 7, '000101': 6, '110011': 7, '111111': 11, '100011': 14, '110110': 27, '101110': 3, '011011': 8, '111011': 4, '001111': 5, '010000': 6, '101010': 6, '110000': 4, '110101': 6, '101111': 2, '000100': 4, '000111': 6, '011001': 10, '001010': 10, '100111': 2, '001110': 10, '100100': 3, '000000': 5, '001100': 6, '011100': 7, '111101': 13, '001011': 12, '010010': 7, '011000': 6, '111000': 8, '010110': 5, '010011': 3, '100001': 4, '111110': 14, '010101': 3, '111001': 3, '101001': 5, '101101': 3, '000110': 1, '010001': 1}"
qaoa_6,1024,'000110y',"{'101111': 18, '101001': 46, '001001': 9, '111001': 13, '000110': 18, '100111': 69, '010111': 14, '010010': 9, '011000': 70, '000000': 21, '100001': 16, '101010': 25, '110011': 22, '111101': 11, '011011': 9, '000001': 10, '000011': 6, '001010': 21, '100010': 24, '011010': 11, '110000': 13, '001000': 22, '101110': 22, '010101': 32, '110010': 40, '111011': 16, '010100': 9, '011101': 22, '011111': 16, '001101': 40, '000101': 15, '000100': 11, '011110': 12, '111111': 32, '110110': 11, '010110': 35, '111100': 4, '101000': 11, '001111': 16, '010000': 15, '111000': 6, '101101': 8, '110111': 12, '001011': 10, '110101': 13, '101011': 11, '100000': 8, '100101': 1, '010001': 15, '001100': 19, '111010': 16, '011100': 8, '001110': 3, '010011': 4, '100100': 5, '000010': 15, '111110': 5, '000111': 7, '110100': 4, '100110': 6, '100011': 5, '011001': 2, '101100': 4, '110001': 1}"
qaoa_6,1024,'000111y',"{'110010': 30, '100111': 35, '001001': 48, '111000': 42, '000111': 37, '100010': 19, '011000': 36, '001111': 20, '000010': 11, '100000': 48, '101101': 7, '110101': 50, '111010': 7, '011110': 28, '000100': 13, '011101': 17, '001000': 30, '010011': 13, '011010': 18, '010001': 15, '101110': 17, '011111': 50, '001011': 11, '100110': 12, '101011': 15, '111111': 6, '100101': 17, '100011': 9, '110110': 30, '110000': 23, '101001': 7, '110100': 13, '010110': 4, '010111': 12, '000110': 5, '011001': 9, '110001': 5, '001101': 25, '110111': 19, '010000': 9, '011011': 5, '000011': 6, '001010': 49, '010100': 14, '101100': 8, '100001': 11, '001100': 8, '111110': 5, '101000': 14, '000000': 2, '111011': 13, '011100': 6, '110011': 7, '111101': 10, '111100': 5, '000101': 12, '100100': 2, '111001': 5, '101111': 6, '001110': 6, '010010': 6, '101010': 1, '000001': 1}"
qaoa_6,1024,'001000y',"{'110000': 8, '101010': 44, '000101': 10, '111011': 56, '000100': 71, '100110': 25, '010101': 37, '010010': 36, '010110': 15, '000000': 31, '100010': 22, '101101': 40, '110110': 59, '111110': 14, '011011': 24, '000010': 9, '101111': 17, '000111': 20, '011001': 24, '100011': 19, '110010': 8, '010011': 28, '010111': 25, '011100': 16, '011101': 19, '001001': 59, '101001': 15, '011110': 12, '101100': 17, '111111': 37, '101000': 19, '111010': 13, '110001': 5, '101110': 9, '101011': 17, '111101': 9, '010100': 11, '000001': 17, '001101': 13, '110111': 8, '001000': 11, '100001': 5, '100100': 11, '001010': 4, '010001': 11, '001110': 7, '011010': 1, '111000': 9, '110101': 4, '001111': 4, '100111': 3, '010000': 8, '011111': 3, '110011': 2, '100000': 2, '111100': 1}"
qaoa_6,1024,'001001y',"{'101111': 11, '101000': 12, '101110': 13, '001001': 11, '111001': 19, '000101': 11, '100100': 67, '011000': 12, '010010': 21, '011011': 73, '000000': 21, '100001': 26, '101010': 32, '110011': 22, '111101': 11, '011100': 7, '000001': 10, '000011': 6, '001010': 20, '000110': 22, '110000': 13, '001000': 14, '010101': 32, '110010': 40, '111011': 23, '011101': 17, '011111': 25, '001101': 40, '011010': 6, '101001': 40, '000100': 19, '011110': 19, '111111': 32, '100110': 5, '110110': 16, '010111': 7, '101101': 19, '111100': 4, '010110': 34, '100111': 7, '001111': 16, '010000': 12, '101100': 3, '111000': 4, '110101': 10, '010100': 9, '110111': 5, '001011': 9, '100000': 15, '011001': 3, '001100': 19, '111010': 10, '001110': 3, '010001': 3, '100011': 5, '000010': 15, '100010': 12, '101011': 8, '111110': 5, '100101': 4, '110100': 4, '000111': 7, '010011': 3, '110001': 1}"
qaoa_6,1024,'001010y',"{'101111': 46, '101011': 45, '000101': 33, '111011': 50, '000100': 51, '100110': 63, '010110': 12, '010000': 41, '010111': 32, '000001': 12, '100101': 13, '101101': 30, '110100': 11, '111100': 16, '011001': 78, '000010': 15, '000011': 20, '000110': 6, '110001': 9, '010011': 13, '110010': 40, '010010': 26, '011100': 7, '001101': 40, '101000': 30, '011101': 9, '110011': 7, '011011': 5, '111111': 11, '100111': 7, '111010': 22, '011010': 9, '100100': 8, '010101': 3, '010100': 38, '101001': 5, '001111': 5, '101110': 5, '110000': 4, '110110': 4, '000111': 14, '111001': 5, '101010': 9, '001000': 9, '100011': 6, '100000': 4, '001110': 10, '000000': 5, '001100': 6, '011000': 4, '101100': 6, '111101': 13, '001011': 10, '111000': 8, '100010': 2, '010001': 4, '111110': 14, '001001': 2, '110101': 1, '110111': 3, '011111': 5, '100001': 1, '001010': 1, '011110': 1}"
qaoa_6,1024,'001011y',"{'110010': 30, '101100': 10, '000110': 49, '111001': 32, '000101': 38, '100100': 28, '010100': 12, '001111': 20, '010111': 17, '000010': 11, '100001': 21, '101111': 35, '110101': 11, '111011': 17, '011011': 39, '000100': 22, '001000': 24, '000111': 7, '100010': 7, '010000': 39, '110100': 48, '111010': 42, '011010': 13, '011100': 18, '100011': 18, '011110': 18, '001011': 50, '101000': 18, '011111': 15, '101110': 16, '111111': 6, '100110': 17, '101010': 5, '111000': 11, '010011': 6, '110000': 23, '101101': 25, '011001': 17, '010010': 18, '101011': 8, '011000': 1, '110001': 5, '001101': 25, '011101': 7, '100111': 1, '110110': 5, '110111': 13, '000011': 6, '010001': 17, '001001': 7, '100000': 7, '001100': 8, '111110': 5, '010101': 4, '000000': 2, '001010': 8, '110011': 7, '111101': 10, '111100': 5, '100101': 10, '001110': 6, '101001': 2, '010110': 1, '000001': 1}"
qaoa_6,1024,'001100y',"{'110000': 17, '101000': 23, '001000': 39, '111011': 33, '000100': 42, '100101': 31, '011000': 10, '010010': 27, '011001': 29, '000000': 12, '100010': 41, '101011': 13, '110011': 59, '111110': 43, '011100': 21, '000001': 45, '101111': 9, '011010': 31, '110010': 9, '010100': 17, '111101': 15, '010011': 11, '101100': 15, '011101': 36, '011110': 9, '001100': 60, '100110': 29, '011111': 13, '101010': 11, '011011': 6, '000010': 16, '111111': 19, '100111': 7, '110111': 28, '010111': 19, '101101': 24, '101001': 24, '010110': 13, '101110': 10, '001110': 2, '000101': 2, '001111': 18, '000110': 8, '110101': 3, '111010': 1, '010101': 18, '100000': 7, '100011': 11, '001101': 8, '100001': 5, '001010': 2, '110100': 1, '110110': 2, '100100': 5, '010001': 8, '111100': 1, '111000': 1, '010000': 2, '001011': 1, '110001': 1, '001001': 1}"
qaoa_6,1024,'001101y',"{'101111': 17, '100100': 38, '001001': 19, '110111': 40, '001000': 47, '100010': 43, '011011': 35, '010011': 33, '011100': 13, '000001': 9, '100000': 22, '101010': 6, '110011': 28, '111001': 16, '011110': 55, '000101': 8, '000110': 20, '101110': 4, '001010': 16, '011101': 46, '100001': 45, '110000': 7, '101101': 10, '010111': 9, '110010': 38, '111000': 14, '101100': 37, '011111': 27, '001101': 39, '100011': 14, '100110': 5, '000111': 11, '111111': 6, '110101': 14, '010100': 11, '100101': 24, '011010': 14, '001111': 6, '010000': 18, '101011': 9, '001100': 31, '110110': 9, '000011': 6, '011001': 10, '100111': 1, '001110': 7, '111110': 13, '000000': 2, '101000': 6, '111011': 8, '001011': 9, '111010': 5, '110100': 7, '111101': 2, '110001': 4, '111100': 5, '000100': 5, '000010': 3, '010010': 6, '010101': 3, '101001': 1, '011000': 3, '010001': 2, '010110': 3}"
qaoa_6,1024,'001110y',"{'101111': 21, '101000': 14, '001010': 13, '111001': 16, '000110': 22, '100101': 14, '011000': 37, '010001': 35, '000001': 9, '100010': 13, '101101': 32, '110011': 28, '111011': 36, '011100': 50, '000100': 38, '001011': 17, '011010': 9, '110000': 7, '001000': 9, '101110': 42, '010010': 40, '110010': 38, '111010': 19, '011001': 22, '100011': 35, '011111': 22, '001101': 39, '100111': 35, '000101': 15, '011110': 4, '111111': 6, '100110': 17, '110101': 16, '011101': 10, '100001': 8, '010111': 11, '101011': 11, '010100': 9, '010101': 1, '001111': 6, '001001': 10, '010000': 20, '111000': 7, '000111': 11, '010110': 7, '101100': 11, '110111': 7, '001100': 31, '011011': 4, '110110': 3, '000011': 6, '010011': 7, '100000': 13, '001110': 7, '111110': 13, '101001': 11, '000000': 2, '110100': 9, '111101': 2, '110001': 4, '111100': 5, '100100': 4, '000010': 3, '101010': 1}"
qaoa_6,1024,'001111y',"{'110001': 37, '100111': 41, '001010': 8, '111001': 13, '000110': 11, '100100': 26, '011000': 37, '001111': 17, '011001': 20, '000001': 5, '100001': 16, '101110': 12, '110010': 71, '111100': 29, '011011': 44, '000011': 35, '000100': 16, '001011': 10, '000111': 13, '100010': 6, '001000': 21, '010011': 12, '111011': 20, '011010': 20, '010000': 15, '000010': 9, '101111': 16, '011100': 14, '100011': 17, '011111': 22, '001101': 71, '100110': 19, '101011': 4, '011110': 12, '111110': 12, '100101': 21, '110101': 12, '010001': 9, '110000': 16, '101001': 8, '010110': 4, '010111': 8, '001110': 30, '110111': 15, '001001': 8, '110011': 16, '101010': 11, '001100': 25, '110100': 7, '010100': 9, '010101': 5, '000101': 5, '100000': 13, '101100': 8, '111000': 9, '000000': 2, '111101': 10, '111010': 3, '011101': 4, '111111': 1, '101000': 8, '101101': 1, '010010': 5}"
qaoa_6,1024,'010000y',"{'110010': 37, '101011': 54, '000101': 25, '111101': 64, '000010': 71, '101000': 50, '010101': 15, '001110': 5, '010110': 14, '000000': 31, '100010': 16, '101101': 11, '111000': 24, '011001': 16, '010111': 54, '110100': 19, '000011': 14, '010011': 3, '110110': 27, '010000': 13, '101111': 15, '011010': 21, '100101': 16, '011111': 18, '001011': 22, '011101': 15, '111111': 37, '101001': 15, '111010': 19, '010001': 8, '010100': 46, '110011': 4, '110111': 11, '101010': 11, '100001': 9, '001100': 5, '101110': 6, '000100': 11, '110000': 7, '111100': 9, '000111': 27, '001001': 27, '110001': 4, '100000': 10, '001000': 13, '100110': 12, '011110': 7, '001101': 27, '001010': 1, '111110': 2, '111011': 5, '001111': 6, '110101': 2, '011100': 2, '010010': 8, '100100': 2, '000001': 1}"
qaoa_6,1024,'010001y',"{'101111': 17, '101000': 42, '001001': 6, '111010': 30, '000101': 28, '100010': 39, '011000': 19, '010010': 26, '011010': 12, '000001': 4, '100000': 53, '101001': 25, '110100': 59, '111101': 37, '011110': 8, '000010': 41, '000011': 5, '101101': 33, '001011': 76, '011101': 44, '001010': 5, '110000': 6, '001000': 16, '010110': 32, '101110': 1, '010101': 5, '101010': 9, '011111': 58, '001110': 11, '100101': 12, '011001': 9, '111111': 11, '100100': 5, '100111': 20, '110101': 5, '010111': 33, '110001': 9, '110010': 13, '011011': 8, '111100': 7, '100011': 7, '100110': 9, '001111': 6, '010000': 18, '111000': 9, '000111': 16, '111011': 4, '110111': 11, '010100': 5, '000100': 2, '001101': 9, '000000': 5, '111001': 3, '011100': 6, '000110': 8, '110110': 6, '010011': 5, '100001': 2, '101100': 4, '101011': 4, '111110': 3, '110011': 3}"
qaoa_6,1024,'010010y',"{'101111': 47, '101010': 41, '000111': 70, '111001': 9, '000110': 8, '100100': 19, '010101': 37, '010000': 42, '010110': 9, '000001': 4, '100010': 42, '101101': 32, '110110': 31, '111101': 37, '011101': 43, '000010': 41, '000011': 5, '011011': 18, '011100': 12, '110000': 6, '010011': 9, '110100': 11, '111011': 18, '011001': 15, '010010': 29, '011111': 22, '001110': 11, '101001': 10, '101011': 36, '000101': 2, '000100': 18, '111111': 11, '100111': 7, '100101': 10, '111000': 45, '110001': 9, '110010': 13, '011000': 6, '111100': 7, '010100': 33, '001111': 6, '101110': 4, '001000': 5, '001101': 9, '001001': 35, '010111': 5, '100000': 13, '100011': 4, '011110': 1, '001011': 15, '000000': 5, '111010': 6, '011010': 5, '100110': 10, '110111': 3, '110101': 4, '101000': 3, '101100': 4, '010001': 2, '001010': 4, '111110': 3, '110011': 3}"
qaoa_6,1024,'010011y',"{'110000': 45, '101001': 43, '001010': 10, '111000': 30, '000111': 40, '100100': 34, '010111': 9, '010010': 29, '011000': 37, '000001': 4, '100010': 42, '101010': 24, '110011': 10, '111101': 35, '011011': 36, '000010': 41, '000011': 13, '101111': 17, '001011': 39, '010101': 33, '110001': 16, '111100': 15, '011010': 11, '010011': 2, '101011': 7, '011101': 39, '011111': 17, '001111': 44, '100111': 35, '000110': 13, '111111': 11, '110101': 13, '010110': 31, '101101': 25, '110010': 12, '010100': 5, '100110': 7, '001001': 6, '110100': 25, '011110': 2, '101000': 8, '101100': 4, '100000': 9, '001101': 12, '011100': 5, '001110': 18, '000000': 5, '001100': 10, '011001': 6, '111001': 11, '111011': 3, '100101': 7, '111110': 5, '010000': 8, '000101': 1, '100001': 2, '111010': 2, '101110': 1}"
qaoa_6,1024,'010100y',"{'110100': 15, '101010': 16, '000111': 23, '111010': 30, '000101': 38, '100011': 26, '010110': 21, '001101': 18, '011000': 11, '000000': 12, '100000': 55, '101101': 12, '110111': 32, '111101': 27, '011110': 14, '000010': 34, '000011': 6, '001000': 46, '011100': 31, '110101': 49, '000110': 2, '010010': 16, '110110': 16, '111011': 16, '110011': 5, '010001': 15, '101110': 18, '011111': 64, '001010': 50, '100111': 11, '101011': 35, '000100': 16, '111111': 19, '100101': 15, '101001': 16, '111000': 19, '010101': 9, '110010': 14, '011010': 14, '010100': 31, '101000': 6, '111100': 10, '110000': 8, '010000': 8, '000001': 5, '101100': 2, '001001': 20, '100001': 5, '111001': 2, '010111': 5, '110001': 2, '001111': 4, '001011': 6, '111110': 6, '100010': 5, '001100': 3, '101111': 5, '001110': 1, '010011': 1, '011001': 1, '100100': 1, '011101': 1}"
qaoa_6,1024,'010101y',"{'101101': 9, '100101': 35, '101100': 2, '001010': 50, '110110': 8, '001001': 10, '100010': 38, '011010': 36, '010110': 29, '000001': 1, '100000': 51, '101000': 29, '110011': 2, '111100': 26, '011110': 26, '000011': 32, '000100': 5, '101010': 16, '001011': 37, '011101': 35, '110000': 11, '010111': 30, '110010': 37, '111000': 11, '000010': 10, '011111': 52, '001110': 17, '100100': 13, '100111': 36, '000111': 7, '111111': 11, '100011': 7, '110101': 36, '101110': 4, '101001': 26, '110001': 19, '011011': 15, '111011': 7, '011000': 32, '111010': 3, '001111': 10, '010001': 9, '110100': 24, '001000': 10, '011001': 2, '001101': 39, '100001': 8, '010000': 2, '100110': 5, '000000': 5, '011100': 5, '110111': 12, '010010': 5, '001100': 3, '010011': 1, '111101': 9, '000101': 1, '010101': 7, '000110': 2, '111110': 2, '010100': 1, '101111': 1}"
qaoa_6,1024,'010110y',"{'101111': 24, '101001': 8, '001010': 26, '111000': 19, '000110': 17, '100101': 43, '011000': 40, '010010': 10, '000001': 11, '100010': 27, '101011': 34, '110011': 25, '111101': 33, '011011': 8, '000010': 39, '011010': 49, '000111': 21, '110000': 47, '001000': 11, '010100': 37, '111010': 11, '011100': 13, '011111': 20, '001111': 49, '100111': 35, '101010': 37, '000101': 8, '011101': 20, '111111': 6, '100110': 6, '110101': 19, '010111': 4, '101101': 6, '011001': 7, '010101': 32, '101110': 12, '111011': 5, '001001': 14, '010000': 15, '101100': 10, '110111': 6, '000011': 1, '001011': 11, '110110': 7, '000100': 4, '101000': 9, '010110': 5, '100001': 5, '100000': 11, '001110': 7, '111110': 13, '011110': 5, '000000': 2, '001100': 21, '111001': 13, '111100': 4, '010011': 7, '100100': 2, '100011': 10, '110100': 8, '010001': 11, '110001': 3, '001101': 1}"
qaoa_6,1024,'010111y',"{'110000': 52, '100111': 44, '001010': 52, '110101': 41, '001001': 9, '100010': 64, '011010': 39, '010011': 24, '000001': 1, '100001': 18, '101001': 14, '110100': 33, '111000': 34, '011101': 77, '000110': 17, '000111': 32, '101111': 4, '001011': 44, '101110': 5, '010110': 17, '110001': 10, '011100': 6, '010100': 4, '000010': 5, '101011': 9, '011110': 19, '001111': 44, '100101': 33, '101000': 7, '110011': 6, '111111': 11, '100100': 7, '011000': 33, '010101': 6, '101100': 20, '110010': 6, '101101': 13, '011001': 7, '000100': 2, '100110': 8, '010111': 11, '100000': 6, '001101': 8, '001110': 19, '000000': 5, '001100': 7, '011011': 5, '111010': 10, '110110': 7, '111001': 9, '100011': 8, '111100': 4, '111101': 5, '000101': 5, '111011': 1, '000011': 3, '101010': 5, '010010': 11, '011111': 9, '001000': 3, '110111': 3, '010000': 2, '111110': 1}"
qaoa_6,1024,'011000y',"{'110100': 23, '101100': 34, '000110': 51, '111011': 35, '000100': 39, '101000': 36, '010100': 3, '001101': 18, '010110': 13, '000000': 12, '100001': 20, '101111': 41, '111000': 20, '111101': 27, '011011': 16, '000010': 34, '000011': 6, '010111': 38, '100010': 21, '011001': 17, '110110': 37, '000101': 19, '010000': 49, '110111': 13, '110011': 5, '011101': 21, '011110': 16, '001001': 29, '101001': 14, '011111': 13, '010101': 18, '111111': 19, '101010': 18, '111001': 35, '010011': 28, '110010': 14, '111100': 10, '001010': 4, '001011': 19, '111010': 13, '110000': 8, '110101': 3, '101110': 12, '000001': 5, '010001': 8, '100000': 7, '001000': 22, '100110': 11, '000111': 18, '101011': 3, '110001': 2, '001111': 4, '100100': 6, '111110': 6, '100011': 2, '100111': 1, '001100': 3, '101101': 2, '011100': 1, '001110': 1, '010010': 1}"
qaoa_6,1024,'011001y',"{'101111': 15, '101000': 47, '001010': 12, '111001': 28, '000110': 30, '100100': 31, '011001': 46, '010011': 9, '000001': 11, '100000': 22, '101001': 29, '110011': 25, '111101': 33, '011100': 18, '000010': 39, '101110': 4, '011011': 42, '100001': 13, '110000': 47, '001000': 8, '010110': 26, '111011': 12, '101101': 21, '011101': 11, '100010': 13, '011111': 27, '001111': 49, '100110': 44, '000100': 10, '111111': 6, '110101': 14, '011110': 12, '011000': 4, '010111': 43, '010000': 14, '000111': 8, '001001': 8, '101100': 6, '111000': 6, '000011': 1, '001011': 26, '010101': 5, '000101': 10, '110111': 2, '001110': 7, '111110': 13, '000000': 2, '010010': 15, '001100': 21, '011010': 6, '100111': 6, '110100': 13, '100101': 9, '111100': 4, '110110': 5, '010100': 4, '100011': 10, '111010': 8, '101011': 6, '101010': 3, '110001': 3, '001101': 1, '010001': 1}"
qaoa_6,1024,'011010y',"{'101111': 42, '101010': 35, '000111': 36, '111001': 39, '000110': 50, '100110': 33, '010101': 36, '010000': 40, '000001': 1, '100100': 40, '101101': 27, '110011': 2, '111100': 26, '011001': 36, '000011': 32, '000100': 9, '110000': 11, '010011': 8, '110010': 37, '111010': 10, '011000': 15, '010010': 27, '000010': 10, '011011': 41, '011101': 5, '001110': 17, '101001': 14, '011110': 11, '101011': 40, '000101': 8, '111111': 11, '101000': 2, '111000': 25, '110001': 19, '010110': 14, '111011': 14, '010100': 34, '100111': 14, '001111': 10, '101110': 13, '110100': 6, '001000': 7, '001001': 7, '100011': 2, '100001': 5, '001101': 39, '010001': 9, '011010': 2, '100010': 4, '000000': 5, '101100': 5, '001100': 3, '100101': 2, '111101': 9, '001011': 5, '110110': 2, '010111': 3, '110101': 2, '110111': 3, '011100': 3, '011111': 3, '100000': 2, '111110': 2}"
qaoa_6,1024,'011011y',"{'110000': 52, '101010': 26, '001010': 12, '111000': 34, '000111': 41, '100100': 28, '010111': 9, '010010': 52, '011001': 37, '000001': 1, '100011': 40, '101101': 48, '110100': 30, '111001': 43, '011011': 40, '000110': 48, '101111': 5, '001011': 42, '001001': 12, '110001': 10, '101110': 21, '000010': 5, '011100': 35, '011101': 8, '001111': 44, '100110': 38, '011110': 10, '011000': 7, '101100': 5, '110011': 6, '111111': 11, '100111': 7, '110101': 17, '010101': 20, '110010': 6, '101000': 6, '010110': 6, '101011': 13, '110110': 2, '000100': 5, '101001': 8, '010011': 8, '010100': 7, '100010': 6, '100000': 4, '001101': 8, '001110': 19, '000000': 5, '010001': 17, '001100': 7, '111010': 6, '011010': 7, '110111': 1, '100001': 3, '111100': 4, '111101': 5, '111011': 5, '000101': 3, '000011': 3, '100101': 7, '011111': 5, '010000': 2, '001000': 1, '111110': 1}"
qaoa_6,1024,'011100y',"{'110010': 22, '101010': 37, '000110': 32, '111011': 12, '000011': 27, '100100': 25, '010110': 31, '001110': 22, '000000': 14, '100000': 34, '101111': 29, '110101': 35, '111110': 25, '011011': 32, '000001': 31, '000010': 9, '110001': 27, '001000': 18, '000100': 14, '010001': 13, '110011': 40, '111100': 27, '011000': 29, '010000': 28, '011110': 15, '100001': 17, '011111': 37, '001100': 37, '101000': 6, '101101': 3, '111111': 21, '100111': 25, '101001': 29, '100101': 3, '111001': 25, '010101': 24, '111101': 12, '001101': 25, '110000': 10, '001010': 40, '110111': 10, '010010': 3, '010100': 3, '101110': 7, '011100': 5, '011101': 6, '010111': 5, '010011': 5, '011010': 2, '001111': 7, '101100': 2, '000101': 6, '101011': 2, '100110': 6, '111010': 3, '011001': 2, '100010': 2, '000111': 2, '001011': 2, '111000': 1, '110100': 1}"
qaoa_6,1024,'011101y',"{'101110': 14, '100110': 40, '001010': 59, '110110': 23, '001001': 26, '100001': 29, '011001': 34, '010010': 22, '011011': 16, '000010': 4, '100000': 53, '101001': 11, '110010': 10, '111001': 5, '011110': 44, '000100': 16, '000111': 13, '101101': 26, '110000': 40, '010111': 18, '110001': 25, '110111': 11, '011101': 17, '010011': 21, '000011': 10, '101100': 27, '011111': 55, '001111': 37, '100011': 19, '100111': 17, '001000': 10, '111110': 5, '100100': 15, '110101': 41, '010110': 6, '010100': 1, '011100': 17, '111000': 17, '100010': 17, '010000': 6, '101111': 2, '001100': 12, '011000': 14, '101000': 8, '001110': 28, '111101': 7, '000000': 2, '111011': 14, '010001': 12, '001101': 9, '111010': 1, '111100': 11, '000110': 11, '111111': 1, '110011': 7, '100101': 1, '001011': 1, '010101': 2, '011010': 2, '000101': 1, '101011': 1}"
qaoa_6,1024,'011110y',"{'101111': 44, '101010': 15, '001010': 6, '111001': 53, '000110': 54, '100100': 22, '011000': 15, '010000': 40, '011010': 34, '000010': 4, '100010': 38, '101101': 12, '110010': 10, '111010': 19, '011100': 38, '000101': 26, '001011': 20, '011011': 23, '110000': 40, '001000': 16, '010010': 15, '110001': 25, '010001': 26, '000011': 10, '101110': 30, '011101': 28, '011110': 20, '001111': 37, '100101': 32, '101100': 10, '111110': 5, '100110': 4, '110101': 8, '010110': 1, '101011': 22, '010100': 11, '100111': 12, '000111': 6, '010101': 11, '110111': 10, '001100': 12, '110100': 11, '010011': 19, '100001': 10, '100000': 4, '001110': 28, '100011': 23, '111101': 7, '011001': 2, '000000': 2, '111011': 8, '001101': 9, '001001': 2, '110110': 2, '111100': 11, '000100': 7, '111111': 1, '110011': 7, '011111': 4, '101000': 2, '111000': 1}"
qaoa_6,1024,'011111y',"{'110000': 64, '100110': 58, '001101': 12, '110111': 8, '001000': 10, '100101': 51, '011001': 50, '010010': 20, '011010': 54, '000010': 8, '100010': 27, '101011': 12, '110001': 45, '111100': 24, '011100': 29, '000011': 31, '000110': 13, '101110': 16, '001110': 59, '001010': 20, '001011': 14, '010111': 13, '111001': 18, '010011': 17, '101100': 18, '100011': 23, '011101': 24, '001111': 65, '011110': 14, '100111': 14, '011011': 14, '111111': 6, '110010': 13, '010100': 10, '101101': 19, '000100': 7, '110101': 15, '110100': 8, '000111': 10, '011000': 13, '101000': 8, '100001': 7, '100100': 9, '111110': 5, '000101': 1, '000000': 2, '111000': 12, '111011': 8, '111101': 8, '010001': 7, '011111': 1, '001100': 4, '101010': 1, '010101': 1, '000001': 1, '100000': 1, '010110': 2}"
qaoa_6,1024,'100000y',"{'110001': 6, '101010': 17, '110000': 4, '000100': 16, '111110': 64, '000001': 70, '100110': 20, '010110': 13, '010010': 18, '010111': 54, '000000': 31, '100010': 26, '101011': 44, '101001': 14, '110111': 16, '011100': 32, '101111': 13, '000101': 13, '011001': 16, '110010': 34, '000011': 14, '010100': 44, '110101': 6, '010011': 19, '101100': 20, '100011': 24, '011101': 21, '001101': 38, '101000': 49, '011111': 15, '011010': 11, '110110': 15, '111111': 37, '111011': 12, '101101': 17, '110011': 12, '101110': 3, '010101': 15, '111100': 9, '000111': 1, '111010': 8, '001100': 12, '001000': 18, '100000': 7, '001001': 19, '100100': 1, '100001': 1, '111101': 2, '011011': 4, '001010': 9, '000110': 9, '111001': 7, '001111': 2, '001110': 3, '100101': 8, '010000': 7, '000010': 2, '110100': 2}"
qaoa_6,1024,'100001y',"{'101111': 14, '101001': 18, '101110': 2, '001000': 55, '111010': 16, '000101': 16, '100001': 47, '011010': 18, '010010': 25, '011011': 13, '000000': 12, '100000': 35, '101011': 23, '101000': 3, '110101': 13, '111110': 25, '011110': 60, '000001': 31, '000011': 6, '101101': 31, '000110': 26, '110001': 1, '010100': 31, '110100': 24, '111011': 10, '011101': 17, '010011': 18, '101100': 22, '011111': 39, '001101': 14, '100011': 16, '000100': 10, '111111': 19, '100101': 16, '110111': 37, '010111': 2, '101010': 21, '110010': 15, '110011': 16, '011100': 17, '111101': 8, '010101': 14, '100010': 20, '010110': 15, '100100': 11, '000010': 8, '111100': 10, '001111': 4, '010000': 16, '111001': 16, '110000': 4, '110110': 2, '001100': 8, '001011': 35, '001010': 11, '010001': 2, '000111': 1, '111000': 2, '100111': 1, '001110': 1, '001001': 1}"
qaoa_6,1024,'100010y',"{'101111': 34, '101001': 23, '000111': 26, '111011': 49, '000100': 58, '100101': 1, '010111': 34, '010001': 39, '000000': 12, '100010': 39, '101101': 13, '110110': 22, '111110': 25, '011100': 27, '000001': 31, '000011': 6, '011010': 3, '110001': 1, '010010': 18, '110101': 16, '011001': 19, '101110': 40, '011101': 39, '011111': 20, '001101': 14, '101000': 34, '101100': 9, '111111': 19, '100111': 8, '100110': 19, '111000': 19, '010110': 19, '101010': 14, '110010': 15, '110011': 16, '011000': 7, '111101': 8, '010101': 11, '000010': 8, '111100': 10, '001111': 4, '000101': 4, '010000': 27, '000110': 9, '110000': 4, '101011': 8, '001000': 11, '111010': 1, '001100': 8, '010011': 16, '100001': 2, '100000': 12, '001010': 27, '100011': 22, '011110': 4, '001001': 19, '100100': 2, '011011': 3, '111001': 5, '110111': 7, '110100': 1, '010100': 1, '001011': 1, '001110': 1}"
qaoa_6,1024,'100011y',"{'110001': 25, '101010': 37, '000110': 8, '111011': 27, '000011': 27, '100100': 25, '010110': 31, '001111': 28, '000000': 14, '100001': 42, '101110': 25, '110111': 28, '111101': 26, '011011': 32, '000010': 32, '001000': 39, '000100': 38, '110010': 29, '010001': 32, '110011': 15, '111100': 27, '110000': 30, '011000': 29, '010000': 9, '011110': 36, '011111': 16, '001101': 26, '101000': 6, '101101': 3, '110101': 13, '111111': 21, '100111': 25, '101001': 29, '100101': 3, '111001': 13, '110110': 4, '010101': 24, '001110': 20, '000101': 6, '000001': 8, '010010': 3, '101111': 11, '010100': 3, '100000': 9, '001010': 15, '011100': 5, '001100': 17, '111110': 11, '001001': 4, '011101': 6, '010111': 5, '010011': 5, '011010': 2, '101100': 2, '101011': 2, '100110': 6, '011001': 2, '100010': 2, '000111': 2, '001011': 2, '111000': 1, '110100': 1}"
qaoa_6,1024,'100100y',"{'110001': 12, '101000': 46, '110000': 1, '001000': 50, '111010': 32, '000101': 38, '100011': 66, '011000': 12, '010010': 25, '011010': 16, '000001': 41, '100001': 11, '101010': 25, '110111': 39, '111110': 37, '011100': 77, '000011': 5, '101111': 4, '110011': 6, '000111': 12, '101110': 5, '010101': 31, '110110': 49, '111011': 18, '010100': 3, '011111': 22, '001010': 3, '100101': 14, '101001': 6, '000100': 18, '011110': 6, '111111': 11, '100100': 17, '100110': 7, '010111': 27, '101101': 25, '110101': 5, '011011': 18, '111100': 7, '100111': 5, '000010': 4, '001101': 9, '100010': 6, '011101': 6, '110010': 5, '010011': 10, '111000': 3, '001001': 48, '010110': 10, '101011': 7, '100000': 13, '001011': 8, '011001': 5, '000000': 5, '001110': 10, '001111': 1, '110100': 4, '111101': 3, '101100': 8, '001100': 4, '010000': 2, '111001': 1}"
qaoa_6,1024,'100101y',"{'101100': 8, '100101': 46, '001001': 32, '110111': 39, '001000': 48, '100011': 39, '011011': 37, '010101': 25, '000001': 9, '100001': 50, '101000': 29, '110011': 20, '111100': 26, '011110': 61, '000011': 32, '000101': 5, '101010': 33, '011100': 37, '110001': 9, '010111': 30, '110010': 38, '111001': 8, '011111': 17, '001101': 42, '100100': 32, '100111': 9, '000110': 9, '111111': 11, '110110': 23, '011010': 32, '101111': 5, '111010': 7, '001110': 9, '010000': 9, '110000': 2, '110100': 6, '010110': 11, '001010': 22, '000010': 2, '011000': 14, '100000': 9, '000000': 5, '001100': 17, '010010': 3, '110101': 12, '001111': 1, '111000': 5, '010011': 3, '111110': 10, '001011': 5, '100010': 6, '111101': 1, '011101': 3, '101001': 9, '011001': 2, '101101': 3, '000111': 1, '010001': 2, '100110': 2, '010100': 1, '111011': 1}"
qaoa_6,1024,'100110y',"{'101110': 27, '101000': 52, '001000': 26, '111010': 16, '000101': 14, '100110': 44, '011000': 40, '010010': 11, '000001': 30, '100010': 14, '101010': 29, '110011': 54, '111101': 14, '011011': 8, '000010': 20, '001010': 15, '011001': 44, '000110': 10, '001001': 7, '100011': 23, '011010': 12, '110000': 14, '010101': 30, '111011': 19, '011100': 24, '011110': 18, '001110': 4, '100111': 35, '000100': 16, '011101': 9, '111111': 6, '110110': 11, '010111': 37, '101111': 9, '101101': 9, '110001': 5, '001111': 18, '010000': 12, '111000': 9, '101100': 7, '110111': 13, '000011': 1, '010100': 7, '001011': 14, '110101': 7, '001100': 53, '100001': 11, '101001': 2, '100000': 5, '100101': 5, '111110': 32, '000000': 2, '111001': 4, '001101': 3, '111100': 4, '010011': 6, '010001': 14, '100100': 2, '110010': 2, '000111': 10, '110100': 9, '101011': 5, '011111': 7, '010110': 4}"
qaoa_6,1024,'100111y',"{'110011': 29, '100111': 20, '110010': 8, '001000': 47, '111000': 31, '000111': 33, '100010': 28, '011001': 37, '001110': 22, '000010': 3, '100001': 53, '101100': 14, '110101': 36, '111010': 19, '011110': 63, '000101': 25, '000110': 12, '001001': 23, '011101': 25, '010011': 16, '110001': 25, '011100': 7, '010000': 15, '000011': 10, '101111': 17, '001011': 20, '100110': 37, '011111': 15, '101010': 6, '111110': 9, '100100': 16, '110111': 36, '010001': 8, '011000': 12, '101000': 19, '110100': 24, '011011': 14, '111001': 16, '010111': 13, '001100': 33, '101110': 6, '110000': 7, '110110': 12, '010101': 12, '001010': 42, '100000': 7, '011010': 3, '000000': 2, '001111': 4, '001101': 3, '111100': 11, '111011': 3, '000100': 4, '010010': 1, '111111': 1, '100011': 3, '101001': 1, '111101': 3, '010100': 1, '100101': 1, '000001': 1}"
qaoa_6,1024,'101000y',"{'110001': 12, '101011': 45, '110000': 1, '000101': 36, '111011': 48, '000100': 55, '100111': 24, '010101': 11, '010010': 5, '010110': 35, '000001': 41, '100010': 28, '101100': 49, '110111': 23, '111110': 37, '011011': 9, '000011': 5, '101111': 21, '011000': 26, '011010': 11, '110011': 6, '010011': 55, '110110': 41, '011100': 16, '100011': 18, '011101': 27, '001001': 41, '101001': 36, '011110': 10, '011001': 6, '111111': 11, '111010': 25, '010100': 29, '101110': 5, '111100': 7, '101010': 7, '000010': 4, '001101': 9, '110010': 5, '000111': 7, '001000': 22, '100000': 4, '100101': 4, '001011': 8, '000000': 5, '010001': 7, '010111': 6, '001110': 10, '111001': 5, '101000': 6, '100001': 3, '101101': 4, '001111': 1, '000110': 7, '100100': 3, '110100': 4, '111000': 5, '100110': 8, '010000': 12, '011111': 5, '111101': 3, '001100': 4, '001010': 1}"
qaoa_6,1024,'101001y',"{'101110': 15, '101000': 14, '001000': 18, '111010': 10, '000101': 10, '100100': 31, '011001': 11, '010011': 18, '011010': 41, '000001': 30, '100001': 28, '101011': 35, '110011': 54, '111101': 14, '011100': 10, '000010': 20, '001001': 18, '011011': 42, '000110': 16, '110000': 14, '010101': 5, '111011': 25, '101101': 12, '010100': 32, '011101': 19, '100010': 18, '011110': 24, '001110': 4, '100101': 45, '011111': 15, '101001': 33, '000100': 20, '111111': 6, '110110': 15, '011000': 4, '101111': 4, '101100': 15, '110001': 5, '010110': 32, '100110': 8, '001111': 18, '010000': 5, '111000': 11, '000111': 12, '010111': 9, '000011': 1, '001011': 11, '110111': 7, '001100': 53, '100000': 7, '111110': 32, '000000': 2, '111001': 8, '100111': 6, '010001': 10, '001010': 7, '001101': 3, '110101': 4, '111100': 4, '100011': 5, '110010': 2, '110100': 8, '010010': 6, '101010': 3}"
qaoa_6,1024,'101010y',"{'101111': 12, '101010': 14, '101110': 43, '000110': 11, '111011': 45, '000100': 40, '100111': 37, '010110': 37, '010001': 33, '000001': 9, '100100': 17, '101100': 27, '110011': 20, '111100': 26, '011001': 43, '000011': 32, '000111': 13, '011000': 36, '100101': 4, '110001': 9, '000101': 39, '010011': 30, '110010': 38, '100110': 31, '011100': 7, '001101': 42, '101001': 35, '011111': 11, '101011': 40, '011011': 12, '111111': 11, '101000': 2, '111001': 13, '011110': 3, '010101': 13, '010100': 34, '001110': 9, '010000': 16, '111010': 24, '110000': 2, '110101': 4, '010010': 5, '001001': 7, '000010': 2, '101101': 5, '001010': 7, '100011': 6, '100000': 6, '000000': 5, '001100': 17, '111000': 6, '100001': 1, '001111': 1, '111110': 10, '110100': 4, '011010': 3, '110110': 5, '001000': 2, '111101': 1, '010111': 3, '001011': 3, '011101': 1}"
qaoa_6,1024,'101011y',"{'110011': 29, '101101': 34, '110010': 8, '000111': 18, '111001': 32, '000110': 42, '100101': 30, '010100': 15, '001110': 22, '010110': 13, '000010': 3, '100001': 14, '101110': 48, '110101': 22, '111011': 40, '011011': 21, '000100': 46, '001001': 31, '011010': 37, '100011': 22, '010001': 48, '110100': 36, '110001': 25, '000011': 10, '011100': 19, '011111': 23, '001011': 38, '101001': 16, '011110': 6, '111110': 9, '100111': 14, '101011': 15, '111000': 14, '010010': 23, '011000': 17, '001100': 33, '110000': 7, '010011': 6, '010000': 9, '110110': 17, '000101': 11, '101100': 2, '100000': 13, '100100': 9, '011101': 3, '000000': 2, '001010': 19, '111010': 14, '001111': 4, '001101': 3, '100110': 5, '111100': 11, '111111': 1, '110111': 2, '101111': 5, '010101': 1, '111101': 3, '000001': 1, '001000': 1, '100010': 1, '011001': 1}"
qaoa_6,1024,'101100y',"{'110000': 7, '101001': 43, '001000': 14, '111010': 31, '000101': 38, '100100': 34, '010111': 9, '010011': 27, '011000': 37, '000001': 38, '100011': 40, '101010': 24, '110011': 56, '111110': 33, '011011': 36, '000011': 13, '101110': 17, '001001': 36, '110010': 9, '000111': 5, '010101': 33, '101111': 1, '111100': 15, '011010': 11, '101011': 7, '011100': 41, '011110': 16, '001100': 56, '100111': 35, '111111': 11, '110110': 23, '010110': 31, '110001': 11, '101100': 26, '010100': 5, '100110': 7, '000010': 7, '101101': 3, '001110': 16, '000100': 10, '111000': 2, '101000': 8, '100010': 2, '100001': 9, '001101': 8, '000000': 5, '011001': 6, '111001': 1, '001011': 4, '110100': 4, '110111': 10, '111011': 12, '001111': 4, '100101': 7, '111101': 7, '010001': 7, '011101': 3, '011111': 3, '010010': 4, '001010': 1, '100000': 2, '010000': 1, '110101': 1, '000110': 1}"
qaoa_6,1024,'101101y',"{'101110': 16, '100101': 46, '001001': 67, '110110': 50, '100011': 42, '011010': 34, '010011': 29, '011011': 37, '000001': 4, '100001': 51, '101001': 7, '110011': 54, '111000': 25, '011110': 61, '000111': 27, '101101': 8, '001010': 22, '011100': 38, '011101': 12, '110000': 3, '010111': 11, '000110': 5, '110111': 10, '010101': 15, '000010': 2, '101010': 17, '001101': 8, '100100': 35, '100111': 4, '001000': 7, '111111': 11, '110101': 15, '101100': 29, '110010': 12, '001111': 4, '010001': 17, '101111': 2, '010100': 6, '001011': 3, '000100': 5, '001100': 60, '011000': 8, '011001': 6, '101000': 7, '100000': 4, '100010': 4, '001110': 10, '000000': 5, '111010': 8, '110001': 8, '010000': 1, '111100': 4, '111101': 2, '111011': 5, '100110': 5, '000101': 6, '000011': 3, '110100': 3, '101011': 5, '011111': 5, '010110': 6, '111110': 4, '010010': 2, '111001': 2}"
qaoa_6,1024,'101110y',"{'101110': 48, '101000': 8, '001011': 29, '111001': 18, '000110': 26, '100110': 39, '011000': 39, '010001': 37, '000001': 4, '100010': 14, '101100': 32, '110011': 54, '111010': 55, '011100': 49, '000101': 55, '011001': 39, '100011': 32, '110000': 3, '001001': 14, '010011': 34, '000010': 2, '011110': 20, '001101': 8, '100111': 39, '101011': 7, '011010': 5, '011101': 6, '111111': 11, '110100': 22, '010111': 6, '101001': 27, '110010': 12, '010110': 17, '001111': 4, '010000': 7, '111000': 4, '000111': 8, '101111': 3, '110111': 4, '110110': 4, '000100': 6, '001100': 60, '010100': 11, '010101': 8, '100001': 11, '001110': 10, '000000': 5, '001010': 2, '110001': 8, '110101': 5, '010010': 4, '111100': 4, '111101': 2, '111011': 6, '101010': 6, '100100': 7, '000011': 3, '100101': 3, '011011': 3, '001000': 2, '011111': 3, '101101': 4, '111110': 4, '100000': 2}"
qaoa_6,1024,'101111y',"{'110001': 48, '100111': 18, '001010': 9, '111000': 23, '000111': 26, '100101': 45, '011001': 50, '001110': 35, '000001': 5, '100011': 16, '101100': 11, '100110': 51, '110011': 72, '111100': 24, '011010': 58, '000011': 31, '000101': 22, '001011': 26, '110010': 10, '001001': 24, '010011': 11, '111010': 26, '010001': 14, '000010': 4, '101110': 14, '011011': 16, '100100': 18, '011110': 13, '001100': 74, '011111': 12, '101011': 9, '011101': 1, '111111': 6, '110101': 11, '011100': 16, '101000': 18, '010111': 9, '011000': 15, '100001': 13, '001101': 16, '110110': 15, '010100': 17, '010000': 7, '110100': 15, '000110': 9, '101111': 7, '100000': 6, '111110': 7, '000000': 2, '111001': 8, '111101': 6, '001000': 2, '001111': 1, '101001': 1, '010101': 1}"
qaoa_6,1024,'110000y',"{'110010': 37, '101010': 38, '000011': 66, '111100': 49, '101000': 23, '010101': 36, '001110': 4, '010110': 35, '000000': 21, '100001': 21, '101110': 17, '111001': 19, '111110': 12, '011010': 11, '000001': 23, '000010': 19, '000101': 16, '010111': 26, '000100': 9, '100010': 16, '110011': 11, '010010': 13, '110110': 11, '111101': 25, '010000': 10, '011100': 5, '011111': 16, '001010': 19, '101001': 38, '101011': 23, '011000': 5, '111000': 6, '011110': 18, '011001': 4, '111111': 32, '111011': 12, '010001': 14, '110111': 11, '110101': 24, '010100': 18, '001100': 14, '110000': 11, '000110': 21, '101111': 11, '101100': 3, '100000': 8, '001000': 12, '100101': 4, '011011': 12, '001001': 18, '001101': 29, '000111': 7, '101101': 6, '111010': 6, '110100': 5, '001111': 7, '100100': 3, '011101': 13, '100110': 5, '100011': 7, '100111': 4, '001011': 1, '010011': 4}"
qaoa_6,1024,'110001y',"{'101110': 17, '100111': 5, '001001': 8, '111010': 15, '000101': 11, '100011': 47, '011001': 14, '010010': 33, '011100': 48, '000001': 5, '100000': 48, '101001': 27, '110101': 41, '111100': 25, '011110': 32, '000011': 32, '001010': 51, '000110': 17, '110000': 11, '001000': 15, '101101': 37, '010110': 32, '110100': 14, '111011': 18, '010011': 6, '000010': 17, '101100': 10, '011111': 50, '001110': 6, '011010': 9, '000100': 17, '111111': 6, '100101': 9, '110110': 9, '010101': 3, '010100': 7, '101000': 26, '110001': 7, '110010': 11, '010111': 18, '100110': 14, '001111': 14, '010000': 7, '111000': 7, '000111': 9, '101011': 7, '101111': 4, '011101': 11, '110111': 8, '001101': 6, '001011': 23, '100001': 19, '111110': 7, '001100': 5, '000000': 2, '111001': 9, '110011': 8, '111101': 20, '100010': 10, '010001': 13, '011000': 4, '101010': 1, '011011': 1, '100100': 1}"
qaoa_6,1024,'110010y',"{'101111': 43, '101011': 25, '000111': 17, '111001': 33, '000110': 50, '100100': 9, '010101': 34, '010001': 18, '000001': 5, '100010': 44, '101100': 35, '101010': 36, '110110': 20, '111100': 25, '011101': 53, '000011': 32, '011011': 10, '110000': 11, '010011': 40, '110100': 7, '111011': 17, '011010': 14, '010010': 7, '000010': 17, '101101': 8, '011110': 19, '001110': 6, '101001': 4, '011100': 7, '000101': 7, '000100': 15, '111111': 6, '100110': 10, '100101': 16, '111000': 14, '100001': 16, '110101': 7, '110001': 7, '110010': 11, '011000': 4, '010100': 19, '010111': 6, '001111': 14, '010000': 37, '101110': 20, '101000': 7, '110111': 14, '001000': 22, '001101': 6, '100000': 5, '001010': 10, '111110': 7, '001100': 5, '000000': 2, '001001': 17, '110011': 8, '011001': 8, '111101': 20, '111010': 9, '001011': 13, '010110': 5, '100011': 4, '011111': 7}"
qaoa_6,1024,'110011y',"{'110000': 55, '101000': 33, '001010': 40, '111001': 30, '000110': 40, '100100': 14, '010111': 28, '010010': 14, '011000': 18, '000001': 9, '100010': 22, '101011': 18, '110011': 16, '111101': 36, '011100': 43, '000010': 41, '101111': 9, '011011': 17, '001001': 1, '010100': 25, '110001': 23, '111100': 17, '011010': 20, '010011': 24, '101100': 27, '100011': 30, '011110': 7, '001111': 52, '100110': 19, '011111': 15, '000011': 11, '011101': 14, '111110': 15, '100111': 17, '100101': 20, '110101': 26, '101101': 12, '101001': 12, '011001': 17, '010110': 8, '101110': 10, '101010': 10, '111000': 3, '001100': 20, '000100': 4, '010101': 10, '000101': 2, '100000': 7, '001110': 30, '100001': 5, '000000': 2, '110111': 3, '001011': 1, '111111': 1, '000111': 1, '001000': 2, '010001': 8, '110010': 3, '010000': 2, '111011': 3, '111010': 2}"
qaoa_6,1024,'110100y',"{'110100': 32, '101010': 47, '000111': 8, '111010': 38, '000101': 45, '100011': 21, '010110': 3, '001101': 9, '010111': 19, '000001': 14, '100001': 48, '101101': 11, '110111': 41, '111100': 25, '011110': 58, '000011': 32, '001000': 51, '011100': 20, '000110': 17, '110011': 19, '010010': 13, '110101': 33, '111011': 8, '011011': 9, '010000': 15, '101111': 16, '011111': 20, '001010': 30, '100110': 11, '101011': 6, '000100': 7, '111111': 6, '100101': 10, '101000': 18, '111000': 9, '010001': 9, '010101': 31, '110010': 4, '110110': 7, '011001': 16, '001011': 34, '101110': 7, '110001': 5, '011000': 1, '111001': 11, '010100': 12, '101100': 4, '100000': 11, '001001': 10, '111110': 18, '000000': 2, '011010': 7, '111101': 9, '010011': 6, '001111': 2, '100100': 7, '110000': 5, '000010': 8, '100010': 7, '011101': 3, '001100': 12, '001110': 3, '100111': 3, '101001': 1}"
qaoa_6,1024,'110101y',"{'101100': 5, '100110': 37, '001011': 38, '110101': 41, '001010': 54, '100011': 39, '011010': 42, '010111': 54, '000001': 4, '100001': 51, '101000': 50, '100101': 43, '110011': 24, '111011': 2, '011110': 58, '000011': 29, '000110': 4, '101011': 8, '011100': 37, '011101': 13, '110000': 13, '110010': 14, '110111': 11, '101010': 9, '000010': 2, '001110': 12, '100111': 5, '001000': 6, '111111': 11, '110100': 26, '101110': 5, '110001': 24, '011011': 8, '111001': 4, '011001': 28, '000101': 6, '101001': 5, '111000': 4, '001111': 15, '010001': 6, '000111': 5, '001001': 10, '011000': 8, '100000': 6, '001101': 26, '100010': 8, '100100': 4, '000000': 5, '001100': 21, '111100': 22, '010010': 9, '010011': 1, '110110': 7, '111010': 7, '111101': 5, '010101': 6, '011111': 9, '101101': 5, '000100': 2, '010110': 5, '010100': 2, '010000': 1, '111110': 3}"
qaoa_6,1024,'110110y',"{'101111': 15, '101000': 5, '001001': 6, '111001': 13, '000110': 11, '100100': 35, '011000': 38, '010010': 7, '000001': 7, '100001': 15, '101010': 59, '110011': 15, '111100': 26, '011011': 43, '000011': 31, '101110': 25, '001010': 22, '000111': 25, '100011': 23, '110000': 10, '001000': 17, '010101': 59, '110001': 40, '111011': 15, '011010': 15, '000010': 13, '011100': 24, '011111': 17, '001110': 43, '100111': 40, '000100': 16, '011110': 11, '111110': 15, '100110': 9, '110101': 16, '110010': 9, '011001': 11, '100101': 11, '001111': 11, '100010': 6, '010000': 14, '111000': 15, '011101': 6, '101100': 8, '010110': 7, '110100': 9, '110111': 11, '001011': 13, '010100': 5, '100000': 9, '101001': 12, '000000': 2, '010001': 16, '001100': 16, '111101': 16, '110110': 5, '101101': 4, '010011': 6, '001101': 7, '010111': 4, '111010': 3, '111111': 1, '000101': 3, '101011': 3}"
qaoa_6,1024,'110111y',"{'110000': 14, '100101': 16, '001010': 76, '110110': 15, '001001': 11, '100011': 45, '011010': 15, '010011': 18, '011011': 37, '000001': 4, '100001': 17, '101000': 20, '110100': 14, '111000': 42, '011100': 57, '000111': 47, '101111': 8, '100010': 29, '110001': 50, '010111': 24, '101110': 1, '010101': 11, '000011': 7, '101010': 14, '011101': 31, '011110': 13, '001110': 55, '100100': 38, '011111': 15, '100111': 7, '110011': 14, '111111': 6, '110101': 50, '010110': 1, '101100': 17, '100110': 32, '011001': 19, '101101': 14, '001111': 13, '000100': 4, '011000': 14, '001011': 14, '100000': 7, '111110': 6, '010100': 1, '000000': 2, '001100': 13, '111001': 8, '111011': 5, '111100': 8, '111010': 1, '000110': 6, '000101': 2, '010010': 12, '001101': 1, '010000': 2, '001000': 1}"
qaoa_6,1024,'111000y',"{'110101': 15, '101100': 25, '110100': 7, '000110': 25, '111011': 46, '000100': 47, '101000': 12, '010100': 20, '001101': 9, '010110': 40, '000001': 14, '100001': 15, '101110': 37, '111000': 40, '111100': 25, '011010': 18, '000011': 32, '000111': 50, '010111': 9, '100010': 18, '110110': 45, '110011': 19, '010001': 43, '010000': 13, '101111': 14, '011100': 11, '011111': 22, '001001': 42, '101001': 37, '011001': 5, '011110': 11, '111111': 6, '101011': 17, '111001': 17, '010011': 19, '110010': 4, '101101': 10, '110111': 4, '010010': 5, '001010': 20, '011101': 14, '000101': 8, '110001': 5, '111010': 5, '011000': 8, '100000': 13, '001000': 7, '100101': 10, '111110': 18, '011011': 3, '000000': 2, '111101': 9, '001111': 2, '001011': 3, '110000': 5, '000010': 8, '100011': 7, '100111': 7, '100110': 5, '001100': 12, '001110': 3, '010101': 1, '101010': 1}"
qaoa_6,1024,'111001y',"{'101111': 13, '100111': 45, '101110': 11, '001001': 5, '111001': 22, '000110': 30, '100100': 33, '011000': 40, '010011': 18, '000001': 7, '100001': 28, '101001': 59, '110011': 15, '111100': 26, '011100': 16, '000011': 31, '001010': 10, '011011': 42, '110000': 10, '001000': 16, '010110': 58, '110001': 40, '111011': 17, '000010': 13, '011101': 8, '011111': 22, '001110': 43, '000100': 17, '011110': 22, '111110': 15, '100101': 13, '110110': 7, '101100': 15, '110010': 9, '011001': 14, '101101': 7, '010111': 4, '001111': 11, '010000': 12, '000111': 9, '100110': 9, '110100': 14, '111000': 7, '001011': 23, '110101': 7, '010101': 7, '110111': 7, '100000': 13, '000000': 2, '001100': 16, '011010': 9, '111101': 16, '111010': 6, '101000': 7, '010100': 2, '001101': 7, '010001': 3, '100011': 7, '100010': 10, '101011': 5, '111111': 1, '010010': 6, '101010': 4, '000101': 3}"
qaoa_6,1024,'111010y',"{'101110': 46, '101011': 69, '000111': 29, '111001': 49, '000110': 53, '100110': 39, '010100': 63, '010001': 36, '010101': 7, '000001': 4, '100101': 34, '101100': 29, '110011': 24, '111011': 7, '011001': 46, '000011': 29, '000101': 9, '110000': 13, '010011': 30, '110010': 14, '000010': 2, '011010': 37, '011101': 10, '001110': 12, '101010': 11, '011011': 5, '111111': 11, '101000': 7, '111000': 23, '100100': 8, '101111': 5, '110001': 24, '010111': 8, '111010': 10, '100111': 5, '000100': 8, '010110': 9, '001111': 15, '010000': 9, '101001': 7, '010010': 9, '001010': 3, '011100': 6, '001011': 9, '100011': 4, '100001': 3, '001101': 26, '100010': 4, '000000': 5, '001100': 21, '011000': 6, '111100': 22, '110110': 5, '001001': 13, '111101': 5, '001000': 1, '110100': 4, '110101': 3, '101101': 7, '011111': 3, '100000': 2, '111110': 3, '011110': 3, '110111': 1}"
qaoa_6,1024,'111011y',"{'110000': 14, '101011': 34, '001011': 49, '111001': 61, '000110': 64, '100110': 16, '010110': 16, '010010': 18, '011000': 39, '000001': 4, '100011': 31, '101100': 38, '110100': 41, '011011': 17, '101111': 10, '011001': 20, '011010': 23, '110001': 50, '001010': 14, '010011': 46, '000011': 7, '011100': 25, '011101': 10, '001110': 55, '100111': 40, '011111': 12, '110011': 14, '111111': 6, '011110': 3, '101110': 16, '010100': 22, '101001': 16, '001111': 13, '111000': 11, '000111': 20, '101101': 19, '110111': 4, '110101': 5, '000101': 9, '100010': 10, '100000': 6, '100101': 18, '111110': 6, '000000': 2, '010001': 17, '001100': 13, '111010': 12, '100001': 1, '100100': 9, '111100': 8, '101010': 1, '001000': 4, '001101': 1, '010000': 2, '000100': 1, '110110': 1}"
qaoa_6,1024,'111100y',"{'110011': 55, '101010': 15, '000111': 34, '111010': 16, '000101': 13, '100110': 21, '010111': 30, '001111': 14, '000001': 28, '100001': 36, '101110': 31, '101001': 11, '110100': 33, '111101': 15, '011011': 27, '000010': 22, '110001': 25, '001001': 20, '011001': 21, '000110': 12, '001000': 6, '010001': 30, '110010': 1, '111100': 17, '011100': 5, '011110': 40, '001100': 53, '101000': 31, '101011': 26, '011010': 13, '000011': 11, '111110': 36, '100111': 12, '110111': 11, '010110': 8, '011000': 17, '010100': 25, '111000': 20, '110000': 12, '010101': 10, '110101': 6, '110110': 10, '010000': 5, '000100': 8, '001010': 10, '101100': 2, '100000': 4, '001011': 37, '100100': 12, '000000': 2, '111001': 7, '101101': 1, '001110': 16, '010010': 2, '111011': 6, '100010': 5, '111111': 1, '100101': 16, '100011': 2, '011111': 4, '101111': 2, '010011': 2, '011101': 1}"
qaoa_6,1024,'111101y',"{'101110': 9, '100111': 46, '101101': 1, '001011': 48, '110110': 23, '001001': 20, '100010': 14, '011001': 23, '010011': 36, '011010': 17, '000010': 4, '100001': 64, '101000': 16, '110011': 15, '111000': 18, '011110': 79, '000111': 23, '101100': 42, '011101': 16, '001010': 23, '110000': 9, '010111': 23, '110001': 58, '000101': 9, '110111': 13, '011100': 17, '010110': 11, '000011': 7, '101001': 15, '001110': 59, '100101': 17, '001000': 10, '111111': 6, '100100': 10, '100110': 21, '100011': 18, '110100': 32, '011000': 35, '101111': 5, '011011': 11, '001111': 7, '010000': 7, '110101': 13, '001100': 18, '000100': 7, '111101': 6, '000000': 2, '111010': 10, '010001': 9, '010010': 1, '001101': 1, '111011': 6, '111100': 8, '111001': 1, '101010': 1, '011111': 1, '010101': 1, '100000': 1, '000110': 1}"
qaoa_6,1024,'111110y',"{'101110': 58, '100111': 14, '001001': 13, '111000': 46, '000111': 53, '100100': 39, '011001': 18, '010001': 54, '011010': 26, '000010': 4, '100011': 53, '101100': 9, '110011': 15, '111010': 16, '011100': 57, '000101': 24, '000110': 12, '001011': 21, '011011': 39, '110000': 9, '001000': 7, '010100': 25, '110001': 58, '010010': 11, '000011': 7, '101101': 15, '011110': 13, '001110': 59, '100101': 23, '101011': 22, '111111': 6, '100110': 12, '110100': 13, '010011': 11, '011000': 7, '101010': 19, '111001': 14, '010101': 15, '001010': 3, '001111': 7, '001100': 18, '110111': 5, '000100': 8, '010110': 1, '100000': 5, '111101': 6, '101000': 1, '100001': 6, '000000': 2, '111011': 11, '110110': 6, '001101': 1, '111100': 8, '101001': 3, '110101': 5, '011101': 2, '011111': 7, '010111': 1, '100010': 1}"
qaoa_6,1024,'111111y',"{'110001': 100, '100111': 42, '110000': 2, '001100': 5, '110111': 6, '001000': 9, '100100': 33, '011001': 34, '010011': 28, '000010': 4, '100011': 40, '101001': 11, '100110': 36, '111011': 4, '011011': 46, '000011': 26, '000111': 26, '101111': 8, '001101': 15, '001010': 7, '001011': 36, '010110': 15, '111000': 32, '011010': 37, '010101': 12, '101010': 16, '011100': 34, '011101': 1, '001110': 109, '100101': 34, '011110': 9, '111110': 6, '110010': 11, '101100': 25, '011000': 36, '101101': 3, '000110': 4, '101110': 5, '110100': 24, '111111': 3, '100000': 5, '110110': 1, '100010': 1, '000000': 2, '110101': 4, '101000': 2, '111100': 26, '010111': 3, '100001': 2, '001111': 2, '111001': 6, '000100': 9, '111010': 1, '101011': 1, '010001': 6, '011111': 6, '000101': 2, '010000': 1, '111101': 4, '010100': 1, '110011': 4, '000001': 1}"
qaoa_6,1024,'000000z',"{'110001': 255, '101100': 20, '001110': 277, '100110': 19, '010110': 5, '011000': 50, '000011': 25, '100100': 48, '111000': 10, '011011': 57, '000111': 15, '001011': 9, '011001': 15, '000110': 4, '110011': 6, '011100': 16, '100111': 46, '011010': 7, '001100': 6, '111100': 34, '010011': 13, '110000': 4, '110100': 12, '010001': 1, '101001': 2, '001010': 2, '010101': 7, '001101': 4, '101010': 5, '100001': 4, '001111': 4, '100011': 7, '001001': 1, '010000': 1, '101000': 1, '100101': 9, '110110': 1, '110010': 4, '101011': 1, '011110': 4, '110101': 3, '101110': 5, '010010': 1, '010111': 1, '000101': 1, '111001': 2}"
qaoa_6,1024,'000001z',"{'101110': 113, '101100': 55, '001110': 101, '110100': 11, '001011': 13, '100110': 49, '011000': 43, '010001': 103, '000011': 21, '100011': 28, '110001': 77, '111001': 11, '011001': 54, '000110': 21, '000111': 27, '100100': 18, '010011': 49, '111000': 32, '011011': 16, '011100': 32, '100111': 38, '001010': 5, '111100': 32, '110011': 17, '001100': 24, '011010': 15, '110101': 7, '100101': 8, '011110': 2, '110000': 1, '100001': 1}"
qaoa_6,1024,'000010z',"{'100111': 11, '100011': 58, '100110': 11, '001110': 101, '110100': 29, '001011': 27, '100001': 128, '011100': 46, '011010': 39, '011110': 145, '000011': 21, '100100': 28, '110001': 77, '111000': 7, '000111': 13, '001010': 18, '101100': 30, '011011': 38, '000110': 8, '110101': 21, '100101': 43, '010011': 31, '111100': 32, '011000': 12, '110011': 17, '001100': 24, '011001': 3, '111001': 4, '101110': 1, '110000': 1}"
qaoa_6,1024,'000011z',"{'101110': 44, '100110': 24, '001001': 11, '111010': 19, '000011': 63, '100011': 45, '011001': 23, '010001': 40, '011010': 23, '000001': 18, '100001': 52, '101100': 41, '110011': 59, '111100': 59, '011100': 59, '001010': 13, '000101': 20, '110001': 11, '000111': 14, '010011': 41, '011110': 52, '001100': 57, '100101': 26, '101010': 6, '111110': 25, '100100': 10, '110110': 14, '100111': 16, '110010': 4, '011011': 11, '011000': 12, '001110': 8, '000110': 8, '101001': 12, '111001': 4, '001011': 16, '110101': 6, '111000': 7, '010101': 9, '010110': 9, '001101': 9, '101011': 1, '011101': 5, '010100': 2, '111111': 1, '110100': 9, '101000': 1, '010010': 1, '000000': 1, '100010': 1, '101101': 1, '000100': 1}"
qaoa_6,1024,'000100z',"{'110001': 78, '101100': 33, '000110': 125, '111001': 100, '100110': 52, '010011': 33, '001110': 72, '011001': 55, '000011': 21, '100100': 46, '110000': 15, '111000': 46, '011011': 48, '110011': 1, '001111': 20, '011100': 9, '001011': 27, '011110': 15, '011000': 13, '101110': 24, '011010': 9, '111100': 32, '100111': 16, '110100': 34, '010001': 17, '000111': 58, '100011': 6, '100001': 7, '100101': 7, '001010': 3, '110101': 1, '001100': 1}"
qaoa_6,1024,'000101z',"{'101111': 25, '101100': 56, '000110': 107, '111001': 86, '101001': 1, '010011': 53, '010001': 87, '000011': 24, '100110': 52, '101110': 94, '111000': 51, '111011': 22, '011001': 57, '000100': 29, '010101': 2, '010100': 32, '011011': 14, '001011': 8, '011000': 13, '111100': 33, '101011': 33, '110100': 12, '010000': 24, '000111': 55, '100100': 8, '100011': 4, '001100': 5, '011010': 1, '100111': 12, '110000': 3, '110001': 2, '010110': 1, '011100': 7, '011110': 1, '110011': 2, '001111': 2, '001110': 2, '110101': 1, '001101': 1, '100001': 1, '001010': 1}"
qaoa_6,1024,'000110z',"{'101110': 11, '101001': 69, '101101': 7, '001011': 77, '110101': 11, '001010': 13, '100100': 22, '010110': 59, '010011': 54, '010111': 13, '000011': 12, '100001': 44, '101100': 63, '110011': 14, '111001': 33, '011100': 17, '000110': 37, '011011': 22, '110000': 9, '010100': 11, '110001': 45, '111000': 15, '011010': 14, '011101': 11, '011110': 46, '001110': 48, '101000': 13, '001001': 6, '000111': 12, '110010': 7, '111110': 2, '100110': 10, '110100': 51, '011001': 12, '001111': 11, '010001': 12, '111111': 3, '000101': 6, '101010': 3, '011000': 4, '100011': 6, '111100': 15, '000000': 2, '001101': 7, '101011': 5, '110110': 7, '001100': 12, '010010': 3, '100101': 14, '111010': 6, '100010': 8, '100111': 3, '111101': 1, '011111': 1, '010101': 4, '100000': 1}"
qaoa_6,1024,'000111z',"{'101110': 37, '101011': 67, '000110': 17, '111011': 45, '000100': 46, '101001': 53, '010100': 62, '010011': 51, '010101': 16, '000001': 11, '100100': 16, '101100': 50, '110110': 21, '111100': 39, '010111': 16, '000011': 44, '010110': 54, '100110': 26, '000101': 22, '110100': 11, '011001': 26, '011100': 4, '010000': 7, '011101': 5, '011011': 11, '111110': 16, '101010': 13, '111001': 16, '101111': 8, '110010': 8, '101101': 8, '010001': 34, '111010': 11, '000111': 23, '110000': 5, '001101': 2, '100000': 4, '001011': 16, '101000': 12, '011000': 8, '100011': 3, '001100': 10, '001001': 17, '110011': 7, '110101': 2, '001111': 3, '111000': 11, '001010': 4, '110111': 1, '000010': 2, '010010': 6, '011111': 4, '011110': 4, '011010': 1, '100001': 1, '111101': 4, '100101': 2, '100010': 1}"
qaoa_6,1024,'001000z',"{'110001': 78, '100111': 42, '001010': 131, '110101': 112, '100101': 47, '011000': 41, '001110': 72, '011001': 13, '000011': 21, '100011': 40, '110000': 15, '111000': 20, '011011': 20, '000111': 29, '011010': 50, '110011': 1, '001111': 20, '110100': 49, '011100': 34, '011110': 24, '001011': 52, '100110': 16, '101110': 7, '111100': 32, '101100': 17, '010011': 6, '010001': 11, '100001': 13, '100100': 9, '000110': 1, '001100': 1}"
qaoa_6,1024,'001001z',"{'101110': 41, '101000': 12, '001010': 43, '111000': 64, '000111': 72, '100011': 75, '011000': 26, '010010': 5, '011001': 13, '000011': 12, '101010': 53, '110011': 14, '011100': 85, '110000': 9, '010101': 54, '110001': 45, '000110': 9, '010100': 8, '011101': 9, '001110': 48, '100110': 13, '011110': 14, '110010': 7, '111110': 2, '100101': 9, '100111': 23, '110101': 29, '010111': 7, '011010': 12, '001111': 11, '010001': 32, '001001': 7, '101100': 9, '010110': 7, '111111': 3, '110110': 4, '001011': 12, '000101': 7, '101011': 9, '100010': 6, '101101': 4, '100001': 7, '111100': 15, '010011': 8, '101001': 10, '000000': 2, '001101': 7, '111010': 11, '110111': 2, '001100': 12, '100100': 7, '111001': 5, '110100': 8, '111101': 1, '011111': 1, '011011': 2, '001000': 1, '100000': 1}"
qaoa_6,1024,'001010z',"{'101000': 31, '100011': 55, '001010': 110, '110101': 83, '100001': 108, '011100': 48, '011000': 14, '011110': 118, '000011': 24, '100000': 28, '100101': 40, '110100': 60, '110111': 26, '001000': 27, '101100': 5, '011011': 12, '000111': 6, '011010': 36, '011111': 33, '001011': 57, '111100': 33, '100111': 10, '010011': 5, '010111': 23, '100100': 7, '010110': 1, '001100': 5, '110000': 3, '110001': 2, '110011': 2, '001111': 2, '001110': 2, '001101': 1, '010101': 1, '111000': 3, '011001': 1, '101001': 1, '101110': 1}"
qaoa_6,1024,'001011z',"{'101010': 48, '100111': 19, '001000': 47, '111000': 15, '000111': 14, '100011': 63, '011010': 22, '010101': 37, '011100': 72, '000001': 11, '100001': 47, '101000': 56, '110101': 24, '111100': 39, '011101': 6, '000011': 44, '001001': 26, '101011': 10, '010111': 57, '110100': 12, '111010': 15, '011110': 52, '010001': 3, '000101': 15, '111110': 16, '100101': 20, '110111': 33, '101110': 5, '110010': 8, '011000': 12, '100100': 6, '010100': 13, '010110': 10, '110110': 15, '110000': 5, '001101': 2, '001010': 24, '100000': 6, '001011': 18, '010011': 7, '001100': 10, '110011': 7, '001111': 3, '010000': 4, '100010': 5, '101111': 3, '101100': 4, '000010': 2, '100110': 1, '011011': 4, '011111': 9, '101001': 8, '111011': 2, '010010': 1, '111001': 2, '111101': 4, '000110': 1}"
qaoa_6,1024,'001100z',"{'110100': 48, '101101': 24, '000110': 50, '111010': 4, '000011': 63, '100110': 23, '010011': 17, '001011': 39, '010101': 12, '000010': 17, '100011': 14, '110000': 41, '111000': 45, '111100': 59, '011010': 24, '000111': 60, '011001': 28, '110101': 48, '001111': 45, '001110': 10, '110001': 12, '011011': 16, '100100': 18, '011101': 19, '001010': 50, '101001': 10, '111101': 25, '100111': 14, '101100': 12, '111001': 36, '011100': 16, '100010': 16, '010010': 14, '101110': 8, '010111': 3, '010001': 8, '101010': 13, '010110': 11, '100001': 5, '100101': 14, '000001': 1, '011000': 9, '001101': 5, '111111': 1, '011110': 7, '110010': 5, '101011': 2, '000000': 1, '110110': 1, '000100': 1}"
qaoa_6,1024,'001101z',"{'101111': 38, '101010': 54, '000111': 67, '111001': 37, '000110': 48, '101000': 18, '010101': 51, '010010': 17, '000010': 11, '100011': 21, '101011': 60, '111000': 53, '111100': 39, '011001': 30, '000011': 44, '101110': 21, '010111': 16, '010100': 60, '110100': 5, '111011': 10, '010110': 17, '010011': 13, '101100': 15, '100110': 24, '011101': 19, '010000': 40, '011000': 11, '000100': 6, '011100': 13, '111101': 17, '101101': 16, '110111': 4, '110000': 15, '111110': 3, '000101': 6, '001111': 5, '100010': 9, '100001': 2, '001010': 6, '001101': 10, '000001': 2, '001011': 9, '101001': 13, '111010': 6, '011010': 1, '001000': 2, '100111': 8, '010001': 12, '011111': 3, '110010': 3, '011011': 5, '110101': 2, '001001': 1, '100100': 1, '100000': 2, '110011': 2, '011110': 1}"
qaoa_6,1024,'001110z',"{'101011': 12, '101000': 64, '001010': 48, '110101': 36, '001001': 10, '100010': 21, '011000': 9, '010110': 43, '011010': 24, '000010': 11, '100000': 47, '110100': 55, '111100': 39, '011110': 29, '000011': 44, '101010': 16, '001011': 71, '011101': 20, '101100': 10, '010111': 57, '111010': 2, '011100': 17, '101001': 42, '011111': 50, '010001': 3, '100101': 24, '000110': 4, '111101': 17, '100100': 11, '101101': 12, '110000': 15, '011011': 12, '100011': 16, '010011': 14, '111110': 3, '000111': 6, '001111': 5, '100111': 5, '100001': 17, '010010': 12, '001101': 10, '000001': 2, '110111': 6, '010100': 9, '110110': 4, '111001': 6, '101110': 3, '000101': 3, '111000': 5, '010101': 7, '111011': 3, '110010': 3, '001000': 3, '010000': 2, '110011': 2, '101111': 2, '011001': 1}"
qaoa_6,1024,'001111z',"{'101111': 9, '101001': 23, '000011': 61, '111101': 36, '000010': 47, '101000': 73, '010110': 23, '010011': 12, '010111': 78, '000000': 25, '100011': 16, '101011': 54, '111011': 17, '111110': 37, '011000': 6, '000001': 39, '110100': 6, '101101': 17, '010100': 60, '111000': 12, '011010': 8, '100101': 13, '011101': 10, '001000': 12, '011111': 15, '011100': 11, '111111': 34, '111100': 43, '110010': 3, '101100': 6, '101010': 32, '110111': 18, '010101': 20, '100010': 10, '001011': 11, '110011': 1, '100000': 7, '000101': 12, '001001': 10, '011001': 11, '100001': 1, '000111': 13, '000100': 14, '001110': 7, '110110': 7, '010000': 3, '100111': 3, '011011': 6, '100110': 5, '111010': 8, '010010': 8, '110001': 5, '001101': 3, '100100': 1, '000110': 1, '110101': 1}"
qaoa_6,1024,'010000z',"{'101110': 22, '100110': 39, '001100': 123, '110011': 102, '100100': 40, '011010': 32, '010011': 40, '000110': 1, '100011': 53, '100111': 31, '110001': 88, '011100': 57, '011011': 43, '011000': 36, '000111': 7, '101100': 41, '011110': 24, '001110': 100, '100101': 31, '111100': 11, '011001': 30, '110000': 9, '001111': 12, '001011': 7, '100001': 13, '000011': 5, '010001': 9, '110100': 9, '111000': 7, '110101': 1, '111001': 1}"
qaoa_6,1024,'010001z',"{'101110': 92, '100111': 48, '001100': 116, '111001': 6, '000101': 30, '100110': 51, '011000': 44, '010001': 84, '000001': 16, '100011': 49, '101100': 43, '110011': 90, '111011': 20, '011011': 17, '000100': 30, '011001': 52, '000111': 12, '010011': 46, '111010': 33, '011100': 56, '111110': 22, '110001': 7, '001110': 5, '100001': 4, '110000': 1, '100100': 6, '111000': 6, '111100': 10, '000011': 6, '010101': 2, '100101': 7, '011010': 3, '011110': 5, '001011': 1, '101001': 2, '110010': 1, '000110': 1}"
qaoa_6,1024,'010010z',"{'101100': 39, '100011': 55, '001100': 116, '110110': 33, '001001': 30, '100001': 104, '011100': 52, '011001': 9, '000001': 16, '100101': 39, '110011': 90, '110111': 22, '011110': 122, '001000': 29, '001010': 2, '011011': 41, '011010': 33, '010001': 5, '100100': 40, '111110': 22, '100110': 5, '110001': 7, '100111': 13, '010011': 36, '101110': 6, '001110': 5, '110000': 1, '110101': 5, '001011': 11, '111100': 10, '000011': 6, '011000': 11, '000110': 1, '111000': 1, '101101': 1, '110100': 4, '000111': 1, '110010': 1}"
qaoa_6,1024,'010011z',"{'110011': 111, '101100': 35, '000100': 8, '111110': 112, '000001': 117, '100111': 5, '010011': 36, '001100': 111, '100011': 43, '110111': 15, '011010': 18, '000101': 34, '011000': 6, '110110': 40, '010111': 15, '011100': 36, '011110': 12, '001001': 39, '101011': 14, '011001': 11, '101010': 5, '101000': 17, '111011': 12, '101110': 14, '101111': 3, '010100': 14, '010000': 2, '010001': 12, '101001': 3, '000011': 8, '111010': 22, '100000': 4, '100101': 10, '011011': 9, '101101': 3, '100001': 5, '001000': 13, '010110': 5, '000111': 1, '111000': 1, '001010': 4, '111001': 3, '010101': 4, '100110': 11, '000110': 4, '011111': 4, '110010': 7, '001101': 2, '100100': 1, '001111': 1, '110000': 1, '110101': 1}"
qaoa_6,1024,'010100z',"{'101110': 40, '100110': 63, '001011': 13, '111001': 45, '000110': 41, '100100': 70, '011001': 56, '010011': 41, '000100': 22, '100011': 21, '101011': 14, '110011': 46, '111010': 14, '011011': 83, '000101': 20, '001100': 52, '001001': 3, '101101': 4, '010101': 9, '110001': 11, '101100': 45, '011100': 20, '010001': 40, '011101': 6, '101001': 5, '111100': 10, '100101': 12, '010100': 15, '110010': 7, '110000': 15, '011010': 12, '001010': 2, '111000': 17, '000111': 25, '100111': 13, '110101': 1, '001111': 5, '010110': 9, '011000': 7, '100001': 5, '001101': 11, '001110': 19, '000001': 1, '101010': 5, '111011': 23, '100010': 2, '110100': 6, '101000': 2, '111111': 1, '110110': 1, '011110': 7, '010000': 1, '000011': 2, '000000': 1, '010111': 3}"
qaoa_6,1024,'010101z',"{'101110': 125, '101101': 16, '000100': 126, '111011': 110, '101011': 38, '010011': 37, '010001': 112, '000011': 3, '100110': 42, '111001': 18, '011001': 42, '000101': 35, '010100': 37, '011000': 8, '101111': 8, '110111': 2, '011100': 16, '001100': 12, '101100': 33, '010110': 4, '111110': 10, '010010': 14, '111000': 9, '110011': 9, '110110': 20, '010000': 11, '111010': 23, '001001': 15, '100100': 3, '100001': 2, '000111': 14, '100111': 3, '011011': 5, '100011': 7, '000001': 3, '000110': 15, '001000': 5, '110010': 3, '101001': 4, '010101': 2, '011111': 3, '101010': 3, '001010': 1, '001111': 2, '000010': 1, '001101': 1, '110000': 2, '100000': 2, '111100': 3, '011110': 1, '111101': 1, '001011': 1, '110101': 2}"
qaoa_6,1024,'010110z',"{'101101': 12, '101001': 60, '001001': 69, '111001': 5, '000101': 17, '100100': 46, '010110': 50, '010011': 50, '011001': 8, '000001': 25, '100010': 3, '101011': 12, '110100': 15, '111100': 9, '011011': 63, '000011': 14, '000100': 21, '001000': 12, '100011': 28, '110010': 11, '010100': 15, '110011': 49, '000010': 3, '111011': 22, '101100': 55, '011100': 24, '011110': 22, '001100': 53, '100110': 7, '010111': 7, '111110': 34, '100101': 13, '101000': 6, '110110': 44, '011101': 1, '100001': 17, '101110': 6, '011010': 13, '100111': 7, '001101': 8, '010000': 2, '101111': 1, '101010': 2, '100000': 4, '001111': 4, '110111': 6, '001011': 13, '111010': 18, '010001': 8, '011000': 6, '010010': 5, '111000': 2, '110101': 2, '011111': 5, '000110': 3, '010101': 4, '111101': 1, '110000': 1, '001010': 1}"
qaoa_6,1024,'010111z',"{'110111': 5, '101110': 37, '000100': 119, '111110': 91, '000001': 83, '101011': 48, '010011': 38, '001001': 35, '101001': 46, '110011': 26, '101101': 9, '111011': 85, '010101': 19, '110110': 41, '010100': 46, '111010': 50, '001101': 13, '001100': 23, '010110': 45, '000101': 49, '101100': 35, '010111': 10, '101111': 3, '010010': 4, '010001': 29, '010000': 4, '110010': 7, '100110': 2, '101010': 6, '000000': 2, '111101': 1, '000011': 2, '101000': 3, '001000': 1, '111111': 1, '011101': 2, '011111': 1, '100010': 1, '011000': 1, '100000': 1}"
qaoa_6,1024,'011000z',"{'101010': 9, '100101': 63, '101001': 5, '001011': 20, '110101': 45, '001010': 51, '100011': 48, '011010': 56, '011000': 61, '000101': 2, '100001': 53, '100111': 54, '110011': 46, '110111': 25, '011100': 57, '001000': 30, '001001': 14, '001100': 52, '101100': 16, '101000': 19, '110001': 11, '000111': 9, '011110': 58, '010001': 6, '111100': 10, '100100': 9, '110010': 7, '101110': 8, '110000': 15, '011011': 12, '110110': 16, '010011': 19, '100110': 15, '110100': 11, '001111': 5, '011001': 11, '001101': 11, '101011': 1, '001110': 19, '000001': 1, '010101': 9, '010010': 2, '010110': 3, '111000': 8, '111111': 1, '011101': 1, '010111': 12, '010000': 1, '000011': 2, '000000': 1, '111001': 1, '101101': 1, '010100': 1, '111010': 1}"
qaoa_6,1024,'011001z',"{'101110': 20, '100111': 61, '001000': 20, '111010': 58, '000101': 62, '100011': 68, '011000': 55, '010011': 22, '000001': 25, '101010': 40, '110110': 18, '111100': 9, '011100': 74, '000011': 14, '110010': 11, '000111': 16, '010101': 44, '110011': 49, '000010': 3, '011010': 8, '011101': 11, '001100': 53, '011110': 11, '101001': 3, '111110': 34, '100110': 11, '110111': 16, '110101': 7, '101111': 4, '101100': 20, '101000': 19, '011001': 15, '010111': 13, '000100': 7, '001101': 8, '010000': 5, '101011': 4, '001001': 24, '111000': 7, '010110': 4, '100010': 8, '100001': 5, '001111': 4, '001011': 1, '011011': 5, '010001': 10, '111001': 1, '001010': 5, '100101': 9, '111011': 7, '100100': 5, '011111': 3, '010100': 3, '100000': 2, '111101': 1, '000110': 1, '110000': 1}"
qaoa_6,1024,'011010z',"{'101010': 4, '100010': 20, '101001': 4, '001000': 133, '110111': 110, '100001': 138, '011110': 149, '010111': 25, '000011': 3, '100101': 29, '110110': 34, '101000': 33, '101111': 2, '011100': 35, '110101': 8, '011010': 27, '000101': 8, '001100': 12, '011111': 15, '100011': 32, '111110': 10, '011101': 12, '101100': 10, '110011': 9, '110100': 20, '010011': 17, '001001': 39, '001011': 17, '100000': 7, '000001': 3, '001010': 10, '110010': 3, '011000': 2, '010110': 2, '000100': 2, '111010': 11, '111001': 1, '010101': 2, '000110': 3, '101110': 1, '100111': 3, '100100': 2, '001111': 2, '000010': 1, '001101': 1, '110000': 2, '011011': 4, '111100': 3, '010001': 2, '111101': 1, '101101': 1}"
qaoa_6,1024,'011011z',"{'110111': 101, '101010': 52, '110110': 43, '000101': 45, '111110': 91, '000001': 83, '101000': 54, '010101': 40, '001001': 36, '010111': 56, '100001': 30, '110011': 26, '011100': 40, '001000': 117, '001101': 13, '001100': 23, '100010': 7, '011110': 31, '010110': 10, '101011': 5, '101001': 12, '111010': 35, '010100': 9, '110010': 7, '100000': 4, '100011': 27, '000000': 2, '111101': 1, '000011': 2, '000100': 6, '011101': 8, '111111': 1, '011111': 5, '111011': 2}"
qaoa_6,1024,'011100z',"{'101111': 15, '101000': 18, '001001': 11, '111001': 19, '000110': 20, '100100': 29, '011000': 36, '010010': 13, '000001': 9, '100001': 23, '101010': 23, '110011': 23, '111100': 21, '011100': 20, '000011': 28, '000100': 15, '101110': 19, '001010': 19, '011011': 31, '110000': 13, '001000': 15, '010101': 28, '110010': 35, '111011': 21, '011010': 12, '010100': 9, '000010': 11, '011101': 15, '100010': 17, '011111': 21, '001101': 33, '100111': 34, '101001': 30, '011110': 17, '111110': 14, '100110': 9, '110110': 11, '010111': 12, '101101': 10, '011001': 12, '010110': 27, '100101': 14, '001111': 14, '010000': 17, '111000': 11, '000111': 17, '101100': 9, '110100': 8, '110111': 9, '001011': 13, '110101': 13, '000101': 10, '101011': 11, '100000': 12, '001100': 24, '100011': 7, '010011': 7, '111101': 13, '111010': 7, '010001': 10}"
qaoa_6,1024,'011101z',"{'101111': 46, '101011': 51, '000101': 55, '111011': 47, '000100': 53, '101010': 75, '010101': 76, '010001': 24, '000001': 38, '100110': 25, '101100': 17, '110110': 25, '111110': 33, '010111': 16, '000011': 8, '101110': 30, '010100': 51, '110010': 14, '010010': 15, '011000': 15, '011101': 14, '010000': 44, '010110': 11, '011010': 2, '111111': 11, '111010': 34, '011001': 21, '010011': 14, '100101': 3, '111100': 9, '100100': 7, '000010': 6, '101101': 18, '110111': 4, '011100': 2, '100010': 7, '001001': 25, '101000': 11, '011011': 6, '001101': 16, '000000': 5, '001000': 4, '111101': 7, '100111': 7, '111000': 2, '101001': 9, '011111': 3, '001011': 2, '100000': 2, '110011': 1, '100011': 2, '110001': 1}"
qaoa_6,1024,'011110z',"{'101001': 63, '100111': 13, '001000': 53, '111010': 20, '000101': 20, '100010': 23, '011010': 18, '010110': 49, '011100': 20, '000001': 38, '100000': 52, '101000': 46, '110110': 46, '111110': 33, '011110': 41, '000011': 8, '001001': 58, '011101': 23, '101011': 9, '010111': 48, '110010': 14, '111011': 9, '011111': 52, '010010': 18, '100011': 18, '011011': 11, '000100': 6, '111111': 11, '100100': 12, '110111': 35, '101010': 10, '101101': 17, '101111': 2, '111100': 9, '100101': 18, '000010': 6, '010100': 8, '010101': 15, '011000': 8, '100001': 25, '001101': 16, '000000': 5, '101100': 2, '111101': 7, '111000': 2, '011001': 1, '001011': 2, '010011': 2, '110011': 1, '110001': 1}"
qaoa_6,1024,'011111z',"{'111010': 45, '101101': 16, '000001': 141, '111110': 106, '101010': 42, '010100': 32, '000101': 43, '000000': 69, '101000': 37, '110110': 39, '101011': 31, '111111': 75, '010110': 48, '010101': 41, '111011': 17, '001001': 46, '010111': 30, '000100': 18, '011101': 13, '110010': 17, '111101': 17, '001101': 10, '010010': 11, '110111': 15, '001000': 13, '000010': 8, '100010': 7, '101001': 31, '010000': 1, '011111': 2, '101111': 2, '100000': 1}"
qaoa_6,1024,'100000z',"{'110000': 112, '101100': 16, '001011': 50, '110100': 40, '001010': 20, '100110': 31, '011000': 42, '001111': 105, '000110': 15, '100100': 45, '100111': 42, '110001': 88, '111000': 43, '011010': 35, '000111': 43, '001100': 10, '011001': 31, '011011': 43, '001110': 100, '011100': 13, '111100': 11, '010011': 11, '110011': 6, '100011': 7, '100101': 23, '000011': 5, '110101': 16, '111001': 15, '010001': 1, '011110': 2, '101110': 2, '100001': 1}"
qaoa_6,1024,'100001z',"{'101110': 44, '100111': 79, '001100': 8, '111000': 49, '000111': 49, '100110': 46, '011000': 72, '010001': 35, '000101': 2, '100100': 16, '101100': 21, '110000': 49, '111001': 36, '011001': 63, '000110': 40, '001110': 18, '001101': 5, '100101': 18, '101111': 32, '001011': 18, '010100': 18, '010011': 16, '011100': 15, '010000': 33, '101010': 8, '011011': 10, '111100': 10, '110011': 7, '101000': 3, '010111': 2, '110101': 7, '011010': 18, '001010': 11, '101101': 14, '101001': 9, '110100': 13, '010010': 13, '110010': 6, '010101': 12, '001111': 56, '101011': 9, '100010': 2, '100011': 7, '000001': 1, '110001': 9, '111111': 1, '011110': 3, '001001': 1, '010110': 3, '000011': 2, '000000': 1, '100001': 2, '011101': 1, '111010': 1}"
qaoa_6,1024,'100010z',"{'101000': 14, '100100': 77, '001100': 8, '110100': 41, '001011': 53, '100010': 21, '011011': 70, '011001': 14, '011100': 21, '000101': 2, '100000': 33, '100101': 40, '110000': 49, '110101': 42, '011110': 57, '001010': 47, '001110': 18, '011101': 22, '001101': 5, '101010': 6, '100111': 15, '011010': 40, '000110': 5, '100001': 44, '011111': 36, '010011': 16, '100011': 20, '111100': 10, '110011': 7, '101001': 8, '100110': 11, '101100': 16, '101110': 2, '010110': 11, '110010': 6, '000111': 13, '010010': 4, '001111': 56, '000001': 1, '111000': 16, '010111': 12, '110001': 9, '111001': 5, '111111': 1, '011000': 8, '010101': 3, '000011': 2, '101101': 3, '000000': 1, '110110': 1, '001001': 1, '111010': 1}"
qaoa_6,1024,'100011z',"{'101111': 15, '101000': 18, '001001': 11, '111001': 19, '000110': 20, '100100': 29, '011000': 36, '010010': 13, '000001': 9, '100001': 23, '101010': 23, '110011': 23, '111100': 21, '011100': 20, '000011': 28, '000100': 15, '101110': 19, '001010': 19, '011011': 31, '110000': 13, '001000': 15, '010101': 28, '110010': 35, '111011': 21, '011010': 12, '010100': 9, '000010': 11, '011101': 15, '100010': 17, '011111': 21, '001101': 33, '100111': 34, '101001': 30, '011110': 17, '111110': 14, '100110': 9, '110110': 11, '010111': 12, '101101': 10, '011001': 12, '010110': 27, '100101': 14, '001111': 14, '010000': 17, '111000': 11, '000111': 17, '101100': 9, '110100': 8, '110111': 9, '001011': 13, '110101': 13, '000101': 10, '101011': 11, '100000': 12, '001100': 24, '100011': 7, '010011': 7, '111101': 13, '111010': 7, '010001': 10}"
qaoa_6,1024,'100100z',"{'110000': 89, '101110': 7, '000111': 54, '111001': 85, '000110': 106, '100110': 44, '010010': 33, '001111': 87, '000010': 16, '100100': 44, '101101': 34, '111000': 45, '011001': 57, '110100': 46, '011010': 9, '011011': 46, '001011': 50, '101100': 10, '101111': 33, '111101': 22, '100111': 9, '110101': 7, '011000': 9, '010000': 27, '010011': 9, '001110': 3, '110001': 2, '010001': 6, '111100': 10, '001010': 4, '000011': 6, '100101': 7, '001101': 1, '011100': 2, '101001': 1, '011110': 1, '100011': 1, '110011': 1, '100001': 1}"
qaoa_6,1024,'100101z',"{'101111': 119, '101101': 36, '000110': 136, '111001': 107, '101011': 38, '010010': 36, '010000': 111, '000011': 3, '100110': 42, '111000': 35, '011001': 42, '010100': 37, '011000': 8, '110101': 3, '000100': 7, '011101': 16, '001100': 3, '101100': 13, '010110': 4, '111101': 10, '110010': 4, '110100': 20, '010011': 15, '010001': 12, '000101': 9, '001011': 17, '000111': 38, '100100': 3, '100000': 4, '100111': 3, '001111': 9, '011011': 5, '101110': 14, '100010': 7, '000001': 2, '111010': 11, '001000': 2, '110000': 7, '110011': 3, '111011': 7, '111110': 1, '101001': 4, '010101': 2, '011111': 4, '001001': 2, '110111': 1, '101010': 3, '000010': 2, '001101': 3, '111100': 3, '001010': 1}"
qaoa_6,1024,'100110z',"{'101101': 58, '101001': 56, '001011': 67, '111000': 20, '000111': 18, '100100': 46, '010111': 20, '010010': 44, '011001': 17, '000010': 26, '100010': 29, '101011': 7, '110100': 49, '111100': 9, '011011': 63, '000011': 14, '000110': 17, '001000': 2, '110000': 47, '010110': 49, '111001': 23, '011101': 24, '011111': 24, '001111': 49, '100110': 14, '110011': 3, '011110': 3, '111101': 34, '100101': 6, '101000': 15, '010011': 11, '100001': 8, '101111': 5, '110010': 11, '100111': 7, '000100': 6, '010000': 9, '110110': 11, '001001': 21, '101100': 9, '110101': 5, '100000': 13, '001101': 12, '000001': 2, '001100': 4, '110111': 2, '011010': 4, '011000': 6, '111011': 4, '111110': 1, '001010': 5, '010001': 1, '010100': 4, '010101': 3, '101110': 2, '101010': 2, '100011': 2, '011100': 1}"
qaoa_6,1024,'100111z',"{'101111': 40, '101010': 16, '000110': 37, '111011': 45, '000100': 52, '101001': 76, '010110': 76, '010010': 39, '000001': 4, '100010': 22, '101011': 45, '111000': 22, '111101': 37, '011001': 27, '000010': 40, '000011': 8, '100100': 11, '000101': 19, '101101': 47, '010100': 46, '110100': 3, '100101': 4, '011101': 22, '010000': 41, '010111': 12, '011000': 7, '111111': 11, '111001': 26, '110110': 10, '110010': 15, '111100': 9, '010101': 14, '011011': 9, '111010': 12, '110001': 4, '001101': 15, '100000': 5, '001001': 17, '100110': 16, '011100': 4, '000000': 5, '000111': 19, '011010': 3, '100111': 5, '101000': 11, '101100': 2, '011111': 7, '010011': 2, '111110': 3, '001011': 1, '100011': 1}"
qaoa_6,1024,'101000z',"{'110000': 89, '100111': 51, '001010': 114, '110101': 90, '100100': 14, '011001': 13, '001111': 87, '011010': 50, '000010': 16, '100000': 28, '111000': 41, '011101': 43, '000111': 45, '011011': 15, '100001': 6, '110100': 50, '100010': 31, '011111': 33, '001011': 50, '100101': 51, '011100': 5, '111101': 22, '011000': 37, '100110': 6, '001110': 3, '011110': 3, '110001': 2, '111100': 10, '000011': 6, '100011': 3, '001101': 1, '001001': 1, '000110': 4, '111001': 2, '110011': 1, '101001': 1}"
qaoa_6,1024,'101001z',"{'101111': 18, '100111': 61, '001000': 5, '111000': 48, '000111': 65, '100011': 16, '011000': 55, '010010': 22, '000010': 26, '100010': 60, '101010': 40, '110100': 22, '111100': 9, '011101': 68, '000011': 14, '000101': 12, '001010': 21, '011100': 17, '110000': 47, '101110': 6, '010101': 47, '111001': 11, '011010': 18, '001111': 49, '011110': 5, '000110': 7, '110011': 3, '111101': 34, '100101': 16, '110111': 7, '101101': 19, '110010': 11, '101000': 8, '111010': 12, '010111': 4, '010000': 15, '101011': 11, '101001': 7, '001011': 24, '110101': 12, '010100': 11, '011001': 5, '100000': 6, '001101': 12, '100110': 4, '000001': 2, '001100': 4, '011011': 5, '100001': 1, '111011': 2, '111110': 1, '100100': 5, '011111': 9, '010110': 2, '000100': 2, '101100': 1}"
qaoa_6,1024,'101010z',"{'101010': 4, '100010': 43, '101001': 4, '001010': 137, '110101': 117, '100000': 134, '011110': 13, '010111': 25, '011111': 151, '000011': 3, '100101': 29, '001001': 15, '101000': 33, '101111': 2, '011100': 16, '110100': 40, '011010': 27, '000110': 2, '001100': 3, '100011': 9, '111101': 10, '011101': 31, '101101': 11, '110010': 4, '100001': 11, '010010': 16, '000111': 9, '001011': 41, '001111': 9, '000001': 2, '110111': 8, '110110': 7, '110000': 7, '011000': 2, '010110': 2, '000100': 2, '110011': 3, '111000': 10, '111001': 2, '010101': 2, '111110': 1, '001000': 6, '101110': 1, '010011': 1, '100111': 3, '100100': 2, '000010': 2, '011011': 4, '001101': 3, '111100': 3, '010001': 1, '010000': 1}"
qaoa_6,1024,'101011z',"{'101011': 11, '101000': 57, '001001': 14, '110111': 37, '001000': 53, '100010': 46, '011000': 8, '010101': 53, '011010': 21, '000001': 4, '100000': 53, '101001': 8, '110101': 30, '111101': 37, '011101': 58, '000010': 40, '000011': 8, '101010': 63, '101101': 14, '010110': 11, '110100': 17, '111010': 14, '011111': 58, '010000': 7, '100101': 23, '000101': 13, '111111': 11, '100100': 5, '100111': 8, '110110': 18, '010111': 51, '101100': 3, '101111': 8, '110010': 15, '011011': 8, '111100': 9, '100011': 2, '010010': 21, '001010': 43, '110001': 4, '001101': 15, '001011': 20, '000000': 5, '010100': 11, '011001': 2, '000111': 2, '111000': 1, '111110': 3, '111011': 1}"
qaoa_6,1024,'101100z',"{'110000': 116, '101101': 38, '000110': 8, '111101': 111, '000010': 115, '100111': 5, '010010': 35, '001111': 110, '010011': 1, '100010': 42, '110111': 4, '011010': 18, '000111': 39, '011000': 6, '110100': 37, '010111': 15, '011101': 36, '011110': 1, '001011': 42, '101011': 14, '011111': 15, '011001': 11, '110101': 15, '101010': 5, '101000': 17, '111001': 10, '101111': 13, '010100': 14, '010000': 10, '101001': 3, '000011': 8, '111000': 25, '010001': 4, '100000': 7, '100101': 10, '001100': 1, '011011': 9, '100001': 2, '000001': 2, '001010': 12, '010110': 5, '101110': 4, '001000': 2, '110010': 2, '111110': 1, '010101': 4, '100110': 11, '111011': 3, '110011': 1, '001101': 3, '100100': 1, '100011': 1}"
qaoa_6,1024,'101101z',"{'101111': 92, '101011': 59, '000110': 30, '111101': 92, '000010': 83, '101010': 41, '010100': 52, '010000': 84, '100010': 49, '101101': 43, '110010': 17, '010111': 9, '000111': 33, '010101': 45, '010010': 46, '110000': 32, '011101': 56, '010110': 10, '111001': 21, '111010': 8, '111000': 21, '110001': 1, '001111': 35, '100000': 4, '101000': 6, '000000': 2, '001101': 15, '000011': 2, '000100': 6, '011001': 2, '001001': 1, '000101': 10, '111111': 1, '101001': 8, '011111': 5, '111011': 2, '110110': 1}"
qaoa_6,1024,'101110z',"{'101101': 40, '100010': 55, '001010': 30, '111101': 92, '000010': 83, '100000': 104, '011101': 51, '010110': 33, '101000': 43, '110010': 17, '011111': 122, '001011': 34, '010111': 43, '110000': 32, '101001': 33, '010000': 5, '110101': 20, '101010': 10, '101011': 8, '010010': 36, '101111': 6, '110110': 7, '011000': 1, '110100': 22, '110001': 1, '001111': 35, '011100': 1, '000000': 2, '010101': 11, '001101': 15, '000011': 2, '001000': 8, '001001': 8, '111111': 1, '010100': 6, '100100': 1, '100111': 1, '100110': 1, '110111': 4}"
qaoa_6,1024,'101111z',"{'101111': 22, '101010': 50, '000010': 141, '111101': 116, '101000': 32, '010110': 40, '010010': 40, '000000': 69, '100010': 53, '101011': 20, '111111': 75, '011101': 57, '010111': 35, '110110': 9, '010100': 31, '101101': 41, '011111': 24, '000101': 12, '101001': 39, '000001': 8, '010101': 35, '110010': 10, '111010': 11, '001001': 7, '001101': 16, '100000': 13, '111110': 7, '010000': 9, '000100': 2}"
qaoa_6,1024,'110000z',"{'101110': 9, '100110': 72, '001101': 63, '110011': 42, '001100': 44, '100101': 71, '011001': 70, '010011': 14, '011010': 78, '000101': 6, '100011': 20, '100111': 20, '110001': 47, '110101': 9, '011011': 31, '001001': 9, '001011': 9, '110000': 40, '101101': 13, '011000': 18, '000110': 7, '100100': 22, '011101': 9, '001111': 43, '011110': 14, '011100': 12, '111110': 2, '110010': 41, '101100': 10, '110100': 10, '001010': 15, '101011': 5, '111111': 3, '010111': 5, '101000': 6, '100010': 6, '100001': 7, '001110': 48, '111010': 6, '010110': 4, '000000': 2, '111000': 9, '110110': 5, '010101': 2, '010001': 3, '111001': 10, '101010': 5, '000111': 8, '111101': 1, '010010': 6, '010100': 4, '111100': 2, '011111': 1, '101001': 3, '110111': 1, '000011': 1, '100000': 1}"
qaoa_6,1024,'110001z',"{'101110': 41, '100111': 60, '001010': 2, '111010': 62, '000101': 63, '100110': 65, '011000': 48, '010010': 14, '011001': 67, '000100': 35, '100011': 22, '101011': 15, '110010': 51, '011010': 23, '001100': 23, '101111': 18, '000111': 6, '010101': 15, '010011': 16, '101100': 19, '011011': 15, '100100': 15, '011101': 18, '010000': 18, '101010': 9, '011100': 14, '111110': 7, '110011': 18, '010100': 16, '101101': 12, '110000': 9, '010001': 34, '000110': 8, '001000': 7, '111001': 4, '001101': 59, '111000': 5, '001111': 5, '010111': 1, '100000': 4, '100101': 10, '111100': 3, '100010': 8, '000001': 2, '111011': 30, '001001': 3, '010110': 6, '110110': 5, '101001': 2, '101000': 2, '011111': 4, '111101': 1, '000011': 2, '001011': 1, '000010': 1, '110100': 1}"
qaoa_6,1024,'110010z',"{'101001': 13, '100100': 55, '001011': 5, '110110': 56, '001001': 64, '100010': 14, '011011': 55, '010111': 21, '000100': 4, '100001': 51, '100101': 58, '110010': 51, '110111': 35, '011110': 55, '001000': 39, '001100': 23, '011101': 17, '101100': 11, '011010': 59, '101000': 19, '011100': 20, '011001': 11, '000101': 3, '100110': 13, '011111': 24, '010001': 1, '111110': 7, '100011': 23, '110011': 18, '101101': 11, '110000': 9, '010011': 15, '001010': 8, '100111': 11, '001101': 59, '001111': 5, '100000': 13, '010010': 11, '111100': 3, '000001': 2, '010101': 5, '010000': 4, '110100': 3, '011000': 6, '010110': 3, '101111': 4, '111000': 1, '111010': 5, '110101': 3, '111101': 1, '101010': 5, '000011': 2, '010100': 2, '101110': 1, '111001': 1, '111011': 3, '000110': 1, '000111': 1, '000010': 1}"
qaoa_6,1024,'110011z',"{'110110': 53, '101101': 20, '000101': 52, '111011': 47, '000100': 49, '101000': 19, '010011': 19, '001100': 25, '010100': 23, '000001': 41, '100011': 22, '110010': 59, '110111': 45, '111110': 36, '011000': 16, '000011': 6, '110011': 31, '010111': 21, '001101': 59, '010110': 14, '011011': 11, '100100': 18, '011101': 16, '001001': 44, '101011': 25, '011100': 19, '111111': 11, '101010': 10, '101100': 16, '101001': 16, '111010': 36, '010010': 12, '101111': 8, '010101': 12, '111100': 5, '010000': 8, '001000': 59, '100010': 8, '100000': 5, '100111': 6, '000000': 5, '011010': 5, '011001': 1, '011111': 7, '111101': 1, '001110': 1, '001011': 1, '110001': 1}"
qaoa_6,1024,'110100z',"{'101111': 37, '100111': 18, '001011': 16, '111000': 21, '000111': 22, '100110': 66, '011001': 72, '010010': 51, '000100': 15, '100100': 54, '101101': 57, '110010': 45, '111001': 39, '011011': 62, '000110': 43, '101110': 8, '001101': 60, '001010': 3, '010100': 24, '110000': 27, '000101': 10, '011101': 8, '010000': 40, '101011': 14, '011010': 11, '111101': 7, '110011': 5, '011000': 12, '101001': 14, '010110': 11, '001100': 2, '110110': 10, '001001': 12, '010111': 1, '101010': 8, '110100': 9, '001111': 24, '100000': 4, '111100': 3, '100010': 4, '000001': 2, '111010': 11, '111011': 15, '111110': 1, '110101': 1, '100101': 12, '011111': 5, '010011': 6, '110111': 3, '101000': 3, '011110': 3, '001000': 5, '010101': 1, '101100': 1, '000011': 2, '100001': 1, '010001': 1, '011100': 1, '000010': 1}"
qaoa_6,1024,'110101z',"{'101111': 91, '101101': 56, '000101': 45, '111011': 89, '000100': 97, '101011': 48, '010010': 53, '010000': 81, '100110': 35, '111001': 28, '010101': 15, '010100': 50, '010001': 30, '110010': 42, '010110': 16, '011001': 33, '001101': 45, '011011': 3, '101110': 28, '111110': 6, '111010': 32, '110110': 8, '000110': 36, '100010': 4, '101010': 10, '111101': 4, '000000': 2, '001001': 7, '101000': 4, '111111': 1, '101001': 8, '010111': 3, '011101': 7, '011111': 1, '110011': 1, '000010': 1, '110111': 1, '100100': 1, '000001': 1, '100000': 1}"
qaoa_6,1024,'110110z',"{'101110': 2, '101000': 18, '101101': 61, '001001': 79, '111011': 40, '000100': 40, '100100': 59, '011001': 13, '010010': 49, '011011': 63, '000000': 25, '100000': 45, '101100': 9, '110110': 63, '111101': 11, '011100': 11, '000001': 10, '000011': 4, '110010': 21, '000111': 5, '010100': 14, '011101': 17, '011111': 47, '001101': 19, '011010': 11, '101010': 3, '111111': 34, '100101': 13, '010011': 8, '010111': 12, '101111': 9, '101001': 25, '110100': 15, '111100': 4, '010110': 20, '100110': 9, '000010': 14, '011000': 2, '001110': 6, '001000': 10, '010000': 12, '111010': 11, '000101': 17, '110001': 3, '111000': 4, '110111': 5, '110011': 2, '001011': 10, '100111': 5, '010101': 4, '101011': 7, '100011': 5, '111110': 6, '100010': 9, '001010': 2, '001111': 1, '001100': 1}"
qaoa_6,1024,'110111z',"{'111010': 45, '101101': 33, '000100': 141, '111110': 18, '000001': 19, '101010': 15, '010010': 33, '001001': 25, '010100': 53, '000000': 69, '101000': 17, '110010': 31, '111011': 116, '111111': 75, '010110': 47, '010101': 15, '101001': 36, '001101': 34, '011101': 9, '101011': 53, '011111': 15, '101111': 24, '010111': 10, '110110': 22, '010000': 17, '000101': 36, '100010': 6, '100000': 7, '000010': 3}"
qaoa_6,1024,'111000z',"{'101000': 20, '100101': 65, '001011': 20, '110101': 38, '001010': 48, '100010': 59, '011010': 65, '011000': 42, '011100': 10, '000100': 2, '100000': 47, '100110': 12, '110010': 45, '110111': 16, '011101': 68, '001000': 23, '001001': 13, '001101': 60, '101010': 10, '110000': 27, '110110': 18, '000101': 9, '100111': 44, '011111': 50, '010000': 5, '100011': 9, '011011': 11, '111101': 7, '100100': 13, '110011': 5, '011001': 11, '101001': 4, '101111': 8, '001100': 2, '010101': 11, '010110': 5, '110100': 13, '001111': 24, '010010': 8, '111100': 3, '011110': 11, '000001': 2, '111000': 11, '010111': 10, '111010': 9, '101101': 4, '000111': 11, '111110': 1, '111001': 2, '100001': 6, '000011': 2, '010001': 2, '111011': 2, '000010': 1}"
qaoa_6,1024,'111001z',"{'101111': 40, '100111': 71, '000101': 70, '111010': 56, '100010': 70, '011000': 58, '010010': 8, '000000': 25, '101010': 18, '110111': 40, '111101': 11, '011101': 81, '000001': 10, '000011': 4, '000111': 10, '110010': 21, '010110': 8, '110110': 10, '111011': 14, '011100': 13, '010100': 9, '101011': 11, '001101': 19, '100110': 10, '011111': 15, '101000': 7, '000100': 10, '111111': 34, '100101': 8, '100011': 11, '010101': 18, '110100': 12, '011010': 9, '111100': 4, '000010': 14, '011001': 11, '001110': 6, '010000': 32, '101101': 7, '110001': 3, '001000': 50, '111000': 6, '110011': 2, '001011': 4, '010111': 12, '100000': 7, '010011': 5, '100001': 1, '001001': 18, '101001': 3, '111110': 6, '100100': 8, '011011': 4, '101100': 6, '001010': 1, '001111': 1, '001100': 1, '101110': 1}"
qaoa_6,1024,'111010z',"{'101001': 9, '100010': 55, '001001': 45, '110111': 91, '001000': 101, '100000': 104, '011101': 48, '010111': 38, '011110': 29, '000101': 5, '100101': 23, '110101': 31, '011111': 122, '101101': 5, '101000': 45, '011010': 30, '110010': 42, '100111': 2, '001101': 45, '100001': 32, '111110': 6, '110110': 33, '101010': 9, '010010': 5, '010101': 13, '001010': 34, '010100': 3, '111101': 4, '000000': 2, '010110': 3, '111111': 1, '110011': 1, '000010': 1, '111010': 3, '000001': 1, '011000': 1, '101011': 1, '101111': 1}"
qaoa_6,1024,'111011z',"{'110111': 119, '101010': 44, '001000': 131, '111110': 18, '000001': 19, '101000': 45, '010101': 41, '001001': 37, '000000': 69, '100010': 40, '110010': 31, '111111': 75, '010111': 58, '110110': 42, '000101': 33, '001101': 34, '011101': 34, '011111': 24, '101111': 7, '101001': 11, '101101': 17, '010110': 12, '010010': 6, '010100': 13, '111010': 22, '010000': 11, '100000': 13, '101011': 14, '000010': 3, '000100': 1}"
qaoa_6,1024,'111100z',"{'101111': 44, '101001': 17, '001100': 1, '111000': 18, '000111': 15, '100010': 46, '010111': 23, '010000': 40, '011000': 13, '000001': 1, '100000': 52, '101101': 41, '110010': 64, '111101': 36, '011101': 63, '000010': 40, '000011': 6, '001101': 83, '110000': 36, '001011': 17, '010011': 5, '111010': 15, '010010': 37, '011111': 52, '001111': 27, '100111': 16, '101011': 19, '000101': 13, '111111': 11, '100100': 9, '101000': 21, '010110': 11, '101010': 13, '011011': 8, '111100': 5, '010101': 10, '011001': 1, '111011': 7, '110110': 11, '001001': 15, '000100': 5, '110100': 9, '010100': 20, '011010': 3, '000000': 5, '011100': 1, '001000': 11, '101100': 1, '110001': 1, '110111': 4, '100101': 1, '111110': 1}"
qaoa_6,1024,'111101z',"{'101111': 113, '101101': 55, '000101': 27, '111101': 18, '000010': 21, '101010': 37, '010100': 52, '010000': 103, '000000': 69, '100010': 28, '110010': 43, '111111': 75, '010101': 45, '101000': 16, '000100': 22, '010010': 49, '010110': 20, '011101': 32, '101011': 50, '111010': 21, '111011': 17, '110110': 7, '001001': 11, '001101': 46, '001000': 15, '110111': 7, '101001': 10, '010111': 11, '011111': 2, '000001': 1, '100000': 1}"
qaoa_6,1024,'111110z',"{'101010': 13, '100010': 58, '001000': 20, '111101': 18, '000010': 21, '100000': 128, '011101': 46, '010110': 33, '011111': 145, '000000': 69, '101000': 38, '110010': 43, '111111': 75, '001001': 33, '101101': 30, '000101': 10, '010111': 44, '101001': 33, '010010': 31, '110111': 15, '101011': 9, '010100': 12, '111011': 11, '110110': 20, '111010': 6, '001101': 46, '010101': 3, '000100': 12, '000001': 1, '101111': 1}"
qaoa_6,1024,'111111z',"{'111111': 255, '101101': 17, '000000': 269, '101001': 40, '010100': 13, '000010': 6, '010101': 50, '100111': 9, '110010': 39, '010110': 54, '101000': 16, '001101': 38, '001000': 2, '110110': 11, '011101': 15, '101010': 48, '011000': 4, '001011': 3, '010010': 13, '001001': 9, '111110': 4, '010000': 2, '101011': 11, '100110': 3, '010111': 16, '111011': 3, '000101': 10, '110111': 4, '100100': 3, '111100': 4, '100000': 4, '011011': 5, '100010': 7, '001110': 3, '000001': 3, '101100': 3, '110100': 1, '111000': 1, '011111': 4, '010011': 1, '000100': 2, '111010': 8, '011100': 1, '101111': 4, '000011': 2, '100101': 1, '101110': 1, '000111': 1, '111101': 1}"
