file,shots,input,counts
vqe_7,1024,'0000000x',"{'1100100': 12, '1010100': 17, '1100010': 1, '0010100': 8, '1110101': 13, '0001110': 25, '1001100': 17, '0101111': 20, '0100101': 12, '0110100': 16, '0000100': 7, '1000101': 17, '1010111': 14, '1101100': 20, '1111100': 11, '1100011': 2, '0111100': 21, '0000111': 19, '0001010': 2, '1011111': 20, '0010101': 15, '0110111': 20, '1000110': 23, '1100101': 9, '0001111': 18, '0101100': 15, '1100001': 1, '1100111': 17, '0000110': 14, '1110111': 20, '0110110': 18, '0100111': 15, '0000101': 7, '1011100': 15, '0111101': 19, '0111111': 22, '0011101': 15, '1001110': 19, '1010110': 17, '0001101': 10, '0001100': 11, '0111110': 16, '1111111': 14, '1001111': 19, '1101111': 13, '1011110': 13, '1010101': 17, '1101011': 3, '1100110': 22, '0110101': 16, '0101110': 16, '0011110': 14, '0011111': 16, '1110100': 11, '0010010': 4, '1101101': 9, '0001011': 1, '0100110': 13, '0010110': 19, '1101110': 11, '1110001': 1, '0101101': 14, '1000100': 9, '1000010': 2, '0011000': 2, '1000111': 12, '0001000': 1, '0011100': 18, '0000001': 2, '0010111': 23, '1111101': 9, '1110110': 14, '1110011': 1, '0010011': 2, '1001101': 14, '1010011': 3, '1011010': 1, '1111110': 13, '1110010': 1, '1011101': 9, '0100100': 10, '1111001': 1, '0101011': 1, '1001010': 2, '1111011': 1, '0011001': 1, '0101001': 1, '1101010': 1, '1101000': 1, '1111010': 2, '0110010': 2, '0010001': 2, '0100010': 1, '1000001': 1, '1010010': 1, '0011011': 1, '1000000': 1, '1011001': 1, '0111010': 1}"
vqe_7,1024,'0000001x',"{'1011100': 22, '1011000': 43, '1011011': 32, '0011000': 28, '1111000': 15, '0010100': 13, '1010011': 22, '0110011': 13, '0011100': 22, '0110101': 8, '0001110': 1, '1010000': 22, '1011001': 21, '1011111': 22, '1111011': 12, '0111011': 23, '0010010': 21, '0010011': 19, '0111001': 22, '0010101': 17, '0111010': 17, '0010111': 14, '0011111': 25, '1011110': 19, '0010001': 13, '1111001': 14, '0111000': 16, '0011101': 17, '0010000': 10, '1011010': 29, '1010001': 18, '0111110': 12, '0011010': 44, '1010101': 14, '0110100': 8, '0111101': 11, '1111111': 8, '1010100': 15, '1010110': 14, '1110010': 9, '0011110': 17, '0110010': 5, '1011101': 30, '1111010': 16, '0110000': 8, '1010111': 9, '0110110': 8, '0011011': 27, '1110101': 6, '0111100': 15, '0010110': 12, '0110001': 9, '1110100': 4, '0011001': 34, '1110000': 6, '1110011': 5, '1110001': 5, '0110111': 3, '1001110': 1, '0111111': 10, '1010010': 14, '1111110': 6, '1001001': 1, '0000001': 2, '1110111': 4, '1111100': 9, '1000101': 1, '1001010': 1, '1111101': 11, '1100111': 1, '1110110': 5, '1101000': 1, '0101010': 1, '0001101': 2, '0101111': 1, '1000001': 1, '1001101': 1, '1101111': 1, '1100110': 1, '1000011': 1, '1001100': 2, '0001001': 1, '0101011': 1}"
vqe_7,1024,'0000010x',"{'1011110': 38, '1010101': 37, '0010111': 25, '1110101': 17, '0010011': 5, '1010001': 6, '0110110': 22, '0011101': 33, '0000100': 4, '1000111': 21, '1011001': 16, '1101010': 4, '1111011': 3, '0111011': 16, '0001110': 15, '0001111': 11, '0111010': 18, '0010110': 34, '1011111': 34, '0100111': 9, '1100110': 7, '1111000': 11, '0111000': 7, '0100100': 7, '0000101': 6, '1011010': 11, '0111100': 33, '1001011': 5, '0111101': 28, '0011011': 30, '1010011': 19, '1011000': 13, '0010010': 5, '0010000': 11, '1100111': 16, '1111111': 20, '1010100': 29, '1110001': 7, '0100101': 8, '0110001': 4, '1100000': 3, '0110111': 22, '1111001': 11, '0101111': 12, '1010010': 18, '0011100': 26, '1110100': 16, '1011100': 1, '0110011': 6, '1101100': 7, '0100010': 2, '0011000': 14, '1101110': 3, '0010001': 9, '1110011': 5, '1101111': 4, '0000110': 4, '0101101': 5, '0101110': 9, '0011001': 12, '0110000': 7, '1000110': 6, '1000100': 3, '0011010': 34, '1001101': 6, '0000010': 2, '1100100': 6, '1111110': 19, '0111001': 5, '1101101': 7, '0101000': 2, '1000101': 3, '1110010': 5, '1111010': 5, '1001100': 13, '1011011': 8, '1101011': 3, '0000111': 4, '1110000': 1, '0001000': 1, '1001110': 6, '1010000': 8, '1010110': 1, '1000001': 3, '1100101': 5, '0100110': 4, '1001111': 2, '1000000': 2, '0101100': 4, '1001010': 1, '0001101': 2, '0001001': 1, '0001100': 3, '1110110': 3, '1100001': 1, '1100010': 1, '1110111': 2, '0110100': 1}"
vqe_7,1024,'0000011x',"{'1011100': 37, '1010111': 33, '0010100': 26, '1110111': 21, '0010010': 15, '1010000': 14, '0110011': 11, '0011111': 32, '0110100': 23, '0000110': 9, '1000110': 13, '1011010': 20, '1101000': 2, '1111011': 12, '0111110': 34, '0001100': 10, '0001110': 4, '0010101': 30, '0111000': 15, '0010011': 21, '1000111': 6, '0111011': 8, '1011101': 34, '0101010': 7, '1100101': 6, '1111010': 18, '0110101': 21, '0100100': 3, '1011011': 23, '1001100': 10, '0111111': 29, '0011011': 12, '1010110': 30, '1011001': 7, '0111001': 6, '0010000': 6, '1100111': 11, '0111010': 3, '1111101': 19, '1010011': 5, '1110000': 8, '0100110': 9, '0110010': 8, '1011000': 17, '1100110': 8, '1100010': 4, '0101110': 8, '0100101': 4, '0101111': 6, '1010010': 3, '0001101': 14, '0011110': 26, '1110110': 15, '1101101': 4, '0001111': 5, '0100010': 1, '1101111': 7, '0010001': 4, '0000111': 8, '0011010': 10, '0101100': 12, '0101101': 6, '0011000': 24, '0110000': 2, '1000101': 6, '1000011': 3, '0011001': 24, '1001110': 11, '1000100': 5, '0000000': 2, '1100100': 9, '1111100': 19, '0010110': 1, '0110110': 4, '0100111': 8, '1101110': 9, '1110001': 5, '0110001': 3, '1010001': 15, '1111000': 2, '1101100': 2, '1111111': 1, '0001010': 2, '1001111': 8, '1001101': 3, '1000010': 5, '1101001': 2, '0100000': 1, '0011101': 1, '1001000': 1, '1100011': 4, '0001011': 2, '1111001': 5, '0011100': 1, '0000101': 1}"
vqe_7,1024,'0000100x',"{'1100100': 12, '1010100': 17, '1100010': 1, '0010100': 8, '1110101': 13, '0001110': 25, '1001100': 17, '0101111': 19, '0100101': 12, '0110100': 16, '0000100': 7, '1000101': 17, '1010111': 14, '1101100': 20, '1111100': 10, '1100011': 2, '0111100': 20, '0000111': 19, '0001010': 2, '1011111': 20, '0010101': 15, '0110111': 20, '1000110': 23, '1100101': 9, '0001111': 18, '0101100': 15, '1100001': 1, '1100111': 17, '0000110': 14, '1110111': 20, '0110110': 18, '0100111': 15, '0000101': 7, '1011100': 15, '0111101': 19, '0111111': 22, '0011101': 14, '1001110': 19, '1010110': 17, '0001101': 10, '0001100': 11, '0111110': 17, '1111111': 14, '1001111': 19, '1101111': 13, '1011110': 13, '1010101': 17, '1101011': 3, '1100110': 22, '0110101': 16, '0101110': 17, '0011110': 15, '0011111': 16, '1110100': 11, '0010010': 4, '1101101': 9, '0001011': 1, '0100110': 13, '0010110': 19, '1101110': 11, '1110001': 1, '0101101': 14, '1000100': 9, '1000010': 2, '0011000': 1, '1000111': 12, '0001000': 1, '0011100': 18, '0000001': 2, '0010111': 24, '1111101': 10, '1110110': 14, '1110011': 1, '0010011': 2, '1001101': 14, '1010011': 3, '1011010': 1, '1111110': 13, '1110010': 1, '1011101': 9, '0100100': 10, '1111001': 1, '0101011': 1, '1001010': 2, '1111011': 1, '0011001': 1, '0101001': 1, '1101010': 1, '1101000': 1, '1111010': 2, '0110010': 2, '0010001': 2, '0100010': 1, '1000001': 1, '1010010': 1, '0011011': 1, '1000000': 1, '1011001': 1, '0111010': 1}"
vqe_7,1024,'0000101x',"{'1110100': 14, '1011101': 19, '0011101': 9, '1111011': 32, '0011010': 22, '1011000': 17, '0111010': 39, '0110110': 8, '0111011': 41, '0010000': 4, '1010001': 14, '1110000': 13, '1111001': 27, '1111101': 18, '0111101': 39, '0010101': 6, '0011000': 13, '0011110': 16, '0111100': 23, '1010010': 8, '1110110': 8, '0011011': 18, '1110011': 22, '0111001': 30, '1111000': 34, '0010100': 6, '1111100': 25, '0111000': 23, '0010001': 5, '1110001': 14, '1010011': 16, '0111111': 22, '0110010': 17, '1011010': 19, '1100001': 1, '0111110': 21, '1111111': 14, '1011011': 18, '1111010': 24, '1110101': 9, '1011110': 11, '1110111': 14, '1011001': 15, '0010111': 4, '0110011': 20, '0011100': 14, '1110010': 14, '1011111': 10, '0110111': 9, '0011111': 13, '0011001': 10, '0010010': 8, '0110001': 21, '1011100': 12, '1010000': 5, '1101000': 2, '0110000': 19, '1010101': 5, '1001111': 1, '0000010': 2, '0110101': 14, '1101010': 1, '1111110': 18, '0101111': 1, '0101010': 4, '1001001': 1, '0110100': 6, '1010100': 3, '0101011': 2, '0010110': 10, '0101000': 1, '0010011': 5, '1010110': 5, '1101011': 1, '1101100': 1, '1100000': 1, '1010111': 3, '0101110': 1, '1000010': 1, '1101101': 1, '0101001': 1, '1001000': 1, '1100010': 1, '0101101': 2, '0100100': 1, '1101110': 1}"
vqe_7,1024,'0000110x',"{'1101110': 11, '1011010': 20, '0011000': 8, '1111010': 25, '0010100': 22, '1010001': 10, '0111000': 21, '0101111': 8, '0111001': 25, '0000110': 8, '1000110': 10, '1011101': 22, '1110110': 31, '1111100': 28, '0111110': 46, '0001101': 11, '0001111': 4, '1101101': 3, '0011010': 7, '0111100': 3, '0011001': 5, '1000111': 11, '1101111': 10, '0010101': 22, '1101100': 6, '0110100': 30, '0001100': 8, '1111011': 25, '0111011': 14, '0110010': 14, '1001100': 5, '0111111': 40, '0100101': 3, '1010111': 24, '1011100': 23, '0010010': 9, '1111101': 32, '1010110': 23, '1011000': 5, '1010011': 3, '1111000': 11, '0110011': 12, '0110101': 24, '1100110': 5, '1011011': 19, '1110001': 18, '1100111': 7, '1011001': 2, '0001110': 8, '1101000': 4, '0100111': 12, '0010111': 6, '1100101': 8, '1110111': 19, '0010000': 1, '0011110': 31, '0010011': 9, '1111001': 5, '0000111': 9, '0100000': 1, '1011111': 1, '1000101': 6, '1000100': 5, '0011111': 30, '1001111': 9, '0100110': 10, '0000000': 2, '1110010': 6, '0111010': 6, '0101010': 6, '0100001': 3, '0100100': 5, '0111101': 3, '1110000': 8, '0101100': 3, '0011011': 8, '1001110': 9, '1001101': 7, '0101011': 3, '1011110': 1, '0001011': 1, '1010000': 3, '0010001': 2, '1100010': 2, '0101101': 6, '1000010': 3, '0110001': 3, '1110011': 5, '0110110': 1, '1000011': 3, '1100100': 6, '1100011': 1, '0110000': 2, '1001001': 1, '1010101': 1, '0101110': 6, '0000101': 1}"
vqe_7,1024,'0000111x',"{'1101100': 10, '1011001': 16, '0011010': 10, '1111001': 21, '0010110': 18, '1010010': 13, '0111001': 13, '0101111': 15, '0111010': 30, '0000101': 7, '1000111': 17, '1011111': 25, '1011000': 13, '1110100': 29, '1111110': 28, '0111100': 48, '0001110': 14, '0001111': 11, '0011011': 18, '0111011': 29, '1001010': 3, '1101111': 4, '0011000': 6, '0110110': 26, '1110011': 13, '0001101': 4, '1111011': 13, '1101011': 5, '0110010': 3, '1001100': 17, '0111101': 38, '0100100': 11, '1010101': 23, '1011110': 24, '0010001': 7, '1111111': 32, '1010100': 17, '1110101': 22, '0110001': 10, '0111000': 8, '1101101': 9, '0110011': 4, '1100111': 12, '1011010': 6, '1110010': 27, '1011011': 3, '0110111': 29, '1010110': 2, '1101010': 4, '0100110': 8, '0010111': 24, '0011001': 8, '1100110': 8, '1101110': 4, '1111000': 10, '0011100': 30, '0010011': 3, '0000110': 4, '0010000': 4, '0011111': 2, '0010100': 2, '1000110': 7, '1000100': 3, '0011101': 29, '1001110': 3, '0000010': 2, '1111010': 7, '0100111': 7, '0100010': 4, '0100011': 3, '1000101': 3, '1110000': 4, '0110000': 5, '0101100': 1, '0000111': 5, '1001101': 4, '1010011': 13, '0101000': 3, '0001000': 1, '1001111': 7, '1010001': 1, '1110110': 1, '0101110': 7, '0100101': 5, '1000001': 2, '1111100': 1, '1000010': 1, '1100101': 4, '1100100': 3, '1110001': 2, '0000100': 2, '1100001': 1, '1001011': 1, '0101101': 1, '0001100': 3, '1000000': 1, '1010000': 1, '1000011': 1, '1111101': 1}"
vqe_7,1024,'0001000x',"{'1100100': 12, '1010100': 17, '1100010': 1, '0010100': 8, '1110101': 13, '0001110': 24, '1001100': 16, '0101111': 20, '0100101': 11, '0110100': 16, '0000100': 7, '1000101': 17, '1010111': 14, '1101100': 19, '1111100': 10, '1100011': 2, '0111100': 20, '0000111': 19, '0001010': 2, '1011111': 20, '0010101': 16, '0110111': 20, '1000110': 23, '1100101': 9, '0001111': 20, '0101100': 15, '1100001': 1, '1100111': 15, '0000110': 14, '1110111': 20, '0110110': 18, '0100111': 15, '0000101': 7, '1011100': 14, '0111101': 19, '0111111': 22, '0011101': 13, '1001110': 19, '1010110': 17, '0001100': 11, '0111110': 17, '1111111': 14, '1001111': 19, '1101111': 13, '1011110': 13, '1010101': 17, '1101011': 3, '1100110': 24, '0110101': 16, '0101110': 16, '0011110': 15, '0011111': 17, '1110100': 11, '0010010': 4, '1101101': 10, '0001011': 1, '0100110': 13, '0010110': 18, '1101110': 11, '0001101': 9, '1110001': 1, '0101101': 14, '1011101': 10, '1000100': 9, '1000010': 2, '0011000': 2, '1000111': 12, '0001000': 1, '0011100': 18, '0000001': 2, '0010111': 23, '1111101': 10, '1110110': 14, '1110011': 1, '0010011': 2, '1001101': 15, '1010011': 3, '1011010': 1, '1111110': 13, '1110010': 1, '0100100': 11, '1111001': 1, '0101011': 1, '1001010': 2, '1111011': 1, '0011001': 1, '0101001': 1, '1101010': 1, '1101000': 1, '1111010': 2, '0110010': 2, '0010001': 2, '0100010': 1, '1000001': 1, '1010010': 1, '0011011': 1, '1000000': 1, '1011001': 1, '0111010': 1}"
vqe_7,1024,'0001001x',"{'1001100': 24, '1001000': 35, '0001000': 27, '1101000': 13, '0000101': 13, '1000100': 18, '0100100': 6, '0001101': 22, '0100110': 8, '0000000': 7, '1000001': 21, '1001010': 30, '1010010': 2, '1101011': 14, '0101011': 26, '0000010': 14, '0000011': 20, '0001001': 34, '0101010': 17, '0000110': 11, '1001101': 18, '0001111': 20, '1001110': 31, '1101010': 19, '0101001': 19, '0001110': 17, '0000001': 12, '0101100': 15, '1000010': 21, '0101111': 12, '0001011': 36, '1000110': 11, '0100101': 8, '1001001': 29, '0000100': 16, '1001111': 21, '0101101': 13, '1110110': 1, '1000101': 15, '1100010': 8, '0100011': 10, '1001011': 28, '0101000': 12, '0100001': 8, '1000111': 14, '0100111': 6, '1100111': 6, '0000111': 16, '0100010': 11, '1111000': 1, '1011010': 2, '1100101': 4, '1100001': 5, '0101110': 9, '1100100': 2, '0011001': 2, '0011110': 1, '1000000': 10, '0111010': 2, '0001010': 42, '1000011': 15, '1101111': 7, '1101101': 12, '1101001': 13, '0001100': 16, '0011011': 3, '1100011': 9, '1101110': 6, '1010101': 1, '1101100': 6, '1111110': 1, '1011110': 1, '1011100': 2, '1100000': 5, '1110101': 1, '0011111': 2, '0011010': 2, '0110101': 1, '1010011': 2, '0110110': 1, '1010000': 1, '0100000': 3, '1100110': 3, '0110011': 1, '1010001': 1, '0010011': 2, '1110000': 1, '0010101': 1, '0111001': 1, '0110000': 1, '0010110': 1, '1110111': 1, '1010111': 1, '1011111': 1, '0111000': 1, '0011100': 1, '1111001': 1, '0011101': 1}"
vqe_7,1024,'0001010x',"{'1010111': 6, '1001011': 37, '1010110': 5, '0001010': 8, '1101100': 23, '0000111': 2, '1000111': 28, '0101001': 13, '0011101': 7, '0101110': 29, '0000010': 11, '1000010': 9, '1001100': 32, '1100110': 25, '1110100': 10, '0110110': 15, '0000100': 27, '0001011': 10, '0101111': 34, '0001000': 23, '1000110': 30, '1011110': 11, '0001001': 22, '1010101': 13, '0100100': 21, '1100001': 6, '1101101': 25, '0100010': 8, '1001101': 31, '0110111': 16, '0111110': 4, '0001111': 40, '1001010': 28, '0111111': 9, '0110001': 1, '0000101': 25, '0111101': 9, '0110101': 6, '1111111': 11, '1001001': 10, '1101010': 14, '0111100': 10, '0100011': 8, '0101000': 12, '1011100': 4, '1010100': 9, '1011111': 15, '1100000': 11, '1110011': 1, '0100101': 19, '0100110': 1, '0010100': 5, '0010101': 6, '1100111': 16, '1101011': 8, '0100000': 2, '0001110': 45, '1101000': 2, '0011111': 5, '1101001': 3, '0000011': 12, '1000001': 7, '1000000': 11, '0101011': 4, '0000000': 2, '0011100': 11, '1110111': 6, '0010110': 10, '1110101': 5, '1001000': 11, '1110010': 3, '1010010': 2, '0011110': 4, '0010111': 3, '1111101': 2, '0001100': 3, '1111110': 8, '1111001': 1, '0111010': 3, '1111100': 4, '1100010': 3, '0110100': 2, '1000011': 6, '0011010': 3, '0011011': 3, '0010000': 1, '1011000': 3, '0101010': 2, '0111011': 3, '0001101': 2, '1110110': 3, '1101110': 1, '1111000': 1, '1010011': 1, '0000001': 1, '1011101': 1}"
vqe_7,1024,'0001011x',"{'1010111': 11, '1001010': 12, '0001011': 21, '1101110': 25, '0001001': 13, '1000101': 31, '0101011': 17, '0011110': 13, '0101100': 29, '0000001': 8, '1000010': 15, '1001110': 34, '1100100': 26, '1110110': 8, '0110101': 14, '0000110': 26, '0000111': 27, '0101101': 30, '1000011': 24, '1011101': 7, '0001010': 32, '0100110': 20, '1100010': 11, '1101111': 27, '1010110': 15, '0100001': 5, '1001111': 31, '0110111': 8, '0111111': 13, '0001101': 45, '1001000': 20, '0110011': 2, '0001000': 5, '0111110': 11, '1111111': 6, '1001001': 22, '1101000': 9, '0100000': 4, '0101010': 14, '1011100': 9, '0100011': 1, '1010100': 4, '1001101': 4, '1011110': 4, '1100000': 4, '1110100': 4, '0101000': 4, '0101001': 5, '0010100': 10, '1011111': 10, '0010101': 12, '0111101': 6, '0001100': 46, '1100101': 14, '0011111': 10, '1101010': 3, '1100111': 3, '0000011': 2, '0110100': 4, '0100111': 18, '1000000': 8, '1000100': 21, '0110010': 1, '1111110': 5, '0110110': 13, '1001011': 15, '0000000': 3, '1110111': 5, '1000001': 3, '1110000': 3, '1101001': 5, '1010000': 2, '0010110': 2, '1111100': 6, '1110101': 5, '1111101': 8, '1111011': 1, '0111000': 3, '0111100': 4, '0000010': 3, '1100011': 5, '1010101': 2, '0011100': 4, '0100010': 1, '1101011': 2, '1011010': 3, '0100101': 2, '1111010': 4, '1011011': 2, '0101110': 1, '0010010': 1, '0101111': 1, '0011010': 2, '0011101': 3, '0010111': 1, '1100001': 4, '0111001': 1, '0010011': 1}"
vqe_7,1024,'0001100x',"{'1100100': 12, '1010100': 18, '1100010': 1, '0010100': 8, '1110101': 13, '0001110': 24, '1001100': 17, '0101111': 20, '0100101': 12, '0110100': 16, '0000100': 7, '1000101': 17, '1010111': 14, '1101100': 20, '1111100': 10, '1100011': 2, '0111100': 20, '0000111': 19, '0001010': 2, '1011111': 20, '0010101': 16, '0110111': 20, '1000110': 23, '1100101': 9, '0001111': 19, '0101100': 15, '1100001': 1, '1100111': 17, '0000110': 14, '1110111': 20, '0110110': 17, '0100111': 15, '0000101': 7, '1011100': 14, '0111101': 19, '0111111': 22, '0011101': 13, '1001110': 19, '1010110': 17, '0001101': 10, '0001100': 11, '0111110': 17, '1111111': 14, '1001111': 19, '1101111': 13, '1011110': 13, '1010101': 16, '1101011': 3, '1100110': 22, '0110101': 17, '0101110': 16, '0011110': 15, '0011111': 17, '1110100': 11, '0010010': 4, '1101101': 9, '0001011': 1, '0100110': 13, '0010110': 18, '1101110': 11, '1110001': 1, '0101101': 14, '1011101': 10, '1000100': 9, '1000010': 2, '0011000': 1, '1000111': 12, '0001000': 1, '0011100': 18, '0000001': 2, '0010111': 24, '1111101': 10, '1110110': 14, '1110011': 1, '0010011': 2, '1001101': 14, '1010011': 3, '1011010': 1, '1111110': 13, '1110010': 1, '0100100': 10, '1111001': 1, '0101011': 1, '1001010': 2, '1111011': 1, '0011001': 1, '0101001': 1, '1101010': 1, '1101000': 1, '1111010': 2, '0110010': 2, '0010001': 2, '0100010': 1, '1000001': 1, '1010010': 1, '0011011': 1, '1000000': 1, '1011001': 1, '0111010': 1}"
vqe_7,1024,'0001101x',"{'1100101': 14, '1001101': 13, '0001101': 10, '1101100': 24, '0001010': 15, '1001001': 17, '0101011': 44, '0100111': 12, '0000001': 4, '1000010': 15, '1100001': 12, '1101001': 31, '1101101': 26, '0101101': 29, '0000110': 4, '0001000': 13, '0001111': 15, '0101100': 28, '0001011': 26, '0001110': 5, '1000011': 11, '1100111': 7, '0001100': 13, '1100100': 17, '0101001': 31, '1101000': 37, '0000101': 6, '0101000': 22, '0000010': 6, '1100010': 18, '0101110': 27, '1000100': 12, '0101111': 19, '0100010': 23, '1001011': 21, '0110011': 4, '1100000': 11, '0001001': 13, '1111011': 4, '1001010': 16, '1001100': 11, '1101010': 26, '0110001': 2, '0101010': 29, '1100110': 7, '1100011': 15, '1001111': 17, '0100011': 15, '0100100': 16, '1101011': 25, '0011000': 1, '0000011': 7, '0011110': 3, '1000001': 4, '0111101': 2, '0100001': 19, '1000110': 5, '1110110': 1, '1001110': 14, '1000000': 5, '0000000': 3, '0100000': 17, '1101110': 13, '0011011': 2, '0010010': 1, '0011010': 2, '0100101': 6, '1000101': 3, '1101111': 14, '1011010': 1, '0000111': 9, '1111111': 1, '0000100': 4, '1000111': 3, '1001000': 13, '1010101': 1, '1011100': 1, '0111011': 3, '1111000': 1, '0100110': 9, '0110100': 1, '0111010': 2, '1111001': 1, '0111100': 1, '1110000': 1, '1110101': 1, '0010100': 1, '1110100': 1, '1010111': 1, '0110110': 1, '0110111': 1, '0111000': 1, '1111100': 1, '0011111': 1, '0011101': 1, '1110001': 1, '0110010': 1}"
vqe_7,1024,'0001110x',"{'1100100': 24, '1001111': 27, '0001101': 24, '1101111': 36, '0001100': 36, '1001001': 16, '0101100': 39, '0100111': 22, '0000010': 2, '1000100': 30, '1011101': 10, '1101001': 25, '1110110': 10, '0110101': 17, '0000111': 21, '0001010': 13, '0010100': 10, '0101101': 43, '1100011': 18, '0101010': 25, '1101000': 16, '0101000': 9, '0000110': 14, '1011111': 8, '0110111': 8, '0111111': 14, '0100000': 13, '1001110': 29, '1010111': 7, '0110100': 4, '0111110': 14, '1111111': 6, '1101110': 30, '0101001': 9, '1100010': 12, '1010101': 4, '1100101': 32, '1010110': 15, '1110100': 3, '0101011': 27, '0001001': 4, '1110000': 2, '0100010': 5, '0100011': 6, '0111101': 3, '0010110': 10, '1101011': 6, '0110001': 1, '0001011': 10, '1000011': 7, '1011010': 2, '1000001': 4, '0011110': 12, '1000101': 14, '0110011': 2, '0100001': 9, '1111110': 4, '0110110': 11, '1010001': 3, '1000010': 5, '0110010': 3, '0011111': 15, '0000000': 2, '0011101': 7, '1011011': 2, '1111010': 5, '0011100': 4, '0100110': 19, '0011000': 2, '0010101': 11, '1101010': 8, '1010100': 8, '0001000': 4, '1001011': 7, '1111100': 8, '0010111': 6, '1111101': 7, '1111011': 2, '0111000': 2, '1110111': 6, '1001010': 2, '1101101': 1, '1000110': 3, '0111100': 3, '1001000': 7, '1011110': 5, '1100000': 3, '1000000': 3, '1011100': 4, '1110101': 3, '1000111': 2, '1100001': 6, '1010011': 1, '0000001': 2, '0111001': 2, '1110001': 1, '1110011': 1, '0011001': 1, '1010000': 1, '1100111': 1, '0010011': 1, '0000011': 1}"
vqe_7,1024,'0001111x',"{'1100110': 28, '1010010': 2, '0001111': 25, '1101101': 39, '0001110': 35, '1001010': 13, '0101110': 40, '0100101': 20, '0000010': 4, '1000110': 26, '1011110': 12, '1001101': 25, '1101010': 29, '1110101': 7, '0110110': 15, '0000101': 21, '0001000': 7, '0010101': 7, '0101111': 44, '0010100': 2, '1100111': 22, '0101001': 24, '1101001': 9, '0000011': 6, '1011111': 12, '0110111': 17, '1000111': 21, '0111110': 4, '0100001': 4, '1001100': 27, '0111111': 8, '1010111': 5, '0110100': 3, '0001001': 12, '0111101': 10, '1111111': 12, '1001011': 19, '1101100': 28, '0111100': 12, '0101000': 15, '1100010': 4, '1010100': 12, '1010101': 14, '1101000': 20, '1110100': 10, '0101011': 10, '0100110': 1, '0000110': 2, '1100011': 4, '1110011': 4, '0100010': 14, '0100011': 16, '1100001': 8, '0101100': 1, '0010110': 15, '1101011': 18, '0110000': 3, '0000100': 13, '0011111': 4, '0101101': 1, '0101010': 6, '0010111': 11, '1000000': 8, '0011101': 12, '1001000': 3, '1010011': 5, '0000111': 2, '1000010': 1, '0011110': 12, '0000000': 2, '1001111': 1, '0100100': 20, '0011100': 10, '1011001': 1, '1111000': 5, '0100000': 7, '0011010': 4, '1000001': 3, '1000011': 1, '1111101': 4, '1111110': 8, '0111010': 5, '1111100': 2, '0111011': 4, '1110110': 3, '1010110': 4, '1001001': 6, '1011100': 4, '0110101': 2, '0001010': 3, '1100000': 8, '1001110': 1, '1011101': 1, '0110001': 2, '1110111': 2, '1111001': 1, '0011011': 3, '0010011': 1, '0001011': 1}"
vqe_7,1024,'0010000x',"{'1100100': 11, '1010100': 16, '1100010': 1, '0010100': 8, '1110110': 17, '0001110': 23, '1001100': 14, '0101111': 20, '0100101': 12, '0110100': 16, '0000100': 7, '1000101': 17, '1010111': 14, '1101100': 18, '1111100': 11, '1100011': 2, '0111100': 20, '0000111': 19, '0001010': 2, '1011111': 21, '0010101': 13, '0110111': 20, '1000110': 24, '1100101': 10, '0001111': 21, '0101100': 14, '1100001': 1, '1100111': 17, '0000110': 14, '1110111': 20, '0110110': 21, '0100111': 15, '0000101': 7, '1011100': 13, '0111101': 19, '0111111': 22, '0011101': 13, '1001110': 18, '1010110': 18, '0001100': 11, '0111110': 17, '1111111': 14, '1001111': 21, '1101111': 13, '1011110': 12, '1010101': 18, '1101011': 2, '1100110': 22, '0110101': 13, '0101110': 16, '0011110': 15, '0011111': 17, '1110100': 10, '0010010': 4, '1101101': 9, '0100110': 13, '0010110': 21, '1101110': 13, '0001101': 9, '1110000': 1, '0101101': 15, '1011101': 11, '1000001': 3, '0011000': 2, '1000111': 12, '1110101': 11, '0001000': 1, '1000100': 8, '0011100': 18, '0000000': 2, '0010111': 23, '1111101': 7, '1110011': 1, '0010011': 2, '1010010': 2, '1011010': 1, '1001101': 16, '1111110': 16, '1110010': 1, '0100100': 10, '1111001': 3, '0101011': 1, '1001001': 1, '0011001': 1, '0101000': 1, '1101010': 2, '1101000': 1, '0110010': 1, '0010000': 2, '1010011': 1, '0100010': 1, '1001010': 1, '0011011': 1, '0110001': 1, '1000000': 1, '1011001': 1, '0111010': 1, '0001001': 1}"
vqe_7,1024,'0010001x',"{'1011001': 18, '1010100': 33, '0010011': 34, '1110011': 15, '0010010': 32, '1010001': 30, '0110001': 16, '0011010': 21, '0110010': 17, '0001101': 1, '1010000': 40, '1010110': 20, '1010011': 33, '1011111': 12, '1111000': 6, '0111000': 14, '0010001': 33, '0010100': 24, '0110101': 14, '0110111': 13, '1011010': 13, '0011110': 14, '1011101': 9, '0010000': 24, '1110110': 12, '0110100': 12, '0011100': 8, '0111001': 12, '0111101': 4, '0010111': 20, '1010010': 35, '0111110': 10, '1010101': 15, '0110110': 11, '1011110': 18, '0111011': 9, '1111111': 6, '1110001': 12, '0011101': 10, '1011000': 17, '1011011': 14, '1011100': 20, '0110011': 17, '1110111': 11, '0110000': 18, '0011000': 20, '0111010': 8, '1010111': 19, '1110010': 11, '0010101': 29, '1110000': 11, '0111100': 6, '0011011': 12, '0011111': 16, '1001101': 1, '0111111': 7, '0010110': 30, '1111110': 5, '1000101': 1, '0000000': 2, '1111010': 8, '1110100': 10, '1000010': 1, '1110101': 10, '0011001': 6, '1000110': 1, '1111011': 6, '1111100': 5, '1111001': 4, '1100011': 3, '0100110': 1, '0001011': 1, '0101111': 1, '1000000': 1, '1001100': 1, '1111101': 3, '1101111': 1, '1000001': 1, '1001001': 1, '0000110': 1, '0101000': 1, '0001100': 1, '1001010': 1}"
vqe_7,1024,'0010010x',"{'1011110': 31, '1010100': 47, '0010110': 43, '1110100': 24, '0010001': 30, '1010000': 13, '0110001': 16, '0011101': 22, '0110110': 29, '0000100': 5, '1000111': 18, '1010101': 25, '1100111': 19, '1111001': 6, '0111010': 9, '0001110': 15, '0001111': 10, '0110111': 30, '0111001': 5, '1011111': 31, '0010011': 14, '0100111': 8, '1100110': 9, '0001101': 4, '1110101': 24, '0100100': 7, '0000101': 6, '1011000': 13, '0111011': 13, '1001011': 6, '0111101': 19, '0011000': 4, '1010010': 24, '0110010': 5, '0010000': 18, '0111100': 20, '0111000': 5, '1111111': 19, '1010011': 23, '1110000': 5, '0100101': 8, '0110000': 9, '1011010': 3, '1100000': 4, '1110111': 1, '0101111': 13, '0011010': 9, '0011011': 15, '1110011': 10, '0010010': 8, '1011001': 11, '1101100': 4, '0100010': 2, '1101111': 5, '1110010': 5, '0000110': 3, '0010111': 52, '0101101': 8, '0101110': 7, '1000110': 10, '1000001': 4, '1001101': 6, '0011001': 7, '0000010': 2, '1100100': 5, '1111110': 16, '1101110': 5, '0101000': 3, '0110011': 5, '1000101': 2, '1110001': 5, '0011100': 14, '1010001': 14, '1111000': 7, '1001100': 12, '1101011': 2, '0000111': 4, '1111011': 1, '1101101': 6, '0001000': 2, '1001110': 4, '1011011': 3, '1000000': 4, '1101010': 2, '1100101': 3, '0100110': 4, '1001111': 4, '0101100': 4, '1000100': 1, '0001100': 4, '1010111': 1, '1100001': 3, '1111100': 1, '0111110': 2, '1111010': 1}"
vqe_7,1024,'0010011x',"{'1011100': 19, '1010110': 50, '0010100': 40, '1110110': 26, '0010010': 30, '1010000': 29, '0110010': 15, '0011111': 26, '0110100': 25, '0000110': 10, '1000110': 9, '1010111': 34, '1101000': 3, '1111000': 2, '0111001': 14, '0001100': 8, '0001111': 5, '0110101': 29, '1000111': 7, '1011101': 23, '0010011': 22, '1011011': 18, '0100111': 12, '1100100': 10, '1110111': 32, '0100100': 2, '0111110': 31, '1001100': 8, '0111111': 23, '0011001': 11, '1010001': 21, '0110011': 13, '0110111': 1, '0010000': 9, '1100111': 9, '1111101': 16, '1010010': 13, '1110000': 13, '0100110': 10, '0110001': 2, '1011010': 10, '1100110': 8, '1100010': 4, '0101110': 5, '0100101': 4, '0101111': 9, '1010011': 9, '1000101': 10, '0001110': 4, '0011011': 4, '0011110': 25, '1101100': 3, '1110010': 3, '0100001': 2, '1101111': 6, '0010001': 9, '1110001': 5, '1011110': 2, '0000111': 9, '0011000': 19, '1010100': 1, '0101100': 10, '0101101': 6, '0110000': 6, '1000011': 3, '0010101': 37, '1001110': 7, '0111011': 4, '0111010': 1, '1000100': 5, '0000000': 2, '1111100': 15, '1110011': 3, '1111010': 5, '1101110': 10, '0101010': 1, '0001101': 13, '1011001': 5, '1111111': 1, '0111100': 1, '1001111': 9, '1001101': 6, '1101101': 3, '1100101': 6, '0111000': 3, '1000010': 5, '1101001': 2, '1111001': 1, '1011000': 3, '0100000': 1, '0011010': 3, '0101011': 1, '1001001': 3, '1100011': 4, '1111011': 3, '0001010': 2, '0101001': 1, '0000100': 1, '0001011': 1}"
vqe_7,1024,'0010100x',"{'1100100': 11, '1010100': 17, '1100010': 1, '0010100': 8, '1110101': 14, '0001110': 23, '1001100': 15, '0101111': 20, '0100101': 12, '0110100': 16, '0000100': 7, '1000101': 17, '1010111': 14, '1101100': 19, '1111100': 11, '1100011': 2, '0111100': 20, '0000111': 19, '0001010': 2, '1011111': 21, '0010101': 13, '0110111': 20, '1000110': 24, '1100101': 10, '0001111': 21, '0101100': 14, '1100001': 1, '1100111': 17, '0000110': 14, '1110111': 20, '0110110': 20, '0100111': 15, '0000101': 7, '1011100': 13, '0111101': 19, '0111111': 22, '0011101': 12, '1001110': 18, '1010110': 18, '0001100': 11, '0111110': 17, '1111111': 14, '1001111': 21, '1101111': 13, '1011110': 12, '1010101': 17, '1101011': 2, '1100110': 22, '0110101': 14, '0101110': 16, '0011110': 16, '0011111': 17, '1110100': 10, '0010010': 4, '1101101': 8, '0100110': 13, '0010110': 21, '1101110': 13, '0001101': 9, '1110001': 1, '0101101': 15, '1011101': 11, '1000001': 3, '0011000': 2, '1000111': 12, '0001000': 1, '1000100': 8, '0011100': 18, '0000000': 2, '0010111': 23, '1111110': 17, '1110110': 14, '1110011': 1, '0010011': 2, '1010010': 2, '1011010': 1, '1001101': 15, '1111101': 6, '1110010': 1, '0100100': 10, '1111001': 3, '0101011': 1, '1001001': 1, '0011001': 1, '0101000': 1, '1101010': 2, '1101000': 1, '0110010': 1, '0010000': 2, '1010011': 1, '0100010': 1, '1001010': 1, '0011011': 1, '0110001': 1, '1000000': 1, '1011001': 1, '0111010': 1, '0001001': 1}"
vqe_7,1024,'0010101x',"{'1110010': 28, '1011011': 12, '0011011': 8, '1111000': 19, '0010110': 10, '1010100': 16, '0110111': 28, '0110011': 25, '0111000': 20, '0010000': 10, '1010000': 19, '1110000': 27, '1110101': 22, '1111011': 13, '0111011': 27, '0010010': 13, '0010011': 18, '0011101': 10, '0111010': 17, '0010111': 16, '0011100': 3, '1010001': 20, '1110011': 35, '0011001': 7, '0110101': 26, '1110100': 22, '1111010': 20, '0111001': 20, '0111100': 14, '0111110': 12, '0110001': 34, '1010111': 12, '0111111': 17, '1100000': 2, '0010100': 10, '0111101': 13, '1111111': 11, '1010110': 9, '1011000': 12, '1110110': 19, '0110100': 18, '0110110': 21, '1110001': 30, '1011101': 7, '1011001': 6, '0011000': 11, '0011010': 8, '1011110': 10, '1110111': 13, '0011111': 12, '0010101': 10, '0010001': 10, '0110000': 40, '1011010': 11, '1100100': 2, '1010010': 12, '1001111': 1, '0000001': 2, '1100111': 1, '1111101': 12, '0110010': 20, '0101111': 1, '1111001': 14, '0100111': 2, '1000110': 1, '0011110': 7, '0101000': 1, '1010101': 12, '0100100': 1, '1111110': 9, '1111100': 6, '1011111': 4, '1010011': 10, '1101000': 1, '1101010': 1, '1011100': 8, '0101110': 1, '0100110': 2, '1000001': 1, '1101011': 1, '0100101': 1, '1000011': 1, '0101001': 1, '1100001': 1, '0101011': 1, '0101100': 1, '0100010': 1, '1101101': 1}"
vqe_7,1024,'0010110x',"{'1101110': 11, '1010111': 34, '0010101': 22, '1110111': 35, '0010011': 13, '1010000': 13, '0110101': 43, '0110000': 8, '0000110': 9, '1000110': 11, '1011101': 19, '1110010': 16, '1111011': 11, '0111110': 43, '0001101': 6, '0010000': 3, '1101101': 3, '0011000': 5, '0111001': 19, '0010100': 28, '1000111': 9, '1101111': 11, '1101100': 5, '0110011': 27, '1110001': 20, '0001100': 6, '1111001': 7, '0111000': 16, '0110010': 17, '1001100': 6, '0111111': 32, '0100100': 4, '1010110': 31, '1011011': 7, '0111010': 3, '0010010': 13, '1111101': 20, '1010001': 16, '1110110': 29, '0110100': 28, '1100101': 9, '1011000': 4, '1110000': 27, '1011001': 2, '1111010': 14, '1100111': 7, '1010011': 4, '0001111': 5, '1101000': 4, '0100111': 17, '1110011': 8, '1011010': 11, '0110001': 9, '0011011': 2, '0000111': 8, '0010001': 3, '0100000': 2, '1011111': 3, '1101001': 1, '0011110': 29, '1000101': 6, '1011100': 8, '1000100': 5, '0011111': 26, '1001111': 9, '0100110': 10, '0000000': 2, '0101111': 6, '1111100': 17, '0100001': 4, '0011010': 1, '1010010': 4, '0101100': 3, '0011001': 14, '1001110': 8, '0001110': 12, '1001000': 1, '1111000': 6, '1001101': 7, '1100100': 8, '1011110': 1, '0101010': 3, '1110100': 2, '0001010': 1, '1100110': 2, '0111011': 2, '1100010': 2, '0101101': 6, '1000010': 3, '1000011': 3, '1100011': 1, '1001001': 1, '0100101': 3, '0101110': 5, '0011101': 1, '0001011': 1, '0000101': 1, '0010111': 1}"
vqe_7,1024,'0010111x',"{'1101101': 7, '1010101': 27, '1101100': 7, '0010111': 27, '1110101': 27, '0010011': 5, '1010010': 17, '0110110': 40, '0101111': 14, '0110111': 43, '0000101': 6, '1000111': 20, '1011111': 24, '1110011': 26, '1111110': 23, '0111011': 16, '0001110': 13, '0001111': 10, '0111001': 6, '0010110': 34, '1101111': 6, '1101011': 4, '0110010': 10, '1110010': 22, '0001101': 5, '1111001': 15, '1101010': 2, '0110000': 15, '0111100': 34, '1001100': 13, '0111101': 25, '0100011': 4, '1010100': 25, '1011110': 14, '0111010': 14, '0010010': 5, '0010000': 11, '1111111': 25, '1010011': 15, '1110100': 27, '0110001': 19, '1101110': 5, '1100110': 10, '1011001': 12, '1110001': 18, '1111011': 4, '1100111': 14, '1111010': 6, '0100101': 7, '0100110': 6, '1011010': 3, '0111000': 7, '0011010': 9, '0010001': 9, '0000110': 4, '0011111': 2, '0110011': 12, '0110101': 1, '0011011': 7, '1000110': 7, '1000100': 2, '0011101': 25, '1001110': 4, '0100100': 10, '0000010': 2, '0011100': 20, '1111000': 12, '0100111': 8, '0100010': 4, '1000101': 3, '1011000': 9, '1110000': 7, '0101100': 1, '0011001': 4, '0000111': 5, '1001101': 7, '0011000': 3, '0101000': 2, '0001000': 1, '1001111': 6, '1011101': 1, '1010001': 5, '0101110': 8, '1000000': 3, '1010111': 2, '1010000': 2, '1000001': 3, '1100101': 4, '1100100': 2, '1100001': 1, '0000100': 3, '1100000': 1, '1001010': 1, '1011011': 2, '0101101': 2, '0001011': 1, '0001100': 3}"
vqe_7,1024,'0011000x',"{'1100100': 11, '1010100': 14, '1100010': 1, '0010100': 8, '1110110': 17, '0001110': 23, '1001100': 15, '0101111': 20, '0100101': 12, '0110100': 16, '0000100': 6, '1000101': 17, '1010111': 14, '1101100': 19, '1111100': 11, '1100011': 2, '0111100': 20, '0000111': 19, '0001010': 1, '1011111': 20, '0010101': 13, '0110111': 20, '1000110': 24, '1100101': 10, '0001111': 21, '0101100': 14, '1100001': 1, '1100111': 17, '0000110': 14, '1110111': 20, '0110110': 21, '0100111': 15, '0000101': 8, '1011100': 13, '0111101': 19, '0111111': 22, '0011101': 13, '1001110': 18, '1010110': 18, '0001100': 11, '0111110': 17, '1111111': 14, '1001111': 21, '1101111': 13, '1011110': 13, '1010101': 20, '1101011': 2, '1100110': 22, '0110101': 13, '0101110': 16, '0011110': 15, '0011111': 17, '1110100': 9, '0010010': 4, '1101101': 8, '0001011': 1, '0100110': 13, '0010110': 21, '1101110': 13, '0001101': 9, '1110001': 1, '0101101': 15, '1011101': 11, '1000001': 3, '0011000': 2, '1000111': 12, '1110101': 12, '0001000': 1, '1000100': 8, '0011100': 18, '0000000': 2, '0010111': 23, '1111101': 7, '1110011': 1, '0010011': 2, '1010011': 2, '1011010': 1, '1001101': 15, '1111110': 16, '1110010': 1, '0100100': 10, '1111001': 3, '0101011': 1, '1001010': 2, '0011001': 1, '0101000': 1, '1101010': 2, '1101000': 1, '0110010': 1, '0010001': 1, '0100010': 1, '0010000': 1, '1010010': 1, '0011011': 1, '0110001': 1, '1000000': 1, '1011001': 1, '0111010': 1, '0001001': 1}"
vqe_7,1024,'0011001x',"{'1001010': 14, '1000100': 29, '0000100': 21, '1100100': 9, '0000011': 38, '1000010': 36, '0100010': 20, '0001011': 16, '0100011': 18, '0000000': 19, '1000000': 31, '1000110': 16, '1010001': 2, '1101000': 10, '0101000': 14, '0000001': 30, '0000010': 28, '0000101': 29, '0100110': 15, '1001011': 14, '1001001': 22, '0001111': 14, '1001110': 10, '1100110': 14, '0100101': 16, '0001101': 9, '1000111': 21, '0101010': 11, '1000001': 32, '0101110': 4, '0001000': 15, '1000011': 33, '0101111': 10, '1000101': 25, '0100111': 6, '1001111': 17, '0101100': 5, '1110011': 2, '1100001': 14, '0001110': 12, '0100001': 14, '1001100': 9, '1001101': 20, '0100100': 9, '1100111': 10, '0100000': 11, '0001001': 20, '1100011': 14, '0101011': 10, '1001000': 12, '1110100': 1, '1010110': 1, '1100000': 10, '1100010': 8, '0000111': 28, '0010101': 2, '0011101': 1, '0110111': 2, '0000110': 27, '1101111': 4, '0101101': 6, '0101001': 14, '0001100': 8, '1101011': 8, '1100101': 9, '1101001': 5, '0011000': 1, '0001010': 9, '1101100': 4, '1101101': 6, '1010011': 2, '1111101': 1, '1011110': 2, '1011001': 1, '1110010': 1, '0011111': 2, '0010110': 1, '0110010': 2, '1010010': 2, '0110011': 2, '1010000': 2, '1011010': 1, '0010001': 1, '1110000': 1, '0010111': 1, '0010010': 2, '0011001': 3, '0110101': 1, '1101110': 3, '0110000': 1, '1101010': 4, '0010011': 1, '1010111': 1, '1110101': 1, '0011011': 1}"
vqe_7,1024,'0011010x',"{'1010111': 5, '1000111': 46, '1010110': 4, '0001000': 9, '1101100': 18, '0000100': 31, '1000110': 42, '0101000': 13, '0011101': 7, '0101110': 24, '0000001': 8, '1000001': 33, '1001100': 20, '1100110': 25, '1110100': 9, '0110110': 21, '0000011': 25, '1010101': 13, '0001001': 19, '0101111': 29, '0000101': 42, '1011110': 9, '0100011': 13, '1100000': 17, '1101101': 17, '0100001': 4, '0110111': 16, '0111110': 4, '0001111': 34, '0111111': 11, '0101001': 8, '1001011': 9, '0110001': 1, '1100010': 6, '0111101': 7, '1111111': 11, '1100111': 20, '0111100': 10, '1100011': 5, '0100010': 11, '0100101': 22, '1011100': 4, '1010011': 3, '1001010': 19, '1100001': 10, '1011111': 15, '1110010': 1, '1010100': 9, '1101110': 3, '0010100': 4, '0010110': 12, '1101010': 7, '1001101': 21, '1011101': 3, '0100000': 2, '0001010': 3, '0011111': 7, '0000010': 16, '0110101': 3, '0100100': 21, '0001011': 9, '1000000': 18, '0001110': 33, '1000011': 8, '0010101': 4, '1001000': 11, '0000000': 3, '0011100': 11, '1110111': 6, '1110101': 6, '0101100': 2, '1101111': 3, '0011110': 2, '0010111': 8, '1000010': 8, '1111101': 2, '1111110': 8, '1111001': 1, '0110000': 1, '1001110': 1, '1111100': 4, '0101011': 2, '0110100': 2, '1110011': 1, '1101001': 1, '0011010': 1, '1101011': 7, '1000100': 1, '0010000': 2, '1001001': 4, '1011000': 2, '0111011': 2, '1000101': 1, '0101010': 1, '0111010': 1, '1110110': 2, '1111000': 1, '1010010': 1, '0010001': 1, '1101000': 1}"
vqe_7,1024,'0011011x',"{'1010111': 13, '1001000': 19, '0000111': 48, '1101110': 24, '0000110': 37, '1000100': 38, '0100111': 32, '0011110': 11, '0101011': 12, '0000000': 11, '1000010': 34, '1001110': 22, '1100100': 20, '1110110': 9, '0110101': 14, '0000010': 8, '0001010': 18, '0101101': 22, '0001000': 3, '1011101': 8, '1010110': 18, '0100110': 29, '1100010': 10, '1101111': 21, '0100000': 9, '1001111': 27, '0110111': 8, '0111111': 13, '0001101': 30, '1000101': 33, '0101010': 9, '0110011': 1, '1100011': 18, '0111110': 10, '0110100': 6, '1111111': 7, '1100101': 19, '0111101': 7, '0100001': 10, '1011100': 8, '1010100': 4, '1001001': 18, '1011111': 12, '1100000': 9, '0101100': 17, '1110100': 4, '0000011': 14, '0010100': 11, '1001010': 8, '1101001': 6, '0011111': 10, '0101110': 4, '1101000': 2, '0000001': 15, '0001011': 17, '1000001': 6, '1000000': 11, '0001100': 29, '1000011': 18, '0110010': 2, '1111110': 6, '0110110': 11, '1100001': 4, '1110111': 8, '1101100': 2, '0010101': 10, '1110000': 4, '1010000': 2, '0010110': 2, '1111100': 5, '1110101': 4, '1111101': 6, '1111010': 1, '0111000': 3, '1010001': 1, '0111100': 4, '1001011': 4, '0011001': 3, '0100010': 2, '0011100': 3, '1011110': 2, '0010011': 2, '1011010': 1, '1010101': 1, '1101011': 1, '0101000': 1, '0100011': 4, '0101111': 1, '0011101': 5, '1100110': 1, '0010111': 1, '0111001': 1, '0001001': 2, '1000110': 1, '1111001': 1, '1111011': 1}"
vqe_7,1024,'0011100x',"{'1100100': 11, '1010100': 14, '1100010': 1, '0010100': 8, '1110110': 17, '0001110': 23, '1001100': 15, '0101111': 20, '0100101': 12, '0110100': 16, '0000100': 6, '1000101': 17, '1010111': 14, '1101100': 19, '1111100': 11, '1100011': 2, '0111100': 20, '0000111': 19, '0001010': 2, '1011111': 20, '0010101': 13, '0110111': 20, '1000110': 24, '1100101': 10, '0001111': 21, '0101100': 15, '1100000': 1, '1100111': 17, '0000110': 14, '1110111': 20, '0110110': 21, '0100111': 15, '0000101': 8, '1011100': 13, '0111101': 19, '0111111': 22, '0011101': 13, '1001110': 17, '1010110': 18, '0001100': 11, '0111110': 17, '1111111': 14, '1001111': 21, '1101111': 13, '1011110': 13, '1010101': 20, '1101011': 2, '1100110': 22, '0110101': 13, '0101110': 16, '0011110': 15, '0011111': 17, '1110100': 9, '0010010': 4, '1101101': 10, '0100110': 13, '0010110': 21, '1101110': 11, '0001101': 9, '1110000': 1, '0101101': 14, '1011101': 11, '1000001': 2, '0011000': 2, '1000111': 12, '1110101': 12, '0001000': 1, '1000100': 8, '0011100': 18, '0000000': 2, '0010111': 23, '1111101': 7, '1110011': 1, '0010011': 2, '1001101': 16, '1010010': 2, '1011010': 1, '1111110': 16, '1110010': 1, '0100100': 10, '1111001': 3, '0101011': 1, '1001010': 2, '0011001': 1, '0101000': 1, '1101010': 2, '1101000': 1, '0110010': 1, '0010000': 2, '1010011': 1, '0100010': 1, '1000000': 2, '0011011': 1, '0110001': 1, '1011001': 1, '0111010': 1, '0001001': 1}"
vqe_7,1024,'0011101x',"{'1100010': 33, '1001100': 10, '0001100': 6, '1101001': 18, '0000111': 14, '1000101': 13, '0100111': 25, '0100011': 28, '0101000': 18, '0000000': 7, '1000001': 22, '1100000': 24, '1100101': 26, '1101100': 10, '0101100': 20, '0000011': 19, '0000100': 8, '0001110': 9, '0101010': 23, '0001101': 3, '1100011': 21, '0001010': 8, '0100101': 23, '1100100': 33, '0000010': 12, '1101011': 20, '0100100': 18, '0000001': 10, '1100001': 27, '0101101': 19, '1000010': 18, '0101111': 10, '0100001': 33, '1001000': 14, '0110001': 4, '0101011': 14, '0000101': 9, '0101110': 14, '1111000': 3, '1000111': 8, '1001001': 9, '1100111': 18, '0110000': 2, '1001110': 8, '0101001': 18, '0100110': 23, '1000110': 12, '1001010': 8, '0100010': 24, '1101000': 12, '0001001': 10, '0001011': 8, '1111001': 1, '1100110': 16, '1001111': 11, '0010100': 1, '1001011': 9, '0011100': 1, '0000110': 8, '1000000': 9, '0111011': 2, '0100000': 36, '1000011': 12, '1110011': 2, '1101110': 11, '0001000': 14, '0011000': 2, '1101010': 13, '0010001': 1, '1101101': 7, '0010111': 1, '1001101': 7, '0001111': 8, '1101111': 8, '1010111': 1, '0011101': 2, '1111110': 1, '1000100': 10, '1010010': 1, '1011001': 1, '0110111': 2, '1110100': 1, '0111000': 2, '0110010': 2, '1110110': 1, '0111010': 1, '1110000': 2, '0010110': 1, '0110110': 1, '0010010': 1, '1110010': 1, '1010011': 1, '0110011': 2, '0110100': 1, '1111010': 1, '0011110': 1, '0011011': 1}"
vqe_7,1024,'0011110x',"{'1100011': 18, '1010000': 2, '0001101': 20, '1101111': 33, '0001010': 10, '1000101': 22, '0101011': 17, '0100110': 34, '0101100': 29, '0000001': 9, '1000011': 21, '1011101': 8, '1001111': 23, '1100101': 37, '1110110': 11, '0110101': 15, '0000110': 27, '0000111': 25, '1100010': 26, '0010100': 10, '0101101': 30, '0001011': 9, '0010011': 2, '1100100': 38, '0100111': 39, '1011111': 8, '0110111': 8, '1000100': 22, '0111111': 13, '0100000': 22, '1001110': 25, '1010111': 8, '0110011': 2, '0111110': 11, '0110100': 8, '1111111': 6, '1001101': 1, '1001000': 10, '1101001': 14, '0101010': 12, '1010110': 18, '1110100': 1, '0101000': 5, '1001011': 2, '0101001': 5, '0001110': 2, '1001010': 1, '1110000': 2, '0100001': 22, '1101110': 21, '0111101': 6, '0001100': 19, '1011110': 7, '1100001': 7, '0010101': 10, '0000010': 3, '0010110': 9, '1000010': 8, '1000000': 8, '0011110': 12, '0110010': 2, '1111110': 5, '1010001': 4, '0011111': 14, '0000000': 4, '0011100': 6, '1011010': 1, '1110111': 10, '0110110': 8, '0011000': 3, '1101000': 10, '1001001': 10, '1110001': 4, '1010100': 6, '1101010': 2, '0011101': 6, '1111100': 6, '0010111': 5, '1111101': 7, '1111010': 2, '0111000': 3, '0000011': 3, '0111100': 4, '1011011': 1, '1101011': 3, '1100000': 9, '0100011': 11, '1011100': 4, '1110101': 3, '1010010': 1, '1010101': 3, '0101111': 1, '1000001': 1, '0001000': 2, '0100010': 2, '0111001': 1, '1001100': 1, '0011001': 1, '1111011': 1, '0010010': 1}"
vqe_7,1024,'0011111x',"{'1100010': 8, '1001111': 2, '0001111': 23, '1101100': 23, '0001011': 4, '1000111': 30, '0101110': 37, '0100100': 28, '0000010': 8, '1000010': 8, '1011110': 12, '1001110': 2, '1100111': 40, '1110101': 7, '0110110': 16, '0000100': 21, '0000101': 22, '1100001': 25, '0010101': 4, '0101111': 35, '0001110': 28, '0010100': 2, '1000110': 30, '1100110': 46, '0100101': 32, '1101101': 26, '1011111': 12, '0110111': 21, '0111110': 5, '0100000': 14, '1001100': 23, '0111111': 9, '1010111': 5, '0110100': 3, '0001001': 4, '0111101': 8, '1111111': 11, '1001010': 9, '1101010': 14, '0111100': 11, '0101011': 3, '1100011': 8, '1010100': 12, '1010101': 13, '1110100': 9, '0101001': 16, '1001101': 17, '1110010': 2, '0100010': 22, '0001010': 4, '1100000': 16, '0010110': 19, '1101000': 3, '0110000': 3, '0001000': 7, '1101011': 5, '1101001': 3, '0000011': 9, '0011111': 6, '0101000': 11, '0010111': 14, '1000001': 10, '1000000': 11, '0011101': 9, '0100001': 6, '1001011': 5, '1010010': 4, '0110001': 3, '0011110': 13, '0000000': 2, '0011100': 10, '1011001': 1, '1111000': 4, '1110011': 4, '1010011': 3, '1001001': 4, '1111101': 3, '1111110': 8, '1111100': 4, '0111010': 3, '1010110': 4, '1011100': 4, '0110101': 2, '0101010': 3, '0100011': 14, '1011101': 1, '1110111': 3, '0100110': 1, '1000011': 4, '0111011': 2, '1110110': 2, '1111001': 1, '0011010': 1, '0000001': 1, '0011011': 2, '1001000': 1, '0010001': 1}"
vqe_7,1024,'0100000x',"{'1100000': 14, '1010000': 16, '0010000': 16, '1110001': 16, '0001010': 22, '1001000': 16, '0101110': 2, '0100001': 14, '0110001': 19, '0000000': 7, '1000001': 20, '1010110': 5, '1101000': 21, '1111000': 13, '0111000': 18, '0000011': 18, '0001000': 13, '1011101': 2, '0010001': 15, '0110011': 17, '1000010': 22, '1100001': 11, '0001101': 3, '1011011': 18, '0101000': 15, '1100011': 18, '0000010': 12, '1110011': 16, '0110010': 18, '0100011': 11, '0000001': 9, '1011000': 12, '0111001': 22, '0111011': 18, '0011001': 13, '1001011': 20, '0110000': 15, '1010010': 17, '0110101': 1, '0111010': 16, '1111011': 13, '1001010': 13, '1101011': 14, '0100101': 1, '0101011': 12, '1011010': 12, '1010001': 22, '1100010': 19, '1110111': 1, '0101010': 13, '1001111': 2, '0000101': 2, '0011010': 14, '0001110': 2, '0011011': 16, '0001011': 16, '1111100': 2, '0101100': 6, '1101001': 13, '1110000': 11, '0100010': 12, '0010010': 18, '1101010': 10, '0001001': 10, '0101001': 16, '1011001': 14, '1010011': 8, '1000000': 10, '0011000': 22, '1000011': 7, '0100110': 2, '0000111': 2, '0010011': 19, '1111001': 11, '1110010': 13, '1001001': 17, '1110101': 3, '0011110': 1, '1111010': 11, '0100111': 1, '1111111': 1, '1001101': 1, '1000101': 3, '0110111': 1, '0100000': 9, '1000100': 1, '0111111': 3, '1001100': 2, '1000110': 1, '1010111': 1, '0010111': 3, '0010110': 1, '1000111': 1, '0110110': 1, '0100100': 1, '0011111': 1, '0111110': 1, '1110100': 1, '1100110': 1, '0010100': 1, '0111100': 1, '0101101': 1, '0101111': 2, '0001111': 1, '1011110': 1, '1100101': 1}"
vqe_7,1024,'0100001x',"{'1011101': 31, '1011000': 37, '1011100': 35, '0011000': 26, '1111000': 15, '0010101': 16, '1010100': 23, '0110100': 13, '0011101': 28, '0110110': 10, '0001110': 2, '1010000': 21, '1011010': 17, '1011111': 30, '1111100': 14, '0111100': 28, '0010010': 9, '0010100': 20, '0111001': 20, '0010111': 17, '0011111': 30, '1011110': 32, '1111010': 10, '0011110': 23, '0010000': 10, '1010001': 19, '0111110': 12, '0011011': 21, '1010110': 21, '0111111': 17, '0110101': 11, '1011001': 21, '0111010': 10, '0111101': 19, '0111011': 8, '1111111': 11, '1010101': 19, '1010111': 12, '1110010': 8, '0110010': 4, '0111000': 12, '1111011': 8, '0110000': 8, '0010011': 13, '0110011': 2, '0110111': 6, '0011100': 30, '1110110': 7, '0010110': 23, '0110001': 8, '1110101': 6, '0011001': 31, '1110000': 6, '1110100': 5, '1110001': 4, '1011011': 15, '1001110': 2, '0011010': 25, '1010010': 6, '1001001': 1, '0000001': 2, '1110111': 6, '1111101': 14, '1000101': 1, '1110011': 2, '1111001': 10, '1001010': 1, '1111110': 9, '0010001': 11, '1010011': 7, '1100111': 1, '1101000': 1, '0101010': 1, '0001101': 1, '0101111': 1, '1000001': 1, '1101111': 1, '1100110': 1, '1000100': 1, '1001101': 2, '0001010': 1, '0101100': 1}"
vqe_7,1024,'0100010x',"{'1011101': 13, '1010101': 21, '0010101': 6, '1110100': 10, '0010000': 30, '1010010': 31, '0110000': 24, '0011101': 22, '0110001': 25, '0000010': 6, '1000010': 10, '1011000': 38, '1101000': 6, '1111001': 22, '0111011': 37, '0001001': 15, '0001110': 2, '0010110': 8, '0111010': 21, '0010001': 34, '1000110': 4, '1011110': 17, '0101000': 14, '1100001': 8, '1111000': 28, '0110111': 11, '0100000': 4, '0000011': 7, '1011001': 35, '1001001': 8, '0111101': 12, '0011011': 34, '1010011': 27, '0111110': 7, '1100011': 8, '0111100': 16, '1111111': 11, '1010100': 14, '1110010': 14, '1100110': 5, '0100010': 9, '1010111': 4, '1100010': 5, '1011111': 20, '1100000': 14, '0110100': 3, '0101010': 4, '0100001': 4, '1011100': 13, '0101011': 6, '0001011': 4, '0011100': 22, '1000011': 7, '1110011': 15, '0010100': 6, '0101111': 3, '1101001': 4, '0001111': 1, '0010111': 19, '1101011': 9, '0011111': 8, '0101001': 10, '0011010': 40, '0110011': 1, '1000001': 6, '1000000': 11, '1001011': 10, '0000000': 2, '0110110': 6, '0011000': 2, '1110101': 9, '0100111': 1, '0110010': 1, '1001010': 9, '0001010': 4, '1111101': 2, '1111110': 8, '1111100': 5, '0000100': 1, '1101010': 6, '1110000': 1, '0001000': 7, '0110101': 3, '0000101': 3, '0011110': 4, '0100011': 7, '1001100': 1, '1010110': 5, '1100111': 1, '1011010': 1, '1001000': 3, '0010010': 2, '1000111': 1, '1001101': 1, '0111111': 2, '0000001': 1, '1101101': 1, '0011001': 1}"
vqe_7,1024,'0100011x',"{'1011101': 23, '1010110': 17, '0010101': 11, '1110011': 3, '0010010': 23, '1010000': 37, '0110010': 20, '0011111': 15, '0110011': 21, '0000001': 8, '1000011': 15, '1011010': 25, '1010101': 8, '1101000': 12, '1111011': 17, '0111001': 40, '0001010': 15, '0001011': 11, '1011100': 26, '0010111': 8, '0111000': 32, '0010011': 30, '1000110': 1, '0010100': 15, '0100110': 2, '1100010': 8, '1111010': 26, '0100000': 7, '1011011': 28, '1001000': 15, '0111111': 12, '0011001': 45, '1010001': 32, '1100011': 12, '0111110': 10, '1111110': 5, '1110000': 16, '0111101': 7, '1100110': 1, '0100001': 10, '1010111': 18, '1011111': 12, '1100000': 11, '0110100': 8, '0101011': 9, '1000101': 3, '0011100': 15, '1110001': 18, '0111100': 5, '0101100': 2, '0100111': 4, '0011000': 48, '1101011': 5, '0000010': 4, '0001101': 4, '1010100': 6, '0101001': 5, '0101101': 3, '0101010': 10, '0110000': 2, '1000010': 7, '1000000': 8, '1001010': 1, '1111101': 10, '0000000': 3, '0011110': 17, '0110101': 8, '1110110': 7, '1101010': 5, '0101000': 5, '1011110': 5, '0011101': 4, '0000011': 5, '1001001': 10, '1111100': 11, '1110111': 5, '0100010': 3, '1110010': 2, '1111111': 1, '1101001': 7, '0000111': 1, '1110101': 3, '1001011': 6, '1100001': 4, '1001110': 1, '0100011': 5, '1100101': 1, '1100100': 1, '1000001': 2, '0110110': 1, '0110111': 1, '0001001': 3, '0010110': 2, '0001000': 3, '1011000': 1, '1001111': 1, '1110100': 1, '1101111': 1, '1000100': 1}"
vqe_7,1024,'0100100x',"{'1100000': 14, '1010000': 16, '0010000': 16, '1110001': 16, '0001010': 22, '1001000': 16, '0101110': 2, '0100001': 14, '0110001': 18, '0000000': 7, '1000001': 20, '1010110': 6, '1101000': 21, '1111000': 13, '0111000': 18, '0000011': 18, '0001000': 13, '1011101': 2, '0010001': 15, '0110011': 17, '1000010': 22, '1100001': 11, '0001101': 3, '1011011': 18, '0101000': 15, '1100011': 18, '0000010': 12, '1110011': 18, '0110010': 19, '0100011': 12, '0000001': 9, '1011000': 13, '0111001': 23, '0111011': 18, '0011001': 14, '1001011': 20, '0110000': 15, '1010010': 17, '0110101': 1, '0111010': 15, '1111011': 12, '1001010': 13, '1101011': 14, '0100101': 1, '0101011': 12, '1011010': 12, '1010001': 22, '1100010': 19, '1110111': 1, '0101010': 13, '1001111': 2, '0000101': 1, '0011010': 13, '0001110': 1, '0011011': 16, '0001011': 16, '1111100': 1, '0101100': 6, '1101001': 13, '1110000': 11, '0100010': 12, '0010010': 18, '1101010': 10, '0001001': 10, '0101001': 16, '1011001': 13, '1010011': 8, '1000000': 10, '0011000': 21, '1000011': 7, '0100110': 2, '0000111': 2, '0010011': 19, '1111001': 11, '1110010': 11, '1001001': 17, '1110101': 3, '0011110': 1, '0000100': 1, '1111010': 12, '0100111': 1, '1111111': 1, '1001101': 1, '1000101': 3, '0110111': 1, '0100000': 9, '1000100': 1, '0111111': 3, '0010111': 4, '1001100': 2, '1000110': 1, '0010110': 1, '1000111': 1, '0110110': 1, '0011111': 1, '0111110': 1, '1110100': 1, '1100110': 1, '0010100': 1, '0001100': 1, '0111100': 1, '0101101': 1, '0101111': 2, '0001111': 1, '1011110': 1, '1111101': 1, '1100101': 1}"
vqe_7,1024,'0100101x',"{'1110101': 18, '1011101': 20, '0011101': 21, '1111100': 34, '0011010': 10, '1011000': 14, '0111011': 19, '0110110': 14, '0111100': 45, '0010000': 4, '1010001': 12, '1110000': 13, '1111001': 28, '1111101': 36, '0111101': 43, '0010101': 9, '0011000': 13, '0011110': 12, '0011011': 10, '1010011': 5, '1110110': 10, '1110100': 22, '0111001': 27, '1111000': 27, '0111000': 22, '0010001': 5, '1110001': 14, '0111110': 33, '1010100': 16, '0111111': 29, '0110010': 11, '1011011': 10, '1100001': 1, '1111111': 20, '1011010': 7, '1011100': 21, '1111010': 15, '1011110': 18, '1110111': 18, '0111010': 20, '0010111': 8, '0110100': 21, '1010010': 5, '0011100': 19, '1110011': 8, '1011111': 14, '0110111': 12, '0011111': 20, '0011001': 10, '1111011': 12, '0010011': 3, '0110001': 22, '1010000': 5, '1101000': 2, '0110000': 17, '1010110': 4, '0110011': 6, '1001111': 1, '0000010': 2, '1101100': 2, '1111110': 19, '0101111': 1, '0101100': 3, '1011001': 17, '1001010': 1, '0110101': 11, '1010101': 5, '0101000': 1, '0010110': 9, '0010100': 7, '1010111': 7, '0010010': 3, '0101011': 1, '1101101': 2, '1100000': 1, '1110010': 6, '0101110': 2, '0101010': 2, '1000010': 1, '0101001': 1, '1001000': 1, '1100011': 1, '0101101': 1, '0100101': 1, '1101110': 1}"
vqe_7,1024,'0100110x',"{'1101001': 11, '1011010': 31, '0011000': 25, '1111011': 35, '0010011': 18, '1010000': 24, '0111000': 46, '0101101': 5, '0000001': 6, '1000011': 14, '1011101': 15, '1110001': 33, '1111100': 20, '0111101': 19, '0001010': 9, '0001101': 2, '1101000': 16, '0011001': 36, '0111001': 46, '1001000': 16, '0111100': 14, '1101111': 2, '0110100': 17, '0110011': 21, '0000010': 4, '1011110': 3, '0111111': 21, '0100000': 13, '1010011': 2, '1011011': 25, '0010010': 16, '0111110': 23, '1111111': 8, '1010001': 20, '1010111': 7, '1110111': 11, '0110010': 16, '1101010': 3, '1100011': 8, '1110000': 35, '0110101': 12, '0110110': 6, '1010110': 8, '0001011': 13, '1100101': 2, '1010101': 3, '0100010': 5, '0100011': 6, '1111010': 24, '0010101': 9, '1100010': 8, '0110111': 3, '1101110': 3, '1110011': 1, '1101011': 2, '0010000': 1, '1110110': 10, '0000011': 4, '1011111': 5, '1000010': 6, '1000000': 8, '0011110': 12, '1001011': 4, '0100001': 9, '1111110': 6, '0001100': 2, '0011111': 14, '0000000': 3, '0101100': 4, '0011101': 8, '1011100': 7, '1111101': 20, '0011100': 5, '0010100': 14, '0101000': 6, '1000001': 3, '0101010': 3, '1001010': 5, '0011010': 1, '1110100': 5, '0001000': 2, '1001001': 8, '1110101': 3, '0000110': 3, '1111001': 1, '1100000': 3, '0010110': 1, '0101011': 11, '1001110': 2, '1100001': 3, '1010100': 3, '0100110': 2, '1111000': 1, '1100100': 2, '1001111': 1, '0001001': 4, '1010010': 4, '0100111': 2, '1000100': 1, '1000101': 1}"
vqe_7,1024,'0100111x',"{'1101010': 11, '1011000': 34, '0011010': 20, '1111001': 42, '0010001': 26, '1010010': 21, '0111010': 42, '0101110': 4, '0000010': 8, '1000011': 8, '1011110': 12, '1110100': 17, '1111100': 12, '0111100': 31, '0001001': 10, '0001110': 2, '1101001': 4, '0111011': 39, '1000110': 4, '1101100': 2, '0010111': 13, '0110001': 30, '1110011': 24, '1101000': 5, '0110000': 21, '1011111': 12, '0111101': 28, '1001001': 9, '0111110': 7, '0100001': 4, '1010100': 11, '0111111': 11, '1011001': 28, '0010000': 20, '1111111': 14, '1010011': 19, '1010111': 2, '1111000': 32, '1000010': 8, '0110111': 9, '1101011': 8, '1100010': 4, '1110010': 30, '0110110': 14, '1100110': 3, '1010101': 11, '0001011': 4, '1100011': 5, '1100111': 4, '0100011': 11, '0010100': 2, '1100001': 8, '0001111': 1, '0011011': 28, '1110101': 11, '1110110': 3, '0000011': 5, '0011111': 2, '0110100': 8, '1000001': 7, '1000000': 10, '0011100': 19, '1001011': 9, '0100010': 9, '0011101': 19, '0000000': 2, '0101011': 4, '1011011': 1, '1111110': 18, '0101000': 9, '0100000': 7, '1111101': 7, '1001010': 8, '0001010': 10, '1000111': 1, '0000100': 1, '0010010': 2, '0001000': 6, '0010101': 4, '1011100': 4, '0000101': 3, '0010110': 3, '0101001': 7, '1001101': 1, '1100000': 8, '0110101': 2, '1011101': 1, '0010011': 2, '0011110': 1, '0100101': 2, '0101111': 2, '1001000': 4, '0110010': 1, '1101101': 2, '0101010': 5, '1001100': 1, '1010001': 1, '0000001': 1, '1110111': 1, '0100100': 1}"
vqe_7,1024,'0101000x',"{'1100000': 14, '1010000': 16, '0010000': 16, '1110001': 16, '0001010': 21, '1001000': 16, '0101110': 2, '0100001': 15, '0110001': 18, '0000000': 7, '1000001': 20, '1010110': 5, '1101000': 21, '1111000': 13, '0111000': 18, '0000011': 18, '0001000': 14, '1011101': 1, '0010001': 15, '0110011': 16, '1000010': 22, '1100001': 11, '0001101': 2, '1011011': 18, '0101000': 15, '1100011': 18, '0000010': 12, '1110011': 18, '0110010': 19, '0100011': 11, '0000001': 9, '1011000': 13, '0111001': 23, '0111011': 18, '0011001': 14, '1001011': 20, '0110000': 15, '1010010': 17, '0110101': 1, '0001001': 11, '0111010': 15, '1111011': 12, '1001010': 13, '1101011': 14, '0100101': 1, '0101011': 12, '1011010': 12, '1010001': 22, '1100010': 19, '1110111': 1, '0101010': 13, '1001111': 2, '0000101': 2, '0011010': 13, '0001111': 2, '0011011': 16, '0001011': 16, '1111100': 1, '0101100': 6, '1101001': 13, '1110000': 11, '0100010': 12, '0010010': 18, '1101010': 10, '0101001': 16, '1011001': 13, '1010011': 8, '1000000': 9, '0011000': 22, '1000011': 8, '0100110': 2, '0010011': 19, '1111001': 11, '1110010': 11, '0001110': 2, '1001001': 17, '1110101': 3, '0011110': 1, '1111010': 12, '0110100': 1, '0100111': 1, '1111111': 1, '1001110': 1, '1000101': 3, '0110111': 1, '0100000': 8, '1000100': 1, '0111111': 3, '1001100': 2, '1000110': 1, '1010111': 1, '0010111': 3, '0000111': 1, '0010110': 1, '1000111': 1, '0110110': 1, '0100100': 1, '0011111': 1, '0111110': 1, '1110100': 1, '1100110': 1, '1011110': 2, '0010100': 1, '0111100': 1, '0101101': 1, '0101111': 2, '1111101': 1, '1100101': 1}"
vqe_7,1024,'0101001x',"{'1001101': 35, '1001000': 31, '0001000': 24, '1101000': 12, '0000110': 14, '1000101': 28, '0100101': 10, '0001101': 31, '0100111': 9, '0000000': 7, '1000001': 22, '1001010': 14, '1010011': 1, '1101100': 14, '0101100': 26, '0000011': 8, '0000100': 21, '0001001': 33, '0101010': 13, '0001111': 26, '1001111': 28, '1101010': 13, '0101001': 17, '0001110': 18, '0000001': 9, '1001011': 15, '0101101': 20, '1000010': 13, '0101111': 14, '0001100': 36, '1000111': 21, '0100110': 9, '1001001': 31, '0101011': 7, '0000101': 19, '0101110': 15, '1110110': 2, '1000110': 11, '1100100': 12, '0100100': 11, '1001100': 31, '1001110': 31, '0101000': 11, '0100001': 8, '1101011': 10, '1100111': 7, '0000111': 23, '0100010': 6, '1111000': 1, '1011010': 1, '1100110': 5, '1100001': 6, '1100101': 3, '1100010': 3, '0011001': 2, '0011110': 2, '1000000': 9, '0111011': 2, '0001011': 26, '1000100': 14, '1101111': 8, '0001010': 20, '1101101': 13, '1101001': 10, '0011100': 3, '1010100': 2, '0100011': 4, '1000011': 7, '1101110': 10, '1010110': 1, '0000010': 8, '1111110': 1, '1011111': 2, '1100011': 2, '1011101': 2, '1100000': 4, '0011111': 2, '0011010': 1, '0110101': 1, '0110111': 1, '1010000': 1, '0100000': 3, '0110100': 1, '1010001': 1, '0010100': 2, '1110000': 1, '0011011': 1, '0010110': 2, '0111001': 1, '0110001': 1, '1010101': 1, '1110111': 1, '1011000': 1, '0111000': 1, '1011011': 1, '0011101': 1, '1111001': 1}"
vqe_7,1024,'0101010x',"{'1010101': 2, '1001011': 43, '1010011': 11, '0001001': 44, '1101100': 15, '0001000': 46, '1000110': 19, '0101000': 32, '0011010': 12, '0101001': 29, '0000010': 13, '1000000': 32, '1001101': 25, '1100001': 27, '1110010': 6, '1010100': 2, '0110001': 17, '0000011': 19, '0000101': 15, '0101111': 14, '1000001': 31, '1011001': 10, '0100011': 18, '1100000': 23, '1101101': 14, '0101110': 14, '0100010': 15, '0110011': 8, '0111011': 12, '0001111': 21, '1001010': 36, '1001100': 20, '0110000': 4, '0111010': 9, '1111011': 7, '1101010': 16, '1011000': 10, '1010001': 4, '1011011': 4, '0101100': 6, '1110000': 7, '0100111': 1, '1010010': 12, '1001001': 1, '1001000': 1, '0000100': 16, '1101111': 3, '0010000': 12, '1101011': 20, '0111001': 6, '1001111': 5, '1101110': 3, '0100000': 1, '1100111': 5, '0011101': 3, '0000111': 5, '1011111': 6, '0100100': 10, '0100101': 6, '0001100': 14, '0001110': 23, '1111010': 5, '0110010': 11, '0011100': 2, '0001101': 15, '0101101': 6, '1110101': 2, '0001010': 1, '0010001': 10, '1100110': 5, '1000111': 11, '1010000': 3, '0011011': 6, '0010010': 2, '1011110': 3, '1111000': 10, '1110001': 5, '1111001': 7, '0110111': 3, '1110011': 5, '0111000': 5, '1111111': 1, '1100011': 1, '1000100': 6, '1100101': 3, '1000101': 3, '0011000': 6, '1001110': 7, '1011010': 3, '1100010': 1, '0100110': 1, '0011001': 4, '0010011': 1, '0000110': 1, '0111100': 2, '0111101': 1, '1100100': 1}"
vqe_7,1024,'0101011x',"{'1010110': 2, '1001001': 53, '1010011': 4, '0001011': 36, '1101011': 2, '0001010': 39, '1000110': 4, '0101010': 26, '0011001': 13, '0101011': 26, '0000000': 16, '1000011': 35, '1001101': 7, '1100011': 24, '1110001': 7, '0110010': 15, '0000001': 30, '0000101': 5, '1010010': 7, '0101110': 6, '1011010': 9, '0100001': 21, '1100010': 20, '1101111': 13, '1010001': 13, '0101101': 15, '0100000': 18, '1001110': 22, '0110011': 14, '0111010': 5, '0001110': 10, '1001000': 45, '0111011': 8, '1001100': 8, '0110000': 4, '0000111': 10, '0000110': 12, '0111001': 10, '1111011': 10, '1101000': 19, '1011001': 4, '1010000': 8, '1011011': 7, '0101100': 13, '1110000': 11, '0100111': 8, '1000010': 22, '0000100': 4, '0010010': 12, '1011100': 5, '1101001': 23, '0111000': 12, '1001111': 14, '1100100': 7, '0001100': 29, '0011111': 3, '0101111': 6, '1011101': 5, '0100101': 3, '0001101': 30, '1000100': 10, '0001111': 9, '1101010': 1, '1110110': 3, '1000101': 14, '1101101': 6, '0010011': 8, '0100011': 2, '1100101': 6, '0011011': 2, '1111001': 3, '1101110': 8, '1111010': 7, '0110110': 2, '1111000': 5, '1110010': 3, '1111101': 1, '1101100': 4, '0110100': 2, '0110001': 2, '1000111': 6, '0110101': 3, '0100010': 2, '0011000': 9, '0010001': 4, '1100110': 1, '0011010': 2, '1010111': 2, '0001000': 1, '0100110': 3, '1110111': 2, '1011000': 3, '0010000': 2, '0011110': 3, '1100001': 2, '1100000': 1, '0010101': 1, '1100111': 1, '0100100': 3, '1110011': 2, '0111110': 3, '1111100': 1}"
vqe_7,1024,'0101100x',"{'1100000': 14, '1010000': 16, '0010000': 16, '1110001': 16, '0001010': 22, '1001000': 16, '0101110': 2, '0100001': 14, '0110001': 18, '0000000': 7, '1000001': 20, '1010110': 6, '1101000': 21, '1111000': 13, '0111000': 18, '0000011': 18, '0001000': 14, '1011101': 2, '0010001': 15, '0110011': 16, '1000010': 22, '1100001': 11, '0001101': 2, '1011011': 18, '0101000': 15, '1100011': 18, '0000010': 12, '1110011': 18, '0110010': 19, '0100011': 11, '0000001': 9, '1011000': 13, '0111001': 23, '0111011': 18, '0011001': 14, '1001011': 20, '0110000': 15, '1010010': 17, '0110101': 1, '0111010': 15, '1111011': 12, '1001010': 13, '1101011': 14, '0100101': 1, '0101011': 12, '1011010': 12, '1010001': 22, '1100010': 19, '1110111': 1, '0101010': 13, '1001111': 2, '0000101': 2, '0011010': 13, '0001110': 3, '0011011': 16, '0001011': 16, '1111100': 1, '0101100': 6, '1101001': 13, '1110000': 11, '0100010': 12, '0010010': 18, '1101010': 10, '0001001': 10, '0101001': 16, '1011001': 13, '1010011': 8, '1000000': 10, '0011000': 22, '1000011': 7, '0100110': 2, '0010011': 19, '1111001': 11, '1110010': 11, '1001001': 17, '1110101': 3, '0011110': 1, '1111010': 12, '0110100': 1, '0100111': 1, '1111111': 1, '1001101': 1, '1000101': 3, '0110111': 1, '0100000': 9, '1000100': 1, '0111111': 3, '1001100': 2, '1000110': 1, '0010111': 3, '0000111': 1, '0010110': 1, '1000111': 1, '0110110': 1, '0100100': 1, '0011111': 1, '0111110': 1, '1110100': 1, '1100110': 1, '0010100': 1, '0111100': 1, '0101101': 1, '0101111': 2, '0001111': 1, '1011110': 1, '1111101': 1, '1100101': 1}"
vqe_7,1024,'0101101x',"{'1100110': 14, '1001110': 18, '0001110': 11, '1101101': 39, '0001011': 10, '1001001': 17, '0101100': 43, '0100111': 15, '0000001': 4, '1000011': 9, '1100001': 13, '1101001': 30, '1101110': 19, '0101110': 38, '0000110': 7, '0001000': 11, '1100101': 22, '0001111': 17, '0101101': 40, '0001100': 27, '1000100': 10, '1100111': 10, '0001101': 15, '0101001': 26, '1101000': 34, '0101000': 20, '0000011': 4, '1100010': 9, '1000101': 15, '0101111': 26, '0100011': 10, '1001100': 22, '0110100': 4, '1100000': 10, '0001001': 15, '1111100': 4, '1001011': 8, '1001101': 18, '1101011': 14, '0110010': 1, '0101011': 19, '1100100': 15, '1001111': 19, '0101010': 17, '1001010': 10, '1000010': 6, '0100100': 17, '0100101': 18, '1101100': 26, '1101010': 14, '0011000': 1, '0000100': 7, '1100011': 8, '0011110': 3, '1000001': 5, '0111101': 3, '0100001': 18, '1000111': 5, '1110111': 1, '1000000': 4, '0100010': 16, '0000000': 2, '1101111': 20, '0100000': 13, '0011100': 2, '0010010': 1, '0011011': 1, '0000010': 3, '1000110': 3, '1011011': 1, '0011111': 2, '0000111': 10, '1111111': 1, '0000101': 6, '1010101': 1, '1001000': 11, '1011101': 1, '0100110': 10, '0111100': 3, '0001010': 4, '1111000': 1, '0110101': 1, '0111011': 1, '1111010': 1, '1110000': 1, '0011010': 1, '0111010': 1, '1110110': 1, '0010101': 1, '1110101': 1, '1010111': 1, '0110110': 1, '0110111': 1, '0111000': 1, '0110001': 1, '1111101': 1, '1110001': 1, '0110011': 1}"
vqe_7,1024,'0101110x',"{'1100100': 14, '1001111': 13, '1100011': 27, '0001110': 4, '1101110': 21, '0001011': 26, '1001000': 30, '0101100': 27, '0100101': 10, '0101101': 28, '0000000': 11, '1000011': 22, '1011010': 8, '1101000': 54, '1110001': 9, '0110011': 17, '0000101': 3, '0001010': 21, '0010001': 4, '0101111': 11, '0010000': 3, '0110010': 12, '1100101': 11, '0001101': 14, '0101010': 30, '0000011': 2, '1101111': 18, '0101110': 11, '0100111': 11, '1011011': 9, '0110101': 3, '1000100': 13, '0111010': 4, '0100000': 31, '1001001': 28, '0111011': 5, '1010011': 4, '0110001': 3, '0111001': 14, '1111100': 5, '1001110': 10, '1101001': 32, '1010001': 14, '1100111': 5, '1110000': 11, '0101011': 34, '0101000': 1, '0001111': 4, '1001100': 7, '0000111': 7, '0100001': 21, '1101101': 10, '0111000': 14, '0001100': 15, '1100010': 17, '1010010': 6, '0010011': 12, '0110000': 6, '1101100': 7, '0000001': 14, '1011101': 3, '1000010': 15, '1010111': 2, '0011001': 11, '1111011': 8, '1010000': 15, '0011011': 10, '0011000': 15, '1011000': 3, '1110111': 2, '0011010': 8, '0010010': 14, '0100110': 5, '0000100': 2, '1000101': 7, '1111010': 7, '0010101': 1, '1011100': 3, '1111000': 5, '1110010': 3, '1001101': 5, '0000110': 9, '1111101': 1, '1111001': 4, '1000111': 1, '0111110': 4, '1100110': 2, '1011001': 3, '1000001': 1, '0100100': 5, '0010111': 1, '0000010': 1, '1001010': 2, '1000000': 1, '1110011': 3, '0111100': 1, '0111111': 1, '0101001': 1, '1000110': 1}"
vqe_7,1024,'0101111x',"{'1100001': 30, '1010000': 11, '0001111': 8, '1101101': 25, '0001001': 32, '1001010': 24, '0101100': 13, '0100101': 13, '0101101': 16, '0000010': 7, '1000001': 33, '1011001': 8, '1001111': 3, '1101010': 36, '1110010': 11, '0110001': 15, '0000101': 9, '0001000': 27, '0010000': 6, '0101111': 26, '1100101': 4, '0001110': 14, '0101000': 36, '0000100': 8, '1101111': 11, '0000011': 13, '1011011': 6, '0110011': 7, '0111011': 12, '0100010': 24, '1001100': 19, '0111100': 6, '1010011': 8, '0110000': 10, '0111010': 11, '1111100': 1, '1001011': 23, '1101011': 26, '0101001': 40, '1100010': 2, '1100000': 23, '1010010': 15, '1100110': 11, '1100111': 20, '0101110': 18, '1110001': 5, '1001101': 15, '1110000': 3, '0100011': 20, '0001100': 7, '1011010': 5, '1100100': 4, '1111110': 3, '1101100': 16, '0010010': 11, '0011101': 1, '1011111': 3, '1000000': 17, '1011000': 8, '0011010': 9, '1000111': 6, '1111010': 5, '0110010': 8, '0100111': 4, '0011011': 17, '0000000': 2, '0011001': 8, '1111000': 12, '0011000': 6, '0010111': 2, '0010001': 15, '1110011': 5, '0100110': 2, '1000110': 5, '0010011': 2, '1101110': 7, '1111001': 7, '0110111': 3, '1011110': 2, '0111000': 4, '0111001': 4, '1111111': 1, '0000110': 2, '1000010': 1, '1000100': 5, '0110110': 4, '1001110': 3, '0001101': 3, '1111011': 3, '0100100': 11, '1010001': 5, '0010110': 3, '1110101': 1, '1110100': 1, '1010100': 1, '1000011': 1, '0111101': 1, '1101000': 1, '1101001': 1, '0011110': 1, '0000111': 1}"
vqe_7,1024,'0110000x',"{'1100000': 14, '1010000': 16, '0010000': 16, '1110010': 13, '0001010': 20, '1001000': 14, '0101101': 3, '0100001': 16, '0110001': 16, '0000000': 6, '1000001': 19, '1010101': 1, '1101000': 20, '1111000': 12, '0111000': 16, '0000011': 19, '0001000': 14, '1011101': 3, '0010001': 13, '0110011': 17, '1000010': 21, '1100001': 11, '0001101': 3, '1011011': 19, '0101000': 15, '1100011': 20, '1110011': 19, '0110010': 20, '0100011': 12, '0000001': 10, '1011000': 11, '0111001': 23, '0111011': 18, '0011001': 12, '1001011': 20, '0110000': 15, '1010010': 18, '0110101': 1, '0111010': 16, '1111100': 5, '1001010': 13, '1001001': 19, '1101011': 14, '0100101': 3, '0101011': 14, '1010110': 5, '1011010': 11, '1010001': 21, '1100010': 17, '1110110': 1, '0101010': 11, '1001111': 2, '0000100': 2, '0011010': 14, '0001110': 2, '0011011': 17, '1110001': 13, '0001011': 18, '0101100': 6, '1101001': 14, '1110000': 11, '0010010': 20, '1101010': 10, '0100010': 11, '0001001': 10, '0101001': 16, '1011001': 15, '1010011': 8, '1000000': 9, '0011000': 23, '1000011': 10, '1111011': 11, '0010011': 18, '1111010': 14, '1111001': 8, '1110101': 2, '0011101': 1, '0000010': 11, '0110100': 1, '0100110': 1, '1111111': 1, '1001101': 1, '0010100': 2, '1000100': 3, '0110111': 1, '0100000': 7, '0111111': 2, '1001100': 2, '1000101': 2, '0010111': 2, '0111110': 1, '0000110': 1, '0010110': 1, '1000110': 1, '0110110': 1, '0100100': 1, '0011111': 1, '0111101': 1, '1110100': 2, '1100101': 2, '0001100': 1, '0111100': 2, '0101111': 2}"
vqe_7,1024,'0110001x',"{'1011010': 11, '1010100': 48, '0010100': 48, '1110100': 19, '0010011': 20, '1010010': 23, '0110010': 13, '0011100': 19, '0110100': 22, '0001101': 2, '1010000': 34, '1010110': 20, '1011111': 12, '1111000': 4, '0111000': 9, '0010001': 26, '0010010': 17, '1011001': 16, '0010101': 45, '0110101': 24, '0110111': 14, '1011100': 23, '0011110': 14, '1011101': 23, '1110110': 14, '0011101': 17, '0010000': 16, '0111001': 10, '0111101': 10, '0010111': 20, '0111110': 10, '0110011': 11, '1010101': 42, '0110110': 12, '1011110': 18, '0111100': 11, '1111111': 6, '1010011': 20, '1110001': 11, '0110001': 9, '1011011': 8, '1011000': 10, '1110111': 12, '0110000': 13, '0011000': 14, '1010111': 20, '1110011': 7, '1110000': 9, '1110010': 4, '0011111': 16, '1001101': 1, '0111111': 7, '0010110': 34, '1010001': 18, '1111110': 5, '1000101': 1, '0000000': 2, '0011011': 9, '1111011': 5, '1110101': 16, '0011001': 10, '1111001': 4, '1000011': 1, '1000110': 1, '1111100': 8, '1111101': 8, '0111010': 8, '0111011': 5, '1100100': 3, '0011010': 8, '0100110': 1, '0001100': 1, '0101111': 1, '1000000': 1, '1001100': 1, '1101111': 1, '1111010': 3, '1000010': 1, '1001010': 1, '0000110': 1, '0101000': 1, '1001011': 1}"
vqe_7,1024,'0110010x',"{'1011001': 28, '1010100': 39, '0010001': 40, '1110011': 24, '0010000': 38, '1010010': 41, '0110000': 26, '0011101': 15, '0110001': 29, '0000010': 6, '1000010': 9, '1010101': 22, '1010011': 41, '1101000': 7, '1111000': 12, '0111010': 28, '0001001': 14, '0001011': 5, '0010100': 15, '0110110': 11, '1000110': 4, '1011101': 5, '0100100': 3, '1100001': 8, '0001000': 8, '1110101': 18, '0110101': 9, '0100001': 3, '0000011': 8, '1010110': 6, '0111011': 24, '1001001': 9, '0111101': 12, '0011010': 26, '0110111': 9, '1100011': 8, '0111100': 10, '1111111': 6, '1110010': 18, '1100110': 2, '0100010': 11, '0100000': 3, '1011100': 5, '1011000': 22, '1100010': 5, '1011111': 14, '1100000': 14, '0101010': 4, '0101011': 6, '0001010': 4, '0011011': 24, '0101101': 1, '1101001': 4, '0100101': 5, '0010101': 17, '1101011': 6, '0011111': 3, '1101100': 3, '0101000': 9, '0101110': 1, '1010111': 9, '0101001': 9, '1000001': 7, '1000000': 11, '0010111': 22, '1001011': 9, '1111110': 5, '0011110': 4, '0000000': 2, '0010110': 20, '0110100': 6, '1111001': 18, '1110100': 14, '1011110': 7, '0101111': 2, '1001010': 8, '1000111': 1, '1110111': 4, '1101010': 6, '0000101': 2, '0000100': 3, '0001111': 2, '1000011': 6, '0011100': 12, '1110110': 3, '0100011': 7, '1001101': 2, '1100111': 3, '1001000': 4, '1001100': 1, '0111000': 1, '1111100': 1, '0111110': 2, '0000001': 1, '1101101': 1, '1111011': 1, '1111101': 1}"
vqe_7,1024,'0110011x',"{'1011100': 16, '1010001': 45, '0010011': 40, '1110001': 24, '0010010': 36, '1010000': 40, '0110010': 26, '0011110': 7, '0110011': 29, '0000001': 9, '1000011': 16, '1010111': 15, '1100101': 4, '1111010': 16, '0111000': 33, '0001010': 13, '0001011': 11, '1011011': 26, '0010100': 32, '0110101': 19, '1000100': 5, '1011101': 13, '0100111': 3, '1100010': 8, '0001001': 4, '1110110': 12, '0110100': 17, '0100000': 7, '1011010': 24, '1001000': 18, '0111110': 4, '0011000': 28, '0111111': 9, '1010110': 11, '1100011': 12, '0111001': 22, '1111101': 11, '1110000': 20, '1100100': 5, '0100001': 10, '1010100': 18, '1011110': 5, '1100000': 10, '1110111': 9, '0101011': 9, '0101101': 3, '1101000': 8, '1010101': 14, '0001100': 1, '0101000': 7, '1101011': 4, '0111101': 1, '0011111': 8, '1011111': 7, '0000010': 3, '0010001': 1, '0010111': 5, '0101001': 6, '0101010': 10, '1000010': 8, '1000001': 3, '0010101': 32, '1001001': 6, '0111011': 1, '1010010': 3, '0010110': 15, '0000000': 3, '0011101': 7, '1100001': 5, '1111011': 15, '1110100': 4, '0011001': 19, '1101010': 5, '0000011': 4, '0110000': 1, '1110101': 3, '1111100': 7, '0100010': 2, '1110011': 2, '1111111': 1, '1101001': 6, '0000111': 1, '1001010': 4, '1001111': 1, '0001101': 2, '0110110': 1, '0111100': 4, '1000000': 6, '1111001': 1, '0100011': 6, '1001011': 4, '0101100': 1, '1000101': 1, '0000110': 1, '0011100': 4, '0010000': 1, '0001000': 3, '1101110': 1, '0110111': 1}"
vqe_7,1024,'0110100x',"{'1100000': 14, '1010001': 22, '0010000': 16, '1110010': 13, '0001010': 20, '1001000': 14, '0101101': 3, '0100001': 16, '0110001': 16, '0000000': 6, '1000001': 19, '1010101': 3, '1010000': 15, '1101000': 20, '1111000': 12, '0111000': 18, '0000011': 19, '0001000': 14, '1011101': 3, '0010001': 13, '0110011': 18, '1000010': 21, '1100001': 11, '0001101': 3, '1011011': 18, '0101000': 15, '1100011': 20, '1110011': 19, '0110010': 19, '0100011': 12, '0000001': 10, '1011000': 11, '0111001': 22, '0111011': 18, '0011001': 13, '1001011': 20, '0110000': 15, '1010010': 17, '0110101': 2, '0111010': 15, '1111100': 4, '1001010': 13, '1001001': 19, '1101011': 14, '0100101': 3, '0101011': 13, '1010110': 3, '1011010': 12, '1100010': 17, '1110110': 1, '0101010': 12, '1001111': 2, '0000100': 2, '0011010': 13, '0001110': 2, '0011011': 17, '1110001': 13, '0001011': 18, '0101100': 6, '1101001': 13, '1110000': 11, '0010010': 20, '1101010': 11, '0100010': 11, '0001001': 10, '0101001': 16, '1011001': 15, '1010011': 9, '1000000': 9, '0011000': 22, '1000011': 10, '1111011': 11, '0010011': 18, '1111001': 9, '1110101': 2, '0011101': 1, '1111010': 14, '0000010': 11, '0110100': 1, '0100110': 1, '1111111': 1, '1001101': 1, '0010100': 2, '1000100': 3, '0110111': 1, '0100000': 7, '0111111': 2, '1001100': 2, '1000101': 2, '0010111': 3, '0111110': 1, '0000110': 1, '0010110': 1, '1000110': 1, '0100100': 1, '0011111': 1, '0111101': 1, '1110100': 2, '1100101': 2, '0001100': 1, '0111100': 2, '0101111': 2}"
vqe_7,1024,'0110101x',"{'1110011': 19, '1011100': 17, '0011100': 8, '1111001': 16, '0010110': 11, '1010101': 28, '0110111': 28, '0110100': 33, '0111000': 14, '0010000': 7, '1010001': 16, '1110000': 20, '1110101': 42, '1111100': 19, '0111100': 30, '0010011': 9, '0010100': 20, '0011101': 13, '0111011': 15, '0010111': 16, '1110100': 41, '0011010': 8, '0110101': 40, '1111011': 13, '1110010': 22, '0111010': 15, '0010001': 7, '0111101': 25, '1010010': 13, '0111110': 12, '0110001': 20, '1010111': 12, '0111111': 17, '1100001': 1, '0010101': 19, '1111111': 11, '1010110': 9, '1011001': 7, '1110110': 19, '0110110': 23, '1011101': 12, '0111001': 12, '1011010': 5, '1010000': 11, '1011000': 9, '0110010': 23, '1111000': 11, '0011000': 9, '0011011': 6, '1110001': 20, '1011110': 10, '1110111': 13, '0011111': 11, '1011011': 6, '1100101': 2, '0110000': 34, '1010100': 13, '1001111': 1, '0000001': 2, '1100111': 1, '1111101': 17, '0101111': 1, '0100111': 2, '0011110': 8, '1000110': 1, '0110011': 11, '1010011': 8, '0101000': 1, '0100100': 1, '1111010': 8, '1111110': 9, '0010010': 8, '1011111': 4, '1101000': 1, '0011001': 3, '1101011': 1, '1100000': 1, '0101101': 2, '0100110': 2, '1000001': 1, '1101100': 1, '0100101': 1, '1000100': 1, '0101010': 1, '1100010': 1, '0101100': 1, '0100011': 1, '1101101': 1}"
vqe_7,1024,'0110110x',"{'1101001': 10, '1010111': 12, '0010101': 12, '1110111': 17, '0010011': 30, '1010000': 31, '0110101': 34, '0110001': 3, '0000001': 6, '1000011': 15, '1011100': 8, '1110001': 38, '1111011': 24, '0111001': 40, '0001010': 9, '0010010': 22, '1101000': 10, '0010111': 3, '0111000': 32, '1000101': 4, '1101110': 2, '0010100': 21, '0110011': 36, '1110000': 42, '1111010': 26, '0110010': 26, '0000010': 4, '1011101': 11, '1001000': 13, '0111111': 12, '0100000': 13, '1010001': 28, '1011011': 13, '0111101': 8, '1111110': 5, '1010100': 5, '1110101': 12, '0110100': 28, '1101010': 4, '1100011': 10, '1011010': 26, '0110110': 8, '1100100': 5, '1010110': 11, '0001011': 13, '1100101': 4, '0100010': 5, '1000100': 2, '0100011': 6, '0111100': 5, '1100010': 9, '1101011': 4, '1110110': 11, '0011000': 27, '1110100': 7, '0111110': 9, '0000011': 3, '1011111': 3, '1000010': 7, '1000000': 8, '0011001': 26, '1001010': 5, '0100001': 9, '1111101': 13, '0001101': 2, '0011110': 11, '0000000': 3, '0101101': 5, '0110111': 6, '1111100': 14, '0101000': 7, '1011001': 2, '0101010': 3, '1001001': 7, '1011110': 1, '0000110': 3, '1111111': 2, '1010101': 4, '0001000': 2, '1001011': 5, '1100000': 3, '0101011': 11, '1011000': 1, '0011010': 1, '1100001': 2, '0011101': 3, '0011111': 4, '0100111': 2, '0001100': 1, '0000111': 1, '1000001': 2, '1001101': 1, '1110010': 1, '0001001': 4, '1010010': 1, '0011100': 1, '0101100': 1, '0100110': 1, '1101111': 1}"
vqe_7,1024,'0110111x',"{'1101010': 11, '1010101': 23, '0010111': 8, '1110110': 8, '0010001': 35, '1010010': 30, '0110101': 13, '0101011': 9, '0110111': 20, '0000010': 8, '1000011': 9, '1011001': 14, '1110011': 37, '1111001': 21, '0111011': 33, '0001001': 12, '0001011': 6, '1101001': 5, '0011010': 29, '0111010': 32, '1000111': 4, '1101101': 2, '0010101': 7, '0110001': 35, '1110010': 42, '0001000': 7, '1111000': 29, '1101000': 7, '0110000': 29, '1011110': 5, '0111100': 22, '1001001': 12, '0111101': 14, '0100001': 4, '1010011': 28, '0111110': 8, '0110110': 17, '1011000': 24, '0010000': 22, '1111111': 9, '1010100': 16, '1110100': 21, '1101011': 7, '1100010': 4, '1100110': 3, '0110100': 15, '1000010': 6, '1100011': 5, '0100011': 12, '1000110': 1, '1110101': 23, '1011100': 2, '0010110': 9, '1100001': 8, '0001110': 1, '0000011': 6, '0011111': 2, '1011111': 7, '1000001': 7, '1000000': 10, '0011100': 12, '0110010': 1, '1001011': 8, '0100010': 10, '0011101': 14, '0000000': 2, '0011011': 21, '1110111': 6, '0100100': 6, '0100000': 6, '0101000': 3, '1001010': 8, '1011011': 1, '0001010': 6, '1111100': 5, '1111110': 7, '0100101': 3, '0000101': 1, '0000100': 3, '1101100': 2, '0010100': 2, '0101001': 6, '1001100': 2, '1100000': 8, '1010110': 3, '1100111': 1, '0101111': 1, '1001000': 1, '0101010': 6, '1111101': 4, '1010111': 2, '1011101': 2, '0111111': 3, '0000001': 1, '1011010': 1, '1000100': 1}"
vqe_7,1024,'0111000x',"{'1100000': 14, '1010000': 16, '0010000': 16, '1110010': 13, '0001010': 20, '1001000': 14, '0101101': 3, '0100001': 16, '0110001': 17, '0000000': 6, '1000001': 19, '1010101': 1, '1101001': 13, '1111000': 12, '0111000': 16, '0000011': 19, '0001000': 14, '1011101': 3, '0010001': 13, '0110011': 17, '1000010': 21, '1100001': 11, '0001101': 3, '1011011': 19, '0101000': 15, '1100011': 20, '1110011': 19, '0110010': 19, '0100011': 12, '0000001': 10, '1011000': 11, '0111001': 23, '0111011': 18, '0011001': 12, '1001011': 21, '0110000': 15, '1010010': 18, '0110101': 1, '1101000': 19, '0111010': 16, '1111100': 5, '1001010': 13, '1001001': 18, '1101011': 14, '0100101': 3, '0101011': 14, '1010110': 5, '1011010': 11, '1010001': 21, '1100010': 17, '1110111': 1, '0101010': 11, '1001111': 2, '0000100': 2, '0011010': 14, '0001110': 2, '0011011': 17, '1110001': 13, '0001011': 18, '0101100': 6, '1110000': 11, '0010010': 20, '1101010': 12, '0100010': 11, '0001001': 10, '0101001': 16, '1011001': 15, '1010011': 8, '1000000': 9, '0011000': 23, '1000011': 10, '1111011': 11, '0010011': 18, '1111010': 15, '1111001': 7, '1110101': 2, '0011101': 1, '0000010': 11, '0110100': 1, '0100111': 1, '1111111': 1, '1001101': 1, '0010100': 2, '1000100': 3, '0110111': 1, '0100000': 7, '0111111': 2, '1001100': 2, '1000101': 2, '0010111': 2, '0111110': 1, '0000111': 1, '0010110': 1, '1000110': 1, '0110110': 1, '0100100': 1, '0011111': 1, '0111101': 1, '1110100': 2, '1100101': 2, '0001100': 1, '0111100': 2, '0101111': 2}"
vqe_7,1024,'0111001x',"{'1001011': 11, '1000101': 52, '0000101': 47, '1100101': 18, '0000100': 45, '1000011': 28, '0100011': 10, '0001100': 22, '0100100': 23, '0000000': 13, '1000000': 24, '1000110': 17, '1010001': 1, '1101001': 5, '0101001': 9, '0000010': 23, '0100110': 15, '1000001': 27, '0101000': 11, '1001100': 17, '1001010': 15, '0001111': 14, '1001110': 10, '0000001': 17, '1100110': 13, '0100101': 23, '0001101': 17, '1000111': 22, '0101011': 8, '0101110': 4, '0001000': 12, '1000100': 39, '0101111': 10, '0100111': 6, '0000011': 19, '1001111': 17, '0101101': 10, '1110100': 3, '1100010': 12, '0001110': 12, '0100010': 11, '1001001': 10, '1001101': 29, '1100111': 11, '0100000': 6, '0100001': 15, '0001001': 13, '1100100': 16, '0101100': 14, '1001000': 9, '1110101': 2, '1010110': 1, '1100001': 7, '1100011': 3, '0000111': 31, '0010101': 2, '0011101': 1, '0110111': 2, '1000010': 14, '1101111': 5, '0000110': 25, '1101100': 9, '0101010': 8, '0001010': 10, '1101010': 4, '0011000': 1, '1100000': 8, '1010010': 2, '0001011': 3, '1101101': 10, '1101000': 7, '1010100': 2, '1111101': 1, '1011110': 2, '1011010': 1, '0011111': 2, '0010110': 1, '0110011': 1, '0110100': 2, '1010000': 2, '1011100': 1, '0110010': 1, '0010010': 2, '1110000': 1, '0010111': 1, '0010100': 2, '0011010': 2, '0110101': 1, '1101110': 2, '0110000': 1, '1101011': 2, '1010011': 1, '1010111': 1, '0011100': 1, '0011001': 1}"
vqe_7,1024,'0111010x',"{'1010100': 4, '1001010': 36, '1010011': 12, '0000111': 8, '1101011': 21, '0000100': 26, '1000100': 18, '0100110': 5, '0011010': 12, '0101000': 22, '0000010': 19, '1000000': 39, '1001100': 16, '1100001': 29, '1110010': 7, '0110001': 17, '0000011': 36, '0001000': 32, '0101110': 9, '0000101': 34, '1011001': 9, '0100011': 29, '1100000': 27, '1101101': 13, '0101010': 5, '0100010': 19, '0110011': 7, '1000001': 36, '0111011': 12, '0001110': 12, '1000110': 20, '1001011': 23, '0110000': 5, '0111010': 9, '1111011': 6, '1000101': 15, '1000111': 16, '1100110': 11, '0100101': 18, '1011000': 7, '1010001': 4, '1011011': 7, '0101001': 18, '1110000': 4, '0100100': 13, '1010010': 13, '0010000': 13, '1101010': 15, '0111001': 7, '0000110': 8, '1001110': 3, '1100101': 2, '0011101': 3, '0101111': 7, '1011111': 3, '1001101': 16, '1001111': 4, '1011110': 3, '0001001': 30, '0001111': 8, '1111010': 6, '0110010': 10, '0011100': 2, '0001101': 6, '0000001': 2, '1110100': 5, '0101100': 2, '0001100': 11, '0010001': 10, '1100100': 5, '1101111': 3, '1100111': 6, '0011011': 6, '0010010': 2, '1111000': 7, '1101100': 7, '1110001': 4, '1111001': 6, '0110110': 2, '0110111': 1, '1110011': 5, '1111111': 1, '0111000': 6, '0101011': 3, '0011000': 6, '1011010': 2, '1010101': 3, '0100111': 2, '0011001': 4, '0010011': 1, '1101110': 1, '1110101': 1, '0111100': 2, '1010000': 1, '0111101': 1}"
vqe_7,1024,'0111011x',"{'1010111': 3, '1001000': 37, '1010011': 4, '0001010': 25, '1101001': 18, '0000101': 13, '1000100': 36, '0101010': 26, '0011001': 11, '0101011': 21, '0000000': 22, '1000010': 38, '1001001': 19, '1000111': 10, '1100011': 29, '1110001': 8, '0110010': 15, '0000001': 35, '1010010': 5, '0101101': 12, '0000110': 20, '1011010': 9, '0000111': 20, '0100001': 30, '1100010': 27, '1101110': 8, '1010001': 15, '0101100': 16, '0100000': 19, '1001101': 7, '0110011': 18, '1000011': 33, '0111010': 5, '0001101': 22, '1000101': 30, '0111011': 10, '0110000': 4, '0000100': 13, '0111001': 8, '1111011': 10, '1100101': 14, '0100111': 7, '1011001': 4, '1010000': 9, '1011011': 7, '1110000': 11, '0100101': 3, '0100110': 12, '1000110': 7, '1101111': 5, '0010010': 15, '1011100': 5, '1101000': 17, '0111000': 11, '1001100': 5, '1001111': 8, '1111100': 2, '0001011': 33, '1100100': 10, '0011111': 2, '1100111': 2, '1011101': 5, '1001110': 8, '0001100': 20, '0001110': 5, '0011110': 1, '0101110': 3, '1110111': 3, '0011011': 3, '0010011': 5, '1111001': 5, '1101011': 1, '1111010': 6, '0110100': 3, '1111000': 5, '0110101': 3, '1110010': 3, '1111101': 1, '0110001': 2, '0011000': 11, '0010001': 3, '0011010': 3, '1011000': 4, '0100100': 3, '0010000': 2, '0001111': 3, '1100001': 1, '0001001': 1, '0010100': 1, '1000000': 1, '1110011': 2, '1101100': 3, '0011100': 1, '0111110': 1, '1101101': 2}"
vqe_7,1024,'0111100x',"{'1100000': 14, '1010000': 16, '0010000': 16, '1110010': 13, '0001010': 20, '1001000': 13, '0101101': 3, '0100001': 16, '0110001': 17, '0000000': 6, '1000001': 20, '1010101': 1, '1101001': 13, '1111000': 12, '0111000': 16, '0000011': 19, '0001000': 14, '1011101': 3, '0010001': 13, '0110011': 17, '1000010': 21, '1100001': 11, '0001101': 3, '1011011': 19, '0101000': 15, '1100011': 20, '1110011': 19, '0110010': 19, '0100011': 12, '0000001': 10, '1011000': 11, '0111001': 23, '0111011': 18, '0011001': 12, '1001011': 21, '0110000': 15, '1010010': 18, '0110101': 1, '1101000': 19, '0111010': 16, '1111100': 5, '1001010': 13, '1001001': 19, '1101011': 14, '0100101': 3, '0101011': 14, '1010110': 5, '1011010': 11, '1010001': 21, '1100010': 17, '1110110': 1, '0101010': 11, '1001111': 2, '0000100': 2, '0011010': 14, '0001110': 2, '0011011': 17, '1110001': 13, '0001011': 18, '0101100': 6, '1110000': 11, '0010010': 20, '1101010': 12, '0100010': 11, '0001001': 10, '0101001': 16, '1011001': 15, '1010011': 8, '1000000': 9, '0011000': 23, '1000011': 9, '1111011': 11, '0010011': 18, '1111010': 14, '1111001': 8, '1110101': 2, '0011101': 1, '0000010': 11, '0110100': 1, '0100111': 1, '1111111': 1, '1001101': 1, '0010100': 2, '1000100': 3, '0110111': 1, '0100000': 7, '0111111': 2, '1001100': 2, '1000101': 2, '0010111': 2, '0111110': 1, '0000111': 1, '0010110': 1, '1000110': 1, '0110110': 1, '0100100': 1, '0011111': 1, '0111101': 1, '1110100': 2, '1100101': 2, '0001100': 1, '0111100': 2, '0101111': 2}"
vqe_7,1024,'0111101x',"{'1100100': 35, '1001101': 16, '0001101': 8, '1101010': 11, '0000111': 14, '1000101': 23, '0100111': 26, '0100100': 31, '0101001': 16, '0000001': 9, '1000001': 17, '1100000': 18, '1001100': 13, '1100101': 51, '1101101': 16, '0101101': 35, '0000100': 22, '0000101': 16, '1100011': 22, '0001110': 9, '0101100': 22, '1000010': 8, '0001011': 6, '0100101': 37, '1101100': 24, '0101011': 15, '1100001': 21, '1000011': 17, '0101111': 10, '0100010': 18, '1001000': 10, '0110010': 4, '0101000': 11, '0101110': 14, '1111000': 3, '1000111': 9, '1001010': 6, '1100111': 18, '0110001': 2, '1100010': 16, '1001110': 8, '0101010': 13, '0100110': 24, '1001011': 3, '1000110': 11, '1001001': 9, '0100011': 18, '1101001': 11, '0001001': 11, '0001100': 11, '1111010': 1, '1100110': 17, '1001111': 11, '1101000': 8, '0010101': 1, '0000110': 9, '0000010': 8, '0100001': 29, '0011101': 2, '0111100': 2, '0100000': 27, '1000100': 12, '1110100': 2, '1000000': 7, '0000000': 3, '1101110': 11, '0001000': 9, '0011001': 1, '1101011': 10, '0011000': 1, '0010001': 1, '0010111': 1, '0001111': 8, '1101111': 8, '1010111': 1, '0011110': 2, '1111110': 1, '0000011': 6, '1010011': 1, '0001010': 4, '1011010': 1, '0110111': 2, '1110101': 1, '0111000': 1, '0110011': 1, '1110110': 1, '0111010': 1, '1110000': 1, '0010110': 1, '0110110': 1, '0010011': 1, '1110011': 1, '1010100': 1, '0110100': 2, '0110101': 1, '0111001': 1, '0110000': 1, '1111011': 1, '0011100': 1, '1110001': 1}"
vqe_7,1024,'0111110x',"{'1100011': 31, '1010000': 16, '0001101': 8, '1101100': 6, '0001010': 19, '1000101': 16, '0101011': 27, '0100001': 28, '0101100': 23, '0000000': 13, '1000011': 34, '1011010': 8, '1001111': 6, '1100101': 32, '1110001': 11, '0110011': 17, '0000001': 21, '0000110': 7, '0010001': 3, '0101110': 6, '0001011': 27, '0010000': 3, '0110010': 13, '0001100': 13, '0100111': 19, '1101111': 13, '0101101': 20, '0100101': 9, '1011011': 9, '0111010': 3, '0100000': 40, '1001001': 25, '0111011': 9, '1010011': 4, '0110001': 3, '0000111': 9, '0111001': 10, '1111100': 5, '1001000': 20, '1101000': 20, '0100110': 15, '1100010': 32, '1010001': 14, '1100100': 35, '1110000': 10, '0101010': 27, '0001110': 2, '1001100': 2, '1000010': 23, '0000101': 6, '1101001': 20, '0111000': 11, '1100110': 6, '1010010': 6, '0010011': 11, '0100100': 10, '0101111': 5, '1001110': 8, '1011101': 3, '1011000': 4, '0011001': 9, '1000100': 12, '0110000': 3, '1111011': 8, '0011011': 10, '0011000': 12, '1111000': 7, '1101101': 8, '0011010': 8, '0010101': 5, '0010010': 16, '1100111': 7, '1111010': 7, '0010100': 2, '1101110': 6, '0110100': 7, '1011100': 3, '0110101': 3, '1110010': 2, '0000100': 8, '1111101': 1, '1001010': 1, '1111001': 4, '1000110': 6, '1100001': 1, '1011001': 4, '1000111': 1, '1110011': 2, '1110110': 1, '1001101': 1, '0111110': 2, '1101011': 1}"
vqe_7,1024,'0111111x',"{'1100001': 34, '1001111': 1, '0001111': 6, '1101100': 17, '0001000': 22, '1000111': 12, '0101001': 34, '0100011': 26, '0000010': 13, '1000001': 32, '1011001': 8, '1001110': 3, '1100111': 19, '1110010': 12, '0110001': 15, '0000011': 20, '0000101': 14, '0010000': 6, '0101111': 11, '0001001': 21, '0100101': 28, '1100110': 16, '1101110': 6, '0101110': 15, '0100100': 20, '1011011': 6, '0110110': 2, '0111011': 10, '0100010': 37, '1001011': 23, '0111100': 6, '1010011': 7, '0110000': 11, '0111010': 12, '1111011': 6, '1001010': 23, '1001100': 9, '1001000': 2, '1101010': 23, '1000000': 25, '0101000': 25, '1100000': 32, '1010010': 17, '1100100': 13, '1100101': 20, '0101100': 5, '1110001': 2, '0000100': 17, '1110000': 5, '0001011': 2, '1011010': 6, '0001101': 5, '1101111': 4, '1101011': 17, '0010010': 11, '0000110': 5, '0011101': 1, '1001101': 12, '0100110': 9, '1011110': 2, '0100111': 5, '1010101': 2, '0101010': 1, '0011010': 9, '1000101': 1, '1111010': 5, '0110010': 6, '1010000': 10, '0011011': 17, '0011001': 9, '1011000': 6, '1110101': 5, '1101101': 16, '0110011': 8, '0100001': 2, '0011000': 7, '0010001': 15, '0001010': 2, '1110011': 6, '0001110': 3, '1000100': 5, '1111000': 8, '0010011': 2, '1111001': 7, '0111000': 6, '0111001': 4, '1111111': 1, '1000110': 8, '0101101': 4, '0110111': 4, '1011111': 1, '0000111': 1, '1010001': 5, '0010111': 2, '0001100': 2, '0010110': 1, '1011101': 1, '1110100': 1, '0111101': 2, '0011110': 1}"
vqe_7,1024,'1000000x',"{'1100100': 12, '1010100': 23, '1100001': 1, '0010100': 10, '1110101': 15, '0001101': 13, '1001100': 20, '0101111': 17, '0100101': 14, '0110100': 21, '0000100': 7, '1000101': 22, '1010111': 12, '1101100': 20, '1111100': 13, '1100010': 2, '0111100': 26, '0000110': 12, '0001001': 2, '1011111': 17, '0010101': 18, '0110111': 17, '0001110': 19, '1100101': 12, '0001111': 16, '0101100': 17, '1100000': 1, '1100111': 12, '1110111': 18, '0110110': 20, '0100110': 12, '0000101': 11, '1011100': 16, '0111101': 18, '1000110': 18, '0111111': 18, '0011101': 20, '1001110': 14, '1010110': 13, '0001100': 16, '0111110': 16, '1111111': 13, '1001101': 17, '1001111': 18, '1101111': 12, '0100111': 13, '1011110': 13, '1010101': 18, '1101011': 2, '1100110': 24, '0110101': 12, '0101110': 17, '0000111': 17, '0011110': 13, '1110100': 12, '0010001': 4, '1011101': 11, '1101101': 12, '0001010': 1, '0010110': 18, '1101110': 9, '1110000': 1, '0101101': 14, '1000100': 9, '1000001': 2, '0011000': 3, '1000111': 12, '0001000': 1, '0011100': 18, '0000000': 2, '0010111': 19, '1111101': 11, '1110110': 13, '0011111': 12, '1110011': 1, '0010011': 2, '1010010': 3, '1011010': 1, '1111110': 11, '1110001': 1, '0100100': 11, '1111000': 1, '0101011': 1, '1001001': 1, '0101000': 1, '1101010': 2, '1101000': 1, '1111001': 2, '0110001': 1, '0010000': 2, '0100010': 1, '1000000': 2, '1001010': 1, '0011011': 1, '0110000': 1, '1011000': 1, '0111010': 1}"
vqe_7,1024,'1000001x',"{'1011100': 17, '1011000': 36, '0011000': 26, '1111000': 15, '0010101': 12, '1010011': 23, '0110011': 13, '0011101': 15, '0110110': 10, '0001110': 2, '1010000': 21, '1011010': 32, '1011111': 31, '1111011': 14, '0111011': 28, '0010010': 23, '0010011': 18, '1011011': 34, '0111001': 20, '1011101': 11, '0010111': 17, '0011111': 30, '1011110': 35, '1111010': 18, '0011110': 24, '0010000': 10, '1010001': 19, '0111110': 11, '0011010': 43, '1010110': 19, '0111111': 18, '0110101': 7, '1011001': 22, '0111010': 17, '0111101': 9, '1111111': 12, '1010101': 9, '1010111': 14, '1110010': 10, '0110010': 7, '0111000': 12, '0110000': 8, '1010100': 10, '0110111': 6, '0011011': 32, '1110110': 7, '0010110': 23, '0110001': 7, '1110101': 3, '0011001': 31, '1110001': 5, '1110011': 4, '0010100': 6, '1001110': 2, '1010010': 13, '0110100': 4, '1001001': 1, '0000001': 2, '1110111': 6, '1111100': 7, '1110100': 4, '1110000': 5, '1000101': 1, '1111001': 10, '1001010': 1, '1111101': 7, '1111110': 8, '0111100': 11, '0010001': 10, '1100111': 1, '0011100': 13, '1101000': 1, '0101010': 1, '0001101': 1, '0101111': 1, '1000001': 1, '1101111': 1, '1100110': 1, '1000011': 1, '1001100': 1, '0001010': 1, '0101011': 1, '1001101': 1}"
vqe_7,1024,'1000010x',"{'1011100': 35, '1010111': 41, '0010101': 19, '1110111': 22, '0010011': 19, '1010000': 17, '0110011': 11, '0011111': 33, '0110100': 20, '0000101': 3, '1000110': 10, '1011010': 21, '1101001': 4, '1111011': 12, '0111110': 41, '0001100': 9, '0001111': 3, '0111001': 14, '1000111': 7, '1011101': 27, '0010100': 31, '0100111': 12, '1100100': 12, '1111001': 5, '0111000': 15, '0100100': 4, '0000110': 7, '1001100': 11, '0111111': 30, '0011011': 12, '1010110': 36, '1011000': 6, '0111010': 3, '0010001': 5, '1100111': 8, '0111100': 2, '1111101': 19, '1010010': 6, '1110000': 8, '0100110': 6, '0110010': 7, '0100101': 6, '1100110': 8, '1100010': 3, '0110101': 18, '1111010': 13, '0101110': 7, '0101111': 4, '0001101': 15, '0011110': 35, '1110110': 17, '1011011': 21, '1101100': 4, '0100000': 1, '0011000': 24, '1101111': 6, '0010010': 11, '1110011': 2, '1011110': 4, '0000111': 7, '0010000': 4, '0111011': 2, '0101100': 12, '0101101': 6, '0110001': 2, '1000101': 9, '1011001': 6, '1000100': 6, '0011001': 27, '1001110': 7, '1010011': 4, '0001110': 2, '0011010': 17, '0000000': 2, '1111100': 17, '1110101': 2, '1101110': 8, '0101010': 2, '1010001': 14, '1110001': 5, '1111000': 3, '0110000': 2, '1101101': 4, '0001010': 2, '1001111': 8, '1001101': 6, '1100101': 6, '1000010': 3, '0110110': 2, '1000011': 3, '1101000': 2, '1100000': 1, '0101011': 1, '1011111': 1, '1001000': 1, '0011100': 1, '0001011': 2, '0100001': 1, '1100011': 1, '0000100': 1}"
vqe_7,1024,'1000011x',"{'1011111': 39, '1010101': 31, '1011110': 39, '0010111': 33, '1110101': 19, '0010001': 10, '1010010': 20, '0110010': 2, '0011101': 30, '0110110': 26, '0000100': 4, '1000111': 15, '1011001': 14, '1101010': 2, '1111110': 21, '0111011': 20, '0001101': 5, '0001111': 11, '0111001': 6, '0010011': 9, '0010010': 5, '0010110': 32, '0101000': 5, '1100101': 7, '1111001': 14, '0110111': 24, '0100100': 7, '0000101': 7, '1011010': 11, '0111100': 31, '1001011': 5, '0111101': 24, '0011011': 22, '1010100': 28, '1011000': 24, '0111010': 11, '0010000': 12, '1100111': 16, '1111111': 22, '1010011': 13, '1110010': 9, '0100101': 9, '0110000': 7, '1100001': 3, '1111010': 4, '0101110': 8, '0101111': 12, '1000110': 11, '0110001': 9, '0011100': 24, '1110100': 16, '1101100': 7, '0100011': 1, '1101110': 2, '0011111': 2, '1110011': 4, '1101111': 4, '0000110': 3, '0101101': 8, '1011011': 11, '0011000': 7, '1000100': 3, '0011010': 34, '1001101': 8, '1000101': 3, '0000010': 2, '1100100': 8, '0011001': 11, '0100111': 5, '1101101': 8, '0101001': 2, '0111000': 3, '1111000': 10, '0001110': 15, '1111011': 5, '1001100': 13, '0010101': 2, '1101011': 3, '0000111': 4, '1110000': 1, '0001000': 1, '1010001': 6, '1010000': 2, '1000000': 3, '0100110': 3, '1001111': 2, '1000001': 3, '1001110': 4, '0100000': 1, '1100110': 5, '1100000': 3, '0101100': 4, '0110100': 2, '1001010': 1, '0001100': 4, '0001001': 1, '0110011': 2}"
vqe_7,1024,'1000100x',"{'1100100': 14, '1010100': 23, '1100001': 1, '0010100': 10, '1110101': 15, '0001101': 13, '1001100': 20, '0101111': 17, '0100101': 14, '0110100': 21, '0000100': 7, '1000101': 22, '1010111': 12, '1101100': 20, '1111100': 12, '1100010': 2, '0111100': 26, '0000110': 12, '0001001': 2, '1011111': 17, '0010101': 18, '0110111': 17, '0001110': 19, '1100101': 10, '0001111': 16, '0101100': 17, '1100000': 1, '1100111': 12, '1110111': 18, '0110110': 20, '0100110': 12, '0000101': 11, '1011100': 16, '0111101': 18, '1000110': 18, '0111111': 18, '0011101': 19, '1001110': 14, '1010110': 13, '0001100': 16, '0111110': 16, '1111111': 13, '1001101': 17, '1001111': 18, '1101111': 12, '0100111': 13, '1011110': 13, '1010101': 18, '1101011': 2, '1100110': 24, '0110101': 12, '0101110': 17, '0000111': 17, '0011110': 13, '1110100': 12, '0010001': 4, '1011101': 11, '1101101': 12, '0001010': 1, '0010110': 18, '1101110': 9, '1110000': 1, '0011100': 19, '0101101': 14, '1000100': 9, '1000001': 2, '0011000': 2, '1000111': 12, '0001000': 1, '0000000': 2, '0010111': 20, '1111101': 11, '1110110': 13, '0011111': 12, '1110011': 1, '0010011': 1, '1010010': 3, '1011010': 1, '1111110': 11, '1110001': 1, '0100100': 11, '1111000': 1, '0101011': 1, '1001001': 1, '1111011': 1, '0101000': 1, '1101010': 2, '1101000': 1, '1111001': 2, '0110001': 1, '0010010': 1, '0010000': 2, '0100010': 1, '1000000': 2, '1001010': 1, '0011011': 1, '0110000': 1, '1011000': 1, '0111010': 1}"
vqe_7,1024,'1000101x',"{'1110100': 8, '1011101': 9, '0011101': 8, '1111011': 34, '0011010': 20, '1011000': 14, '0111010': 38, '0110110': 14, '0111011': 43, '0010000': 4, '1010001': 11, '1110000': 12, '1111001': 29, '1111101': 18, '0111101': 21, '0010101': 5, '0011000': 13, '0011110': 11, '0111100': 22, '1010010': 11, '1110110': 11, '0011100': 13, '1110011': 23, '0111001': 27, '1111000': 27, '0010100': 4, '1111100': 18, '0111000': 22, '0010001': 5, '1110001': 14, '0111110': 36, '1010011': 15, '0111111': 29, '0110010': 20, '1011010': 17, '1100001': 1, '1111111': 21, '1011011': 20, '1111010': 26, '1110101': 9, '1011110': 20, '1110111': 17, '1011100': 10, '0010111': 8, '0110011': 21, '0011011': 19, '1110010': 14, '1011111': 15, '0110111': 12, '0011111': 21, '0011001': 10, '0010010': 6, '0110001': 20, '1010000': 5, '1101000': 2, '0110000': 16, '1010110': 4, '1001111': 1, '0000010': 2, '1101011': 2, '1111110': 19, '0101111': 2, '0101011': 2, '1001010': 1, '0110100': 3, '1010101': 3, '1011001': 16, '0101000': 1, '0010110': 9, '0010011': 7, '1010111': 7, '0101010': 3, '0110101': 8, '1101100': 1, '1100000': 1, '1010100': 3, '1000010': 1, '1101101': 1, '0101001': 1, '1001000': 1, '0101100': 1, '1100010': 1, '0101101': 1, '0101110': 1, '0100100': 1, '1101110': 1}"
vqe_7,1024,'1000110x',"{'1101101': 11, '1011001': 13, '1101100': 11, '0011010': 11, '1111010': 13, '0010110': 23, '1010011': 12, '0111000': 11, '0101111': 14, '0111010': 29, '0000101': 7, '1000111': 19, '1011111': 25, '1110100': 28, '1111110': 37, '0111100': 42, '0001110': 13, '0001111': 10, '0011011': 19, '0111011': 32, '1101111': 3, '0010111': 28, '0110110': 32, '1110011': 17, '0001101': 5, '1101011': 2, '0110001': 11, '1001100': 17, '0111101': 37, '0100100': 12, '1010101': 22, '1011110': 30, '0010001': 7, '1111111': 34, '1010100': 18, '1011000': 10, '1111000': 15, '0110101': 1, '0110111': 27, '0110011': 5, '1100111': 12, '1110010': 19, '0110010': 4, '1101010': 4, '0100110': 4, '0100111': 6, '1111001': 16, '1100110': 8, '1101110': 3, '0010000': 5, '0011100': 29, '1110101': 17, '0010010': 5, '0000111': 6, '0100010': 2, '1000110': 6, '1000100': 4, '0011101': 28, '1001110': 2, '0111001': 6, '1011010': 10, '1000101': 4, '0000010': 2, '1111011': 10, '0101001': 4, '0100011': 4, '0011000': 2, '1110001': 3, '0110000': 6, '0101101': 2, '1001101': 5, '0101100': 2, '0001001': 1, '1001111': 6, '1010010': 9, '0000110': 3, '1100000': 1, '0101110': 7, '1000001': 3, '0010100': 1, '1010001': 1, '1100101': 4, '1100100': 3, '0010101': 2, '1010110': 2, '0100101': 6, '1011011': 5, '0101000': 3, '1000000': 2, '0000100': 2, '1110000': 3, '1100001': 1, '1001011': 1, '0001100': 3, '1111100': 1, '0111110': 1}"
vqe_7,1024,'1000111x',"{'1101110': 13, '1011010': 20, '0011001': 8, '1111010': 25, '0010100': 17, '1010001': 10, '0111000': 20, '0101111': 4, '0111001': 22, '0000101': 3, '1000110': 11, '1011101': 23, '1110110': 34, '1111100': 27, '0111110': 49, '0001100': 9, '0001111': 5, '1101100': 6, '0011011': 7, '0011010': 3, '1001000': 3, '1101111': 9, '0011000': 14, '0110100': 24, '1101101': 3, '1110010': 5, '1111011': 25, '0111011': 17, '0110011': 13, '0000110': 7, '0111111': 46, '1001100': 10, '0100100': 4, '1010111': 23, '1011100': 15, '0010010': 9, '1111101': 26, '1010110': 23, '1110111': 23, '0110010': 12, '1100101': 8, '1011011': 19, '1110000': 10, '1110001': 21, '0111010': 12, '0110101': 25, '1100111': 7, '0001110': 4, '1101000': 4, '0100110': 7, '1000111': 7, '0100111': 13, '0010101': 24, '1111001': 6, '0011110': 34, '0010011': 7, '1111000': 3, '0000111': 7, '0011111': 34, '1011000': 5, '1101001': 1, '1000101': 6, '1000100': 6, '1001111': 8, '0100101': 8, '0000000': 2, '0101110': 6, '1011001': 4, '0100000': 3, '0101100': 3, '1001110': 6, '0011101': 1, '1100100': 8, '0011100': 2, '0101010': 3, '0001101': 13, '1111111': 1, '1010100': 1, '0001010': 1, '1001101': 7, '1010000': 5, '1110011': 5, '0010001': 1, '1100110': 3, '1010010': 6, '1011111': 1, '0101101': 11, '1000010': 2, '0110001': 2, '0100001': 3, '1000011': 2, '1100011': 1, '0110000': 1, '1100010': 1, '1001001': 1, '1010011': 1, '0001011': 1, '1000000': 1, '0000100': 1, '1010101': 1}"
vqe_7,1024,'1001000x',"{'1100100': 12, '1010100': 22, '1100001': 1, '0010100': 9, '1110101': 15, '0001101': 13, '1001100': 20, '0101111': 17, '0100101': 13, '0110100': 20, '0000100': 7, '1000101': 22, '1010111': 12, '1101100': 20, '1111100': 13, '1100010': 2, '0111100': 26, '0000110': 12, '0001001': 2, '1011111': 17, '0010101': 19, '0110111': 17, '0001110': 19, '1100101': 12, '0001111': 16, '0101100': 17, '1100000': 1, '1100111': 12, '1110111': 18, '0110110': 20, '0100110': 13, '0000101': 11, '1011100': 16, '0111101': 18, '1000110': 18, '0111111': 18, '0011101': 19, '1001110': 14, '1010110': 14, '0001100': 16, '0111110': 16, '1111111': 13, '1001101': 17, '1001111': 18, '1101111': 12, '0100111': 13, '1011110': 13, '1010101': 18, '1101011': 2, '1100110': 24, '0110101': 13, '0101110': 17, '0000111': 17, '0011110': 13, '1110100': 12, '0010001': 4, '1011101': 11, '1101101': 12, '0001010': 1, '0010110': 18, '1101110': 9, '1110000': 1, '0011100': 19, '0101101': 14, '1000100': 9, '1000001': 2, '0011000': 3, '1000111': 12, '0001000': 1, '0000000': 2, '0010111': 19, '1111101': 11, '1110110': 13, '0011111': 12, '1110011': 1, '0010011': 2, '1010010': 3, '1011010': 1, '1111110': 11, '1110001': 1, '0100100': 11, '1111000': 1, '0101011': 1, '1001001': 1, '0101000': 1, '1101010': 2, '1101000': 1, '1111001': 2, '0110001': 1, '0010000': 2, '0100010': 1, '1000000': 2, '1001010': 1, '0011011': 1, '0110000': 1, '1011000': 1, '0111010': 1}"
vqe_7,1024,'1001001x',"{'1001100': 19, '1001000': 29, '0001000': 24, '1101000': 12, '0000110': 13, '1000100': 16, '0100100': 5, '0001110': 20, '0100111': 11, '0000000': 6, '1000001': 22, '1001010': 28, '1010010': 1, '1101011': 14, '0101011': 26, '0000010': 16, '0000011': 21, '0001001': 32, '0101010': 20, '1001101': 15, '0001111': 27, '1001111': 28, '1101010': 22, '0101001': 17, '0000001': 10, '0101100': 11, '1000010': 20, '0101111': 15, '0001011': 35, '1000111': 21, '0100110': 8, '1001001': 33, '0000100': 10, '0101110': 14, '1110111': 2, '1000110': 12, '1100011': 12, '0100011': 11, '1001011': 32, '1001110': 32, '0101000': 11, '0100001': 8, '1100111': 7, '0101101': 9, '0000111': 24, '0100010': 10, '1111001': 2, '1011010': 2, '1100110': 5, '1100001': 6, '0000101': 9, '1100101': 3, '1100010': 5, '0011001': 2, '0011110': 1, '1000000': 9, '0111010': 2, '0001010': 47, '1000011': 14, '1101111': 9, '0100101': 4, '0001101': 18, '1101101': 8, '1101001': 10, '0001100': 11, '1101100': 5, '0011011': 3, '1010011': 2, '1000101': 11, '1101110': 10, '1010110': 1, '1111110': 1, '1011111': 2, '1011100': 1, '1100000': 4, '1110110': 1, '0011111': 2, '0011010': 2, '0110101': 1, '0110111': 1, '1010000': 1, '1011101': 1, '0100000': 3, '0110011': 1, '1010001': 1, '0010011': 2, '1110000': 1, '0010110': 1, '0111001': 1, '0110000': 1, '0010111': 1, '1010100': 1, '1010111': 1, '0111000': 1, '0011100': 1, '0011101': 1}"
vqe_7,1024,'1001010x',"{'1010111': 10, '1001011': 20, '0001011': 26, '1101110': 26, '0000111': 28, '1000101': 28, '0101010': 16, '0011110': 12, '0101100': 25, '0000001': 9, '1000011': 21, '1001111': 37, '1100100': 24, '1110101': 6, '0110101': 14, '0000110': 31, '1010110': 14, '0101101': 31, '0001000': 7, '1011100': 11, '0001010': 27, '0100110': 22, '1100011': 7, '1101111': 27, '0100000': 5, '0110111': 8, '1000100': 24, '0111111': 12, '0001101': 38, '1001001': 23, '0101011': 13, '1001110': 37, '0110010': 1, '0111101': 8, '0110100': 8, '1111111': 5, '1001000': 19, '1001010': 12, '1101001': 12, '0100011': 3, '0100001': 7, '1010100': 5, '1011110': 6, '1100000': 3, '1110001': 1, '0100111': 19, '1010101': 5, '0010100': 11, '0111100': 5, '0101000': 5, '1100101': 14, '0001100': 40, '1101000': 6, '0111110': 9, '0011111': 9, '1101011': 3, '1011111': 7, '0000010': 3, '0101001': 4, '1000010': 9, '1000001': 3, '1111110': 4, '0000000': 4, '1100010': 10, '1110111': 7, '0001001': 14, '0110110': 8, '0010101': 8, '1110110': 6, '1110000': 3, '1011101': 7, '1010000': 2, '0010110': 2, '1111100': 8, '1111101': 7, '1111010': 2, '0111000': 3, '0000011': 5, '0100100': 1, '1110100': 5, '0011001': 6, '1000000': 6, '0010010': 1, '0100101': 1, '1011010': 3, '1001101': 1, '0011100': 2, '0110011': 1, '1101010': 1, '0010111': 1, '1100110': 1, '0100010': 1, '0111001': 1, '0001111': 1, '0011101': 4, '0010011': 2, '1100001': 2, '1111011': 1, '1101101': 1}"
vqe_7,1024,'1001011x',"{'1010111': 5, '1001011': 34, '0001011': 8, '1101100': 26, '0001000': 16, '1000111': 33, '0101011': 7, '0011101': 8, '0101110': 32, '0000010': 9, '1000010': 11, '1001100': 28, '1100110': 26, '1110100': 10, '0110110': 17, '0000100': 25, '0000101': 23, '1010110': 4, '0001110': 49, '0101111': 34, '1000011': 7, '1011110': 11, '0001010': 14, '1010101': 13, '0100100': 19, '1100001': 8, '1101101': 22, '0100010': 5, '1001101': 28, '0110111': 13, '1000110': 30, '0111110': 5, '0001111': 49, '1001001': 11, '0111111': 7, '0110100': 3, '0111100': 13, '0110101': 7, '1111111': 11, '1001000': 8, '1001010': 27, '1101001': 3, '0101001': 10, '1011100': 3, '0100011': 7, '1010100': 10, '1011111': 14, '1100000': 12, '1110011': 1, '0101000': 11, '0101010': 6, '0010101': 7, '0010110': 12, '0001001': 26, '1011101': 2, '1101011': 9, '0100001': 1, '1100111': 17, '0111101': 9, '0011111': 5, '0000011': 10, '0100101': 18, '1000001': 10, '1001110': 1, '1000000': 11, '0110001': 2, '0000000': 2, '0011100': 11, '1110111': 3, '1110101': 5, '1110010': 2, '1101010': 10, '1010010': 2, '0011110': 2, '0010111': 3, '1111101': 2, '1111110': 8, '1111011': 1, '0111010': 3, '1111100': 4, '0011011': 6, '1011000': 2, '0100000': 1, '0010100': 4, '1111000': 3, '1011001': 3, '1100101': 1, '0010000': 1, '0111011': 1, '1110110': 3, '1100100': 1, '1100010': 1, '1111001': 1, '1110000': 1, '0101100': 1, '1101000': 1, '1001111': 1, '1100011': 1}"
vqe_7,1024,'1001100x',"{'1100100': 13, '1010100': 22, '1100001': 1, '0010100': 9, '1110101': 15, '0001101': 13, '1001100': 20, '0101111': 17, '0100101': 14, '0110100': 20, '0000100': 7, '1000101': 22, '1010111': 12, '1101100': 20, '1111100': 12, '1100010': 2, '0111100': 26, '0000110': 12, '0001001': 2, '1011111': 17, '0010101': 19, '0110111': 17, '0001110': 19, '1100101': 11, '0001111': 16, '0101100': 17, '1100000': 1, '1100111': 12, '1110111': 18, '0110110': 20, '0100110': 12, '0000101': 11, '1011100': 16, '0111101': 18, '1000110': 18, '0111111': 18, '0011101': 18, '1001110': 14, '1010110': 14, '0001100': 16, '0111110': 16, '1111111': 13, '1001101': 17, '1001111': 18, '1101111': 12, '0100111': 13, '1011110': 13, '1010101': 18, '1101011': 2, '1100110': 24, '0110101': 13, '0101110': 17, '0000111': 17, '0011110': 13, '1110100': 12, '0010001': 4, '1011101': 11, '1101101': 12, '0001010': 1, '0010110': 18, '1101110': 9, '1110000': 1, '0011100': 20, '0101101': 14, '1000100': 9, '1000001': 2, '0011000': 2, '1000111': 12, '0001000': 1, '0000000': 2, '0010111': 20, '1111101': 11, '1110110': 13, '0011111': 12, '1110011': 1, '0010011': 1, '1010010': 3, '1011010': 1, '1111110': 11, '1110001': 1, '0100100': 11, '1111000': 1, '0101011': 1, '1001001': 1, '1111011': 1, '0101000': 1, '1101010': 2, '1101000': 1, '1111001': 2, '0110001': 1, '0010010': 1, '0010000': 2, '0100010': 1, '1000000': 2, '1001010': 1, '0011011': 1, '0110000': 1, '1011000': 1, '0111010': 1}"
vqe_7,1024,'1001101x',"{'1100110': 15, '1001110': 18, '0001110': 11, '1101100': 16, '0001010': 16, '1001001': 17, '0101011': 43, '0100111': 16, '0000001': 4, '1000010': 15, '1100001': 13, '1101001': 30, '1101110': 19, '0101110': 37, '0000110': 7, '0001000': 11, '1100101': 9, '0001111': 17, '0101101': 20, '0001011': 26, '1000011': 10, '1100111': 10, '0001100': 8, '0101001': 26, '1101000': 34, '1101101': 23, '0101100': 21, '0101000': 19, '0000010': 7, '1100010': 17, '1000100': 9, '0101111': 27, '0100010': 27, '1001011': 23, '0110011': 4, '1100000': 10, '0001001': 13, '1111011': 4, '1001010': 18, '1001100': 7, '1101010': 28, '0110010': 2, '0101010': 36, '1100011': 15, '1001111': 19, '1100100': 12, '0100011': 17, '0100100': 13, '1101011': 26, '0001101': 8, '0011000': 1, '0000011': 7, '1001101': 11, '0011110': 3, '1000001': 5, '0111101': 2, '0100001': 17, '1000111': 6, '1110111': 1, '1000000': 4, '0000000': 2, '1101111': 20, '0100000': 13, '0011011': 2, '0010010': 1, '0011010': 2, '0100101': 5, '1000110': 3, '1011010': 1, '0011111': 2, '0000111': 10, '1111111': 1, '0000100': 2, '1010101': 1, '1000101': 6, '1001000': 9, '1011100': 1, '0100110': 9, '0111011': 3, '1111000': 1, '0110100': 1, '0111010': 2, '1111010': 1, '0000101': 4, '0111100': 1, '1110000': 1, '1110110': 1, '0010100': 1, '1110101': 1, '1010111': 1, '0110110': 1, '0110111': 1, '0111000': 1, '0110001': 1, '1111100': 1, '1110001': 1}"
vqe_7,1024,'1001110x',"{'1100110': 27, '1001101': 25, '0001111': 30, '1101101': 35, '0001110': 31, '1001010': 20, '0101110': 45, '0100101': 21, '0101111': 48, '0000011': 6, '1000110': 33, '1011110': 12, '1101010': 31, '1110101': 7, '0110110': 19, '0000101': 19, '0001000': 10, '0010101': 11, '0010100': 3, '1100111': 36, '0101001': 18, '1101000': 8, '0101000': 17, '0000100': 12, '1011111': 11, '0110111': 17, '0111101': 10, '0100001': 5, '1001100': 26, '0111110': 8, '1010111': 3, '0110100': 4, '0001001': 11, '0111100': 11, '1111111': 11, '1101011': 19, '1100010': 7, '1010100': 13, '1010101': 13, '1110100': 9, '0101011': 10, '1100011': 6, '1001011': 14, '1110010': 3, '1100100': 3, '0100011': 18, '1101100': 24, '1100001': 8, '0010110': 12, '0110000': 4, '0001010': 4, '0100000': 5, '0101010': 14, '0010111': 11, '0001011': 4, '1000100': 1, '1011000': 2, '1000000': 8, '0011101': 14, '1000111': 18, '0100010': 12, '1010010': 3, '1000001': 5, '0011110': 9, '0000000': 2, '0011100': 11, '1011100': 5, '1111000': 2, '0011010': 3, '1110011': 3, '0100100': 13, '1111101': 3, '1111110': 8, '1111100': 4, '0111010': 3, '1010110': 4, '0110101': 2, '1100000': 9, '1010011': 2, '1001001': 2, '0000110': 1, '1011101': 1, '0011111': 2, '1111001': 4, '1101001': 5, '0111011': 3, '1001000': 1, '0001100': 1, '1000011': 3, '1110110': 2, '1110111': 2, '0111111': 3, '0000010': 1, '0011011': 2, '1010000': 1, '0010001': 1, '0000111': 1}"
vqe_7,1024,'1001111x',"{'1100100': 23, '1010000': 2, '0001101': 23, '1101111': 43, '0001011': 13, '1001010': 7, '0101100': 38, '0100111': 25, '0000001': 4, '1000100': 23, '1011100': 9, '1001111': 33, '1101010': 12, '1110110': 8, '0110101': 17, '0000111': 24, '0001000': 3, '0010100': 11, '0101101': 38, '0001100': 28, '1100101': 19, '0101010': 28, '1101000': 29, '0000101': 2, '1011110': 5, '0110111': 5, '1000101': 21, '0111111': 13, '0100000': 15, '1001110': 29, '1010111': 7, '0110100': 6, '0001010': 15, '1101001': 21, '0111110': 12, '1111110': 4, '1101110': 29, '0101001': 6, '0101000': 7, '1100011': 16, '1010101': 8, '1110100': 5, '0101011': 23, '1110001': 2, '0100010': 8, '0111101': 6, '1011101': 7, '1100010': 12, '1111111': 3, '1010110': 13, '0010101': 11, '0110010': 4, '0000110': 15, '0011111': 12, '1011111': 7, '0010110': 9, '1000010': 6, '0011110': 15, '1001000': 9, '1111101': 8, '0110110': 9, '1010001': 3, '1000011': 5, '0000000': 2, '0011100': 8, '1011011': 2, '1111010': 5, '1001001': 11, '0110001': 1, '0100011': 7, '0011000': 3, '1101011': 9, '1010100': 9, '0011101': 5, '0100110': 18, '0000011': 2, '0011001': 2, '1111100': 10, '0010111': 4, '1110101': 6, '0111000': 5, '1111011': 2, '0111001': 3, '1110111': 5, '1001011': 6, '0111100': 4, '0001001': 1, '0100001': 8, '1000001': 3, '0101111': 1, '0100101': 1, '1100001': 2, '1100000': 2, '1000000': 2, '0010011': 1, '0000010': 1}"
vqe_7,1024,'1010000x',"{'1100100': 14, '1010100': 22, '1100010': 1, '0010100': 11, '1110101': 15, '0001101': 14, '1001100': 20, '0101111': 16, '0100101': 13, '0110100': 21, '0000100': 8, '1000101': 22, '1010111': 12, '1101100': 20, '1111100': 12, '1100011': 2, '0111100': 27, '0000110': 13, '0001010': 2, '1011111': 17, '0010101': 19, '0110111': 17, '0001110': 19, '1100101': 11, '0001111': 15, '0101100': 17, '1100001': 1, '1100111': 11, '1110111': 17, '0110110': 19, '0100110': 12, '1011100': 17, '0111101': 17, '1000110': 18, '0111111': 17, '0011101': 18, '1001110': 14, '1010110': 9, '0001100': 16, '0111110': 17, '1111111': 13, '1001101': 17, '1001111': 18, '1101111': 12, '0100111': 13, '1011110': 12, '1010101': 22, '1101011': 3, '1100110': 24, '0110101': 13, '0101110': 17, '0000111': 16, '0011110': 13, '1110100': 13, '0010010': 4, '1011101': 11, '1101101': 13, '0001011': 1, '0010110': 17, '1101110': 8, '1110001': 1, '0000101': 10, '0011100': 20, '0101101': 15, '1000100': 9, '1000010': 2, '0011000': 2, '1000111': 12, '0001000': 1, '0000000': 2, '0010111': 18, '1111101': 13, '1110110': 13, '0011111': 12, '1110011': 1, '0010011': 2, '1010011': 3, '1011010': 1, '1111110': 9, '1110010': 1, '0100100': 12, '1111001': 1, '0101011': 1, '1001010': 2, '1111011': 1, '0011001': 1, '0101001': 1, '1101010': 1, '1101000': 1, '1111010': 2, '0110010': 1, '0010001': 2, '0100010': 1, '1000001': 1, '1010010': 1, '0011011': 1, '0110001': 1, '1000000': 1, '1011001': 1, '0111010': 1}"
vqe_7,1024,'1010001x',"{'1011010': 18, '1010011': 45, '0010011': 47, '1110011': 19, '0010010': 35, '1010010': 42, '0110010': 22, '0011011': 21, '0110011': 24, '0001101': 1, '1010000': 34, '1010110': 19, '1011111': 12, '1111000': 4, '0111000': 8, '0010001': 26, '1011001': 16, '0010100': 23, '0110101': 14, '0110111': 14, '1011011': 20, '0011110': 14, '1011101': 9, '1110110': 14, '0011100': 8, '0010000': 16, '0111001': 10, '0111101': 4, '0010111': 21, '0111110': 10, '1010101': 14, '0110100': 9, '0110110': 13, '1011110': 18, '0111011': 11, '1111111': 6, '1110001': 11, '0011101': 10, '0110001': 9, '1011000': 10, '1010100': 32, '1011100': 18, '1110111': 12, '0110000': 13, '0011000': 13, '1010111': 21, '1110010': 11, '0010101': 24, '1110000': 9, '0111100': 6, '0011111': 16, '1001101': 1, '0111111': 7, '0010110': 34, '1010001': 18, '1111110': 5, '1000101': 1, '0000000': 2, '1111010': 8, '1110100': 9, '0011001': 11, '1111001': 4, '1000010': 2, '1000110': 1, '1111011': 8, '1110101': 7, '1111100': 5, '0111010': 14, '1100011': 3, '0011010': 14, '0100110': 1, '0001011': 1, '0101111': 1, '1000000': 1, '1001100': 1, '1111101': 3, '1101111': 1, '1001010': 2, '0000110': 1, '0101000': 1, '0001100': 1}"
vqe_7,1024,'1010010x',"{'1011100': 27, '1010110': 51, '0010011': 30, '1110110': 28, '0010010': 33, '1010000': 21, '0110010': 16, '0011111': 23, '0110011': 21, '0000110': 9, '1000101': 17, '1010111': 29, '1100111': 9, '1111010': 9, '0111001': 8, '0001100': 9, '0001111': 4, '0010100': 40, '0110101': 22, '1000110': 5, '0111000': 11, '1011101': 27, '0100111': 11, '1100100': 10, '1110111': 25, '0110100': 29, '0100100': 4, '1011000': 2, '0111101': 2, '1001100': 9, '0111111': 21, '0011000': 11, '1010010': 13, '0010000': 8, '1100110': 7, '0111110': 23, '1111101': 18, '1010001': 17, '1010011': 16, '1110000': 10, '0100110': 9, '1011011': 17, '1100101': 7, '1100010': 5, '0101110': 8, '0001101': 15, '0011010': 9, '1011010': 13, '0101111': 5, '1101100': 3, '1110011': 4, '0100000': 1, '1101111': 6, '0010001': 7, '1110001': 4, '0000111': 7, '0010101': 44, '0101100': 11, '1011001': 6, '0101101': 6, '0110000': 4, '1000011': 2, '1001110': 6, '0001110': 3, '1000100': 7, '0000000': 2, '1100011': 5, '1111100': 15, '0111010': 6, '0011100': 1, '1110010': 3, '1111011': 5, '1101110': 7, '0101010': 2, '0011110': 17, '1000111': 2, '1101010': 1, '1111111': 1, '1101101': 5, '0001010': 2, '1001111': 8, '1001101': 5, '0110001': 2, '1000010': 6, '1111001': 3, '0100101': 3, '1101000': 2, '0010111': 2, '0010110': 1, '0111011': 2, '0011001': 5, '0011011': 5, '0000101': 1, '0101011': 2, '1001001': 3, '1001010': 1, '0001011': 2, '0100001': 1, '0000100': 1, '0101000': 1}"
vqe_7,1024,'1010011x',"{'1011110': 27, '1010100': 42, '0010110': 40, '1110100': 22, '0010001': 15, '1010000': 10, '0110001': 13, '0011101': 24, '0110110': 27, '0000100': 7, '1000111': 18, '1010101': 31, '1010011': 33, '1101010': 2, '1111000': 4, '0111011': 17, '0001101': 4, '0001111': 7, '0110111': 34, '0111010': 12, '1011111': 26, '0010011': 14, '0100111': 6, '1100101': 5, '0001100': 5, '1110101': 28, '0100100': 8, '0000101': 7, '0111100': 23, '1001011': 6, '0111101': 22, '0011010': 20, '1010010': 30, '0110011': 6, '0010000': 16, '1100111': 16, '1111111': 16, '1010001': 10, '1110000': 4, '0100101': 8, '0110000': 8, '1011010': 5, '1100001': 2, '0101110': 5, '1011011': 8, '0101111': 11, '0001110': 15, '0011011': 16, '1110011': 15, '1011001': 6, '1101100': 7, '0100010': 1, '1101110': 2, '1110010': 9, '1101111': 4, '0101100': 7, '0101101': 8, '0010111': 45, '1000110': 10, '1000100': 3, '1001101': 7, '0011000': 10, '0000010': 2, '1100100': 7, '1111110': 16, '0010010': 17, '0011100': 18, '1111001': 4, '1101101': 8, '0101000': 2, '1000101': 2, '1001100': 12, '1011000': 8, '1101011': 3, '0000110': 4, '0000111': 2, '1001110': 5, '1001111': 3, '1100110': 7, '0111001': 1, '0110100': 1, '1000000': 3, '0100110': 6, '1000001': 3, '0100000': 1, '1010110': 1, '1101001': 1, '1100000': 3, '0110010': 2, '0111000': 1, '1111011': 1, '0001000': 1, '1111101': 1, '0100011': 1, '0001001': 1, '1100011': 1, '1111100': 1, '1110001': 4, '0111110': 1}"
vqe_7,1024,'1010100x',"{'1100100': 14, '1010100': 22, '1100010': 1, '0010100': 11, '1110101': 15, '0001101': 14, '1001100': 20, '0101111': 16, '0100101': 13, '0110100': 21, '0000100': 9, '1000101': 21, '1010111': 12, '1101100': 20, '1111100': 12, '1100011': 2, '0111100': 27, '0000110': 13, '0001010': 2, '1011111': 17, '0010101': 18, '0110111': 17, '0001110': 19, '1100101': 11, '0001111': 15, '0101100': 17, '1100001': 1, '1100111': 11, '1110111': 18, '0110110': 19, '0100110': 12, '1011100': 17, '0111101': 18, '1000110': 18, '0111111': 17, '0011101': 18, '1001110': 14, '1010110': 9, '0001100': 16, '0111110': 16, '1111111': 13, '1001101': 17, '1001111': 18, '1101111': 12, '0100111': 13, '1011110': 12, '1010101': 22, '1101011': 2, '1100110': 24, '0110101': 13, '0101110': 17, '0000111': 16, '0011110': 13, '1110100': 13, '0010010': 4, '1011101': 11, '1101101': 13, '0001011': 1, '0010110': 18, '1101110': 8, '1110001': 1, '0000101': 9, '0011100': 20, '0101101': 15, '1000100': 10, '1000010': 2, '0011000': 2, '1000111': 12, '0001000': 1, '0000000': 2, '0010111': 18, '1111101': 13, '1110110': 12, '0011111': 12, '1110011': 1, '0010011': 2, '1010010': 2, '1011010': 1, '1111110': 9, '1110010': 1, '0100100': 12, '1111001': 1, '0101011': 1, '1001010': 2, '1111011': 1, '0011001': 1, '0101001': 1, '1101010': 2, '1101000': 1, '1111010': 2, '0110010': 1, '0010001': 2, '1010011': 2, '0100010': 1, '1000001': 1, '0011011': 1, '0110001': 1, '1000000': 1, '1011001': 1, '0111010': 1}"
vqe_7,1024,'1010101x',"{'1110010': 37, '1011011': 15, '0011011': 8, '1111001': 15, '0010110': 11, '1010100': 15, '0110111': 28, '0110011': 34, '0111000': 14, '0010000': 7, '1010001': 16, '1110000': 20, '1110101': 22, '1111011': 21, '0111011': 29, '0010010': 16, '0010011': 21, '0011101': 10, '0111010': 29, '0010111': 16, '0011100': 3, '1110011': 45, '0011010': 14, '0110101': 24, '1110100': 20, '1111010': 20, '0010001': 7, '0111100': 14, '1010010': 20, '0111110': 12, '0110001': 20, '1010111': 12, '0111111': 17, '1100000': 2, '0010100': 10, '0111101': 13, '1111111': 11, '1010110': 9, '1011001': 7, '1110110': 19, '0110100': 17, '0110110': 23, '1011101': 7, '0111001': 12, '1011010': 11, '1010000': 11, '1011000': 9, '0110010': 32, '1111000': 11, '0011000': 9, '1110001': 20, '1011110': 10, '1110111': 13, '0011111': 11, '0010101': 9, '1100100': 2, '0110000': 34, '1010011': 14, '1001111': 1, '0000001': 2, '1100111': 1, '1111101': 12, '0101111': 1, '0100111': 2, '0011110': 8, '1000110': 1, '0101000': 1, '1010101': 13, '0100011': 1, '1111110': 9, '1111100': 5, '1011111': 4, '1101000': 1, '0011001': 3, '1101010': 1, '0101101': 1, '1011100': 7, '0100110': 2, '1000001': 1, '1101011': 1, '0100101': 1, '1000011': 1, '0101010': 1, '1100001': 1, '0101011': 1, '0101100': 1, '0100010': 1, '1101100': 1}"
vqe_7,1024,'1010110x',"{'1101101': 11, '1010101': 31, '1101100': 9, '0010111': 24, '1110101': 33, '0010110': 35, '1010010': 20, '0110111': 44, '0110000': 13, '0000100': 4, '1000111': 19, '1011110': 11, '1110011': 32, '1111011': 8, '0111100': 38, '0001101': 6, '0010000': 6, '0011010': 15, '0111010': 23, '0011001': 2, '1101111': 4, '0110011': 16, '1110010': 33, '1111000': 13, '1101011': 4, '0110001': 12, '0000101': 7, '1011111': 22, '1001100': 17, '0111101': 30, '0100100': 11, '1010100': 30, '0111011': 18, '0010011': 1, '0010001': 12, '1111111': 21, '1010011': 17, '1110100': 25, '0110010': 11, '0110110': 36, '1100111': 12, '1011000': 8, '1110001': 9, '1111010': 4, '0001111': 9, '1111001': 10, '1101010': 4, '0100101': 10, '0100110': 4, '1100110': 8, '1101110': 3, '1011001': 9, '0011011': 14, '0000110': 3, '0100010': 5, '1000110': 7, '1000100': 4, '0011101': 26, '1001110': 2, '0000010': 2, '0101111': 11, '0011100': 21, '0111001': 3, '1111110': 19, '0100111': 6, '0100011': 4, '1000101': 2, '1110000': 5, '0101100': 1, '1001101': 5, '1001001': 1, '0000111': 4, '1011011': 2, '0101001': 2, '0001110': 11, '0001001': 1, '1001111': 6, '0111000': 3, '0010100': 1, '1011010': 2, '1010001': 2, '1100000': 1, '0101110': 6, '1000001': 3, '1011101': 1, '0010010': 4, '0101000': 1, '1010000': 2, '1100101': 4, '1100100': 3, '1000000': 2, '1100001': 1, '1001011': 1, '0101101': 2, '0001100': 4}"
vqe_7,1024,'1010111x',"{'1101110': 10, '1010111': 31, '1101101': 4, '0010101': 20, '1110111': 30, '0010011': 17, '1010001': 13, '0110100': 38, '0101111': 5, '0110101': 38, '0000101': 3, '1000110': 9, '1011101': 21, '1110011': 16, '1111011': 17, '0111110': 36, '0001100': 9, '0001111': 4, '1101100': 4, '0111000': 13, '1000111': 6, '1101111': 8, '0010100': 33, '0110011': 28, '1110001': 26, '1111010': 18, '1101001': 3, '0110111': 3, '0110010': 22, '0000110': 7, '1001100': 11, '0111111': 30, '0100100': 4, '1010110': 29, '1011100': 11, '0111001': 12, '0010010': 16, '0111011': 6, '1111101': 21, '1110110': 30, '1100101': 8, '1011010': 12, '1110010': 11, '1110000': 14, '1100110': 7, '1000101': 10, '0001110': 5, '1100111': 4, '0100110': 7, '0100111': 15, '1100100': 9, '1011011': 14, '0011001': 6, '0110001': 8, '0000111': 7, '1101010': 1, '0010000': 4, '0011111': 22, '1011110': 2, '1101000': 1, '0011010': 6, '1000011': 3, '0011110': 26, '1001110': 6, '0100101': 7, '1000100': 5, '0000000': 2, '0101110': 6, '1111100': 20, '1111001': 5, '0100000': 3, '1010011': 6, '1011000': 2, '1111000': 4, '0101100': 3, '0011000': 9, '0010111': 1, '0101010': 2, '0001101': 13, '1010010': 5, '0001010': 1, '1001111': 6, '1001101': 7, '1010000': 9, '0111010': 3, '1011111': 1, '0101101': 11, '1000010': 5, '0110000': 3, '0100001': 3, '1100011': 2, '1100010': 2, '1011001': 2, '1001000': 1, '0111101': 1, '0001011': 1, '0111100': 1, '0000100': 1, '0011101': 1}"
vqe_7,1024,'1011000x',"{'1100100': 14, '1010100': 22, '1100010': 1, '0010100': 11, '1110101': 14, '0001101': 14, '1001100': 20, '0101111': 16, '0100101': 13, '0110100': 21, '0000100': 9, '1000101': 21, '1010111': 12, '1101100': 20, '1111100': 12, '1100011': 2, '0111100': 27, '0000110': 13, '0001010': 2, '1011111': 17, '0010101': 19, '0110111': 17, '0001110': 19, '1100101': 11, '0001111': 15, '0101100': 17, '1100001': 1, '1100111': 11, '1110111': 17, '0110110': 19, '0100110': 12, '1011100': 17, '0111101': 17, '1000110': 18, '0111111': 17, '0011101': 18, '1001110': 14, '1010110': 9, '0001100': 16, '0111110': 17, '1111111': 13, '1001101': 17, '1001111': 18, '1101111': 12, '0100111': 13, '1011110': 12, '1010101': 22, '1101011': 3, '1100110': 24, '0110101': 13, '0101110': 17, '0000111': 16, '0011110': 13, '1110100': 14, '0010010': 4, '1011101': 11, '1101101': 13, '0001011': 1, '0010110': 17, '1101110': 8, '1110001': 1, '0000101': 9, '0011100': 20, '0101101': 15, '1000100': 10, '1000010': 2, '0011000': 2, '1000111': 12, '0001000': 1, '0000000': 2, '0010111': 18, '1111101': 12, '1110110': 13, '0011111': 12, '1110011': 1, '0010011': 2, '1010011': 3, '1011010': 1, '1111110': 10, '1110010': 1, '0100100': 12, '1111001': 1, '0101011': 1, '1001010': 2, '1111011': 1, '0011001': 1, '0101001': 1, '1101010': 1, '1101000': 1, '1111010': 2, '0110010': 1, '0010001': 2, '0100010': 1, '1000001': 1, '1010010': 1, '0011011': 1, '0110001': 1, '1000000': 1, '1011001': 1, '0111010': 1}"
vqe_7,1024,'1011001x',"{'1001010': 24, '1000100': 29, '0000100': 21, '1100100': 9, '0000011': 45, '1000010': 40, '0100010': 19, '0001011': 22, '0100011': 23, '0000000': 13, '1000000': 24, '1000110': 18, '1010001': 1, '1101001': 5, '0101001': 9, '0000010': 40, '0000101': 29, '0100110': 15, '1000001': 26, '0101000': 11, '1001011': 18, '0001111': 14, '1001110': 10, '0000001': 17, '1100110': 14, '0100101': 16, '0001101': 9, '1000111': 21, '0101010': 16, '0101110': 4, '0001000': 12, '1000011': 42, '0101111': 10, '0100111': 6, '1001111': 17, '0101100': 4, '1110011': 3, '1100010': 14, '0001110': 12, '1001001': 11, '1000101': 23, '1001100': 9, '1001101': 20, '0100100': 9, '1100111': 10, '0100000': 6, '0100001': 15, '0001001': 13, '1100011': 17, '0101011': 14, '1001000': 9, '1110100': 1, '1010110': 1, '1100001': 7, '0000111': 28, '0010101': 2, '0011101': 1, '0110111': 2, '0000110': 27, '1101111': 5, '0101101': 6, '0001100': 8, '1101011': 9, '1100101': 9, '0001010': 13, '1101010': 6, '0011000': 1, '1100000': 8, '1010010': 3, '1101100': 4, '1101000': 7, '1101101': 6, '1010011': 2, '1111101': 1, '1011110': 2, '1011010': 1, '0011111': 2, '0010110': 1, '0110010': 2, '0110011': 2, '1010000': 2, '1011011': 1, '0010010': 2, '1110000': 1, '0010111': 1, '0010011': 2, '0011010': 2, '0110101': 1, '1101110': 2, '0110000': 1, '1010111': 1, '1110101': 1, '0011011': 1, '0011001': 1}"
vqe_7,1024,'1011010x',"{'1010111': 10, '1000101': 44, '0001001': 5, '1101110': 18, '0000111': 47, '1000100': 39, '0101010': 10, '0011110': 7, '0101011': 12, '0000000': 7, '1000010': 38, '1001110': 22, '1100011': 24, '1110101': 6, '0110101': 16, '0000011': 16, '0000110': 32, '1010110': 15, '0001010': 19, '0101101': 27, '0110100': 13, '1011100': 9, '0100110': 27, '1100010': 12, '0000010': 9, '1101111': 23, '0100000': 6, '0000001': 13, '1001111': 24, '0110110': 6, '0111110': 10, '0001101': 30, '0111111': 11, '1001011': 3, '0110010': 2, '0111101': 4, '1111111': 6, '1100101': 19, '0100001': 10, '0100111': 23, '1010100': 4, '1001001': 17, '1011110': 4, '1100000': 7, '0101100': 22, '1110001': 1, '1010101': 5, '0010100': 15, '1101001': 4, '0111100': 7, '0101000': 6, '1100100': 17, '1101000': 5, '0001011': 19, '0011111': 9, '1011111': 9, '1001101': 1, '1000000': 9, '0001100': 34, '1000011': 22, '0101111': 1, '1111110': 5, '1001000': 14, '1000001': 4, '1011011': 1, '0011101': 6, '1100001': 4, '1110111': 8, '1110110': 5, '1011101': 8, '0010101': 6, '0000100': 1, '1111100': 7, '1111101': 6, '0110111': 6, '1111010': 2, '1001010': 4, '0100010': 2, '1110100': 5, '0010111': 5, '0010011': 3, '0100011': 5, '0011000': 1, '1101010': 3, '0010010': 2, '1011010': 2, '0111010': 1, '0011100': 5, '0110011': 1, '0111000': 1, '1101100': 2, '0111001': 1, '1010001': 1, '1000110': 1, '1111011': 1, '0101001': 1, '1101101': 1, '1101011': 1}"
vqe_7,1024,'1011011x',"{'1010110': 5, '1001010': 26, '0000101': 39, '1101100': 21, '0000100': 38, '1000110': 39, '0100101': 28, '0011101': 10, '0101011': 3, '0000001': 4, '1000001': 22, '1001100': 20, '1100110': 25, '1110100': 11, '0110110': 15, '0000011': 28, '1010101': 13, '0001001': 15, '0101111': 26, '0001000': 5, '1000010': 17, '1011110': 7, '0100011': 15, '1100001': 7, '1101101': 18, '0100010': 15, '0000010': 19, '1001101': 24, '0110111': 15, '0111110': 4, '0001111': 31, '1000111': 39, '0111111': 9, '0101001': 6, '1001011': 18, '0110100': 3, '0111100': 13, '0110101': 7, '1111111': 8, '1100111': 23, '1011100': 5, '1010100': 13, '1100011': 9, '1011111': 14, '1100000': 15, '0101110': 21, '1110011': 1, '0100100': 24, '0000110': 2, '1101111': 1, '0010101': 6, '0010110': 12, '1101011': 10, '1011101': 4, '0100000': 2, '0001010': 7, '0111101': 8, '0011111': 6, '1101010': 5, '1001000': 4, '0001011': 6, '1000000': 13, '0001110': 35, '1000011': 11, '0110000': 1, '1111110': 6, '0101000': 4, '0000000': 3, '1110111': 5, '0011100': 8, '1001001': 6, '1110101': 6, '0101101': 2, '0101010': 4, '1110010': 4, '1010010': 3, '0011110': 2, '0010111': 3, '1111100': 5, '1111101': 6, '1111001': 1, '0111010': 3, '0110001': 1, '0011011': 6, '0010100': 4, '1010111': 4, '1011000': 1, '1100010': 2, '0111011': 1, '0010001': 1, '1101110': 1, '1110110': 2, '0100001': 1, '1111000': 1, '0100110': 1, '1010011': 1}"
vqe_7,1024,'1011100x',"{'1100100': 14, '1010100': 22, '1100010': 1, '0010100': 11, '1110101': 14, '0001101': 14, '1001100': 20, '0101111': 16, '0100101': 13, '0110100': 21, '0000100': 9, '1000101': 21, '1010111': 12, '1101100': 20, '1111100': 12, '1100011': 2, '0111100': 27, '0000110': 12, '0001010': 2, '1011111': 17, '0010101': 19, '0110111': 17, '0001110': 19, '1100101': 11, '0001111': 15, '0101100': 17, '1100001': 1, '1100111': 11, '1110111': 17, '0110110': 19, '0100110': 12, '1011100': 17, '0111101': 17, '1000110': 18, '0111111': 17, '0011101': 18, '1001110': 14, '1010110': 9, '0001100': 16, '0111110': 17, '1111111': 13, '1001101': 17, '1001111': 18, '1101111': 12, '0100111': 13, '1011110': 12, '1010101': 22, '1101011': 2, '1100110': 24, '0110101': 13, '0101110': 17, '0000111': 16, '0011110': 13, '1110100': 14, '0010010': 4, '1011101': 11, '1101101': 13, '0001011': 1, '0010110': 17, '1101110': 8, '1110001': 1, '0000101': 10, '0011100': 20, '0101101': 15, '1000100': 10, '1000010': 2, '0011000': 2, '1000111': 12, '0001000': 1, '0000000': 2, '0010111': 18, '1111101': 12, '1110110': 13, '0011111': 12, '1110011': 1, '0010011': 2, '1010011': 3, '1011010': 1, '1111110': 10, '1110010': 1, '0100100': 12, '1111001': 1, '0101011': 1, '1001010': 2, '1111011': 1, '0011001': 1, '0101001': 1, '1101010': 2, '1101000': 1, '1111010': 2, '0110010': 1, '0010001': 2, '0100010': 1, '1000001': 1, '1010010': 1, '0011011': 1, '0110001': 1, '1000000': 1, '1011001': 1, '0111010': 1}"
vqe_7,1024,'1011101x',"{'1100011': 33, '1001100': 10, '0001100': 5, '1101010': 19, '0000111': 14, '1000101': 13, '0100111': 26, '0100011': 29, '0101001': 17, '0000001': 9, '1000001': 17, '1100000': 18, '1100101': 25, '1101100': 9, '0101100': 19, '0000011': 23, '0000100': 8, '1100010': 37, '0001110': 8, '0101011': 22, '0001101': 3, '1000010': 25, '0001010': 10, '0100101': 21, '1100100': 29, '1101011': 26, '0101010': 24, '0100100': 18, '1100001': 21, '0101101': 19, '0101111': 10, '0100010': 37, '1001000': 10, '0110010': 6, '0101000': 11, '0000101': 8, '0101110': 14, '1111000': 3, '1000111': 9, '1001010': 9, '1100111': 18, '0110001': 1, '1001110': 8, '0100110': 24, '1000110': 11, '1001001': 9, '1101001': 11, '0001001': 11, '0001011': 11, '1111010': 2, '1100110': 17, '1001111': 11, '1101000': 8, '0010100': 1, '0000110': 9, '0000010': 13, '0100001': 28, '1001011': 12, '0011100': 1, '0111011': 2, '0100000': 27, '1000011': 12, '1110011': 2, '1000000': 7, '0000000': 3, '1101110': 11, '0001000': 9, '0011001': 1, '0011000': 1, '0010001': 1, '1101101': 7, '0010111': 1, '1001101': 7, '0001111': 9, '1101111': 8, '1010111': 1, '0011110': 2, '1111110': 1, '0011101': 1, '1000100': 10, '1010010': 1, '1011010': 1, '0110111': 2, '1110100': 1, '0111000': 1, '1110110': 1, '0111010': 1, '1110000': 1, '0010110': 1, '0110110': 1, '0010010': 1, '1110010': 1, '1010011': 1, '0110011': 2, '0110100': 1, '0111001': 1, '0110000': 1, '0011011': 1, '1110001': 1}"
vqe_7,1024,'1011110x',"{'1100011': 11, '1010010': 2, '0001111': 21, '1101100': 25, '0001001': 10, '1000111': 23, '0101011': 7, '0100011': 23, '0101110': 31, '0000010': 9, '1000011': 12, '1011101': 7, '1001110': 2, '1100111': 40, '1110100': 11, '0110110': 19, '0000100': 26, '0000101': 23, '1100010': 16, '0010101': 9, '0101111': 33, '0001011': 2, '0010100': 4, '1000110': 28, '1100110': 42, '0100101': 34, '1101101': 27, '0100100': 28, '1011111': 11, '0110111': 17, '0111101': 10, '0100000': 10, '1001100': 24, '0111110': 7, '1010110': 4, '0110100': 3, '0111100': 11, '1111111': 10, '1001011': 9, '1001101': 19, '1001000': 3, '1101011': 14, '0101001': 10, '1100001': 14, '1010100': 13, '1110011': 4, '0101000': 10, '0101010': 8, '1110010': 3, '0100010': 24, '0001110': 24, '1011110': 6, '1100000': 12, '1010101': 14, '0010110': 13, '1101010': 12, '0000011': 11, '0010111': 10, '1000010': 4, '1010111': 2, '1000000': 10, '0011101': 13, '0110001': 2, '0100001': 10, '1010011': 7, '1000001': 5, '0011110': 9, '0000000': 2, '1001111': 1, '0011100': 10, '0001100': 2, '1011001': 1, '1110111': 5, '0001101': 1, '0011010': 2, '1110101': 6, '1001010': 14, '1111100': 5, '1111110': 7, '1111001': 1, '0111010': 3, '1101000': 2, '1011010': 1, '1101001': 3, '0011001': 1, '1011100': 3, '0111111': 4, '0011111': 4, '0111011': 3, '1001001': 1, '0110000': 1, '0100111': 1, '0001000': 2, '1111101': 3, '1110110': 2, '1111000': 1, '0011011': 3, '0010001': 1, '0110101': 1}"
vqe_7,1024,'1011111x',"{'1100011': 24, '1001111': 21, '0001101': 20, '1101110': 25, '0001011': 10, '1000101': 27, '0101011': 20, '0100110': 31, '0101100': 29, '0000001': 6, '1000011': 22, '1011100': 5, '1100101': 37, '1110110': 9, '0110101': 20, '0000110': 20, '0000111': 27, '1100010': 30, '0010100': 12, '0101101': 32, '0001100': 28, '0010011': 3, '0100111': 36, '1100100': 40, '1101111': 27, '0000010': 3, '1011110': 5, '0110110': 4, '1000100': 27, '0111111': 12, '0100000': 18, '1001110': 24, '1010111': 7, '0110100': 10, '0111101': 8, '1111111': 5, '1001001': 6, '1101001': 11, '1011101': 11, '1010101': 8, '1110100': 4, '0101010': 16, '0001111': 2, '1110000': 2, '0100001': 15, '0111100': 5, '1100001': 7, '1010110': 13, '0010101': 17, '1101000': 6, '0111110': 9, '0110010': 6, '0001010': 9, '1101011': 2, '0000100': 1, '0011111': 12, '1011111': 7, '0101001': 3, '1000010': 9, '1000001': 3, '0011101': 8, '0110011': 2, '1001011': 1, '1111101': 8, '1010001': 5, '0000000': 3, '0011100': 8, '1011011': 2, '1111010': 4, '0011110': 10, '0100010': 10, '0010111': 7, '0101000': 5, '1010100': 7, '0000101': 1, '1001000': 8, '1111100': 9, '0110111': 6, '1111011': 2, '0111000': 3, '1110111': 6, '1110101': 4, '1101010': 3, '1001100': 1, '1111110': 3, '0100011': 7, '1000000': 5, '1100110': 1, '1001101': 1, '1100000': 4, '1001010': 1, '0111001': 1, '0000011': 2, '1110001': 2, '0001000': 1, '0011000': 1, '0011001': 1, '1010000': 1, '0011011': 1, '0010110': 1}"
vqe_7,1024,'1100000x',"{'1100000': 15, '1010000': 20, '0010000': 16, '1110001': 17, '0001001': 18, '1001000': 18, '0101101': 2, '0100001': 14, '0110000': 18, '0000000': 9, '1000001': 23, '1010101': 6, '1101000': 24, '1111000': 14, '0111000': 21, '0000011': 16, '0001000': 14, '1011101': 3, '0010001': 20, '0110011': 16, '0001010': 15, '1100001': 13, '0001101': 3, '1011011': 17, '0101000': 17, '1100011': 15, '0000010': 10, '1110011': 15, '0110010': 17, '0100011': 10, '0000001': 11, '1011000': 16, '0111001': 24, '1000010': 18, '0111011': 17, '0011001': 20, '1001010': 13, '1010010': 12, '0110100': 2, '0111010': 12, '1111100': 4, '1001001': 21, '1001011': 14, '1101011': 13, '0100101': 3, '0101011': 9, '1011010': 10, '1010001': 23, '1100010': 19, '0110001': 17, '1110110': 1, '0101010': 14, '1001111': 2, '0000100': 2, '0011010': 8, '0001110': 2, '0011011': 15, '1110000': 13, '0001011': 14, '1011001': 13, '0101100': 7, '1101001': 13, '0100010': 11, '0010010': 14, '1101010': 8, '0101001': 16, '1010011': 8, '1000000': 12, '0011000': 22, '1000011': 6, '1111011': 9, '0000111': 1, '0010011': 17, '1111001': 13, '1110010': 11, '1110101': 1, '0011101': 1, '1111010': 10, '0100110': 1, '1111111': 1, '1001101': 1, '0010100': 2, '1000100': 4, '0110111': 1, '0100000': 11, '0111111': 2, '1001100': 2, '1000101': 1, '0010110': 2, '0111110': 1, '0000110': 1, '0010101': 1, '1000110': 1, '0110101': 1, '0100100': 1, '0011111': 1, '0111101': 1, '1110100': 3, '1100101': 1, '0001100': 1, '0111100': 1, '0101111': 2, '0010111': 1, '1100100': 1}"
vqe_7,1024,'1100001x',"{'1011101': 27, '1011000': 26, '0011000': 13, '1111000': 10, '0010101': 19, '1010100': 22, '0110100': 13, '0011101': 26, '0110110': 12, '0001110': 2, '1010000': 15, '1011010': 18, '1011111': 32, '1111100': 13, '0111100': 25, '0010010': 12, '0010100': 16, '1011100': 33, '0011001': 28, '0111010': 16, '0010110': 23, '1010001': 13, '0010111': 19, '0011111': 32, '1011110': 36, '1111010': 17, '0111001': 12, '0011110': 25, '0010000': 7, '1011011': 22, '0111110': 12, '0011011': 31, '1010110': 20, '0111111': 19, '0110101': 9, '1011001': 24, '0111011': 10, '1111111': 13, '1010101': 19, '1010111': 14, '1110011': 9, '0111101': 21, '0110011': 4, '0111000': 11, '1111011': 10, '0110000': 3, '0110001': 7, '0010011': 16, '0110111': 6, '0011100': 31, '1110110': 7, '1110101': 7, '1110001': 3, '1110100': 4, '1110010': 4, '0010001': 7, '0110010': 8, '1001111': 1, '0011010': 28, '1010011': 11, '1001001': 1, '0000001': 2, '1110111': 6, '1111101': 13, '1111001': 6, '1110000': 4, '1000101': 1, '1010010': 14, '1001010': 1, '1111110': 9, '1100111': 1, '1101000': 1, '0101010': 1, '0001101': 1, '0101111': 1, '1000001': 1, '1001110': 1, '1101111': 1, '1100110': 1, '1000100': 1, '1001101': 2, '0001010': 1, '0101100': 1}"
vqe_7,1024,'1100010x',"{'1011101': 22, '1010110': 14, '0010101': 15, '1110110': 7, '0010010': 25, '1010000': 32, '0110010': 19, '0011110': 19, '0110011': 22, '0000001': 9, '1000011': 15, '1011010': 35, '1101000': 11, '1111011': 18, '0111001': 38, '0001010': 9, '0001101': 2, '0111000': 27, '0010011': 32, '1000100': 5, '1011110': 9, '0010100': 17, '1011100': 27, '0101000': 9, '1100001': 7, '1111010': 25, '0110110': 7, '0100000': 8, '1011011': 29, '1001000': 18, '0111111': 12, '0011001': 38, '1010001': 32, '1100011': 11, '0111101': 4, '1111110': 5, '1110000': 15, '1100100': 4, '0100001': 9, '1010111': 16, '1011111': 14, '1100000': 11, '0110100': 11, '0101011': 9, '0101100': 1, '1010101': 4, '0001011': 13, '0011011': 2, '1110001': 17, '0111100': 5, '0101101': 3, '1111111': 3, '0010111': 5, '1101010': 2, '0111110': 9, '0011111': 14, '1101011': 3, '0000011': 2, '0101001': 7, '0101010': 8, '0011000': 44, '0110000': 3, '1000010': 6, '1000000': 8, '1001001': 6, '0011010': 3, '1111101': 11, '0001100': 3, '0000000': 3, '1110100': 2, '0110101': 8, '1111100': 13, '1110111': 6, '0110111': 2, '0100111': 1, '0011100': 10, '1101001': 9, '1011000': 1, '1000001': 3, '0011101': 3, '0110001': 2, '0010110': 10, '1000101': 2, '0000110': 3, '1110101': 2, '1010100': 4, '0001000': 2, '1001010': 5, '1100010': 5, '0010001': 1, '0100010': 2, '1001110': 2, '1100101': 3, '0100011': 5, '0000111': 1, '1001011': 1, '1111000': 1, '0001001': 4, '0000010': 2, '1101110': 1}"
vqe_7,1024,'1100011x',"{'1011110': 17, '1010101': 23, '1011101': 8, '0010110': 8, '1110100': 11, '0010000': 26, '1010010': 32, '0110000': 22, '0011110': 10, '0110001': 24, '0000010': 6, '1000010': 8, '1011000': 28, '1101000': 10, '1111000': 29, '0111011': 34, '0001000': 12, '0001011': 2, '0010111': 13, '0111010': 31, '0010001': 32, '1000111': 4, '0100101': 6, '1100001': 8, '1011100': 14, '0100000': 5, '1011001': 31, '1001001': 11, '0111101': 13, '0011011': 41, '1010011': 32, '0111110': 8, '1100011': 7, '1111111': 10, '1110001': 3, '1100111': 2, '0100010': 8, '1100010': 5, '1011111': 20, '1010110': 6, '1100000': 15, '0110110': 6, '0101010': 5, '0100001': 5, '0101011': 4, '1010100': 17, '0001001': 15, '0011100': 23, '0010100': 8, '1110011': 15, '0111100': 17, '0101101': 1, '1101001': 4, '1010111': 8, '0011010': 45, '1101011': 6, '0011111': 8, '1110010': 13, '1101100': 3, '0000011': 8, '0001111': 2, '0101000': 14, '0101110': 1, '0101001': 7, '0110101': 1, '1000001': 7, '1000000': 11, '1001011': 9, '0001010': 3, '0000000': 2, '0110111': 6, '1111001': 19, '0011101': 17, '1110101': 7, '0010101': 2, '0110100': 1, '0101111': 2, '1001010': 9, '1111100': 2, '1001000': 2, '1110110': 3, '1111110': 7, '1101010': 6, '1110000': 1, '0000101': 1, '1000011': 6, '0001110': 2, '0100011': 7, '1001101': 2, '0000001': 3, '1011011': 2, '1100110': 1, '0000100': 1, '1001100': 1, '0110010': 1, '1111101': 3, '1110111': 2, '0111111': 3, '1101101': 1, '1000110': 1}"
vqe_7,1024,'1100100x',"{'1100000': 15, '1010000': 20, '0010000': 16, '1110001': 17, '0001001': 18, '1001000': 18, '0101101': 2, '0100001': 14, '0110000': 18, '0000000': 9, '1000001': 23, '1010101': 6, '1101000': 24, '1111000': 14, '0111000': 21, '0000011': 16, '0001000': 14, '1011101': 3, '0010001': 20, '0110011': 16, '0001010': 15, '1100001': 13, '0001101': 3, '1011011': 17, '0101000': 17, '1100011': 15, '0000010': 10, '1110011': 15, '0110010': 17, '0100011': 10, '0000001': 11, '1011000': 15, '0111001': 24, '1000010': 18, '0111011': 16, '0011001': 20, '1001010': 13, '1010010': 12, '0110100': 2, '0111010': 12, '1111100': 4, '1001001': 21, '1001011': 14, '1101011': 13, '0100101': 3, '0101011': 9, '1011010': 10, '1010001': 23, '1100010': 19, '0110001': 17, '1110110': 1, '0101010': 14, '1001111': 2, '0000100': 2, '0011010': 8, '0001110': 2, '0011011': 15, '1110000': 13, '0001011': 14, '1011001': 14, '0101100': 7, '1101001': 13, '0100010': 11, '0010010': 14, '1101010': 8, '0101001': 16, '1010011': 8, '1000000': 12, '0011000': 21, '1000011': 6, '1111011': 9, '0000111': 1, '0010011': 17, '1111001': 13, '1110010': 11, '1110101': 1, '0011101': 1, '1111010': 10, '0100110': 1, '1111111': 1, '1001101': 1, '0010100': 2, '1000100': 4, '0110111': 1, '0100000': 11, '0111110': 2, '0010111': 2, '1001100': 2, '0111111': 1, '1000101': 1, '0010110': 2, '0000110': 1, '0010101': 1, '1000110': 1, '0110101': 1, '0100100': 1, '0011111': 1, '0111101': 1, '1110100': 3, '1100101': 1, '0001100': 1, '0111100': 2, '0101111': 2, '1100100': 1}"
vqe_7,1024,'1100101x',"{'1110101': 16, '1011110': 22, '0011101': 18, '1111100': 33, '0011011': 15, '1011000': 11, '0111011': 27, '0110110': 16, '0111100': 37, '0010001': 5, '1010010': 14, '1110000': 8, '1011101': 17, '1111001': 25, '1111110': 21, '0111110': 39, '0010101': 8, '0011000': 7, '0011110': 11, '0111101': 43, '1010011': 7, '1110110': 14, '0111001': 20, '1111000': 21, '1111101': 33, '1110100': 21, '0111000': 16, '0010010': 4, '1110010': 13, '1010100': 13, '0111111': 32, '0110010': 17, '1011011': 10, '1100010': 1, '0011010': 9, '0011001': 12, '1111111': 23, '1011010': 15, '1011100': 20, '1011001': 11, '1111011': 16, '1110111': 18, '0111010': 24, '0010111': 8, '0110100': 21, '0011100': 18, '1110001': 8, '1110011': 11, '1111010': 19, '1011111': 15, '0110111': 12, '0011111': 25, '0010011': 3, '1010001': 3, '1101000': 1, '0110000': 14, '1010110': 4, '0110011': 12, '1001111': 1, '0000011': 2, '1101100': 2, '0101111': 2, '0110001': 13, '0101100': 2, '1001010': 1, '0110101': 9, '1010101': 7, '1010000': 3, '0101000': 1, '0010100': 8, '0010110': 10, '1010111': 8, '0101011': 2, '1101101': 1, '1100000': 1, '0010000': 2, '1000011': 1, '1101110': 2, '0101010': 2, '1001000': 1, '0101101': 1, '1100011': 1, '0101110': 2, '1101001': 1, '0100101': 1}"
vqe_7,1024,'1100110x',"{'1101010': 10, '1011000': 35, '0011010': 25, '1111000': 30, '0010001': 22, '1010010': 22, '0111010': 40, '0101111': 3, '0000001': 4, '1000011': 9, '1011110': 12, '1110100': 15, '1111100': 9, '0111100': 29, '0001001': 14, '0001111': 1, '0011011': 30, '0111011': 43, '1001000': 6, '1101110': 1, '1101001': 6, '0110001': 26, '1110011': 29, '0001000': 8, '1111001': 37, '0110000': 19, '0000010': 5, '1011111': 11, '0111101': 34, '1001001': 12, '0111111': 13, '0100001': 5, '1010100': 13, '1011001': 25, '0010000': 18, '0111110': 10, '1111111': 15, '1010011': 19, '1010101': 12, '1110110': 8, '1101011': 9, '1100010': 5, '1110010': 33, '0110111': 12, '1101000': 7, '1010111': 2, '1000010': 6, '0001011': 4, '1100110': 3, '0100011': 11, '0010110': 10, '1100001': 7, '1101100': 2, '1110101': 11, '0000011': 5, '0100000': 9, '0110101': 5, '0110110': 9, '1000001': 6, '1000000': 11, '0011101': 18, '1001011': 5, '0100010': 8, '0011110': 8, '0000000': 2, '0101110': 4, '0011100': 18, '1111110': 17, '0101000': 8, '1110111': 2, '1001010': 7, '0001010': 4, '0010100': 2, '0000100': 3, '1111101': 6, '1010110': 1, '1001100': 4, '0010111': 5, '1100011': 1, '1101101': 2, '1100000': 9, '0101001': 9, '1010001': 2, '1001101': 2, '1111011': 1, '0010101': 1, '1011101': 1, '0011111': 2, '0100101': 3, '0110100': 4, '0000101': 1, '1011100': 2, '0101010': 3, '0010010': 1, '0101011': 2, '0100100': 1, '1100111': 1, '0001110': 1, '1000110': 1}"
vqe_7,1024,'1100111x',"{'1101001': 11, '1011010': 31, '1101000': 13, '0011000': 24, '1111011': 38, '0010011': 23, '1010000': 23, '0111000': 46, '0101101': 4, '0000001': 8, '1000011': 15, '1011101': 13, '1110001': 32, '1111100': 22, '0111100': 17, '0001010': 11, '0001101': 2, '0111001': 38, '1000101': 4, '1101110': 2, '0010101': 7, '0110011': 25, '0001001': 5, '0110010': 19, '1011110': 4, '0111101': 14, '1001000': 15, '0111111': 21, '0100000': 15, '1010101': 2, '1011011': 29, '0010010': 16, '0111110': 22, '1111111': 11, '1010001': 19, '1010111': 7, '1111010': 29, '0110111': 3, '1100011': 9, '1110000': 33, '0110101': 17, '1100100': 4, '1010110': 9, '0001011': 10, '1100101': 4, '0100010': 4, '1000100': 2, '0100011': 5, '0010100': 14, '0010110': 6, '1100010': 7, '1010011': 2, '1101010': 3, '1110100': 3, '0011001': 33, '1110111': 6, '0000011': 2, '0010001': 4, '0011111': 12, '0110100': 16, '1011111': 7, '1000010': 5, '1011100': 8, '1000000': 8, '0011110': 14, '1001010': 1, '0001100': 2, '1000001': 4, '0000000': 3, '0101100': 5, '1111101': 17, '0101000': 7, '0010111': 2, '1110110': 10, '0011100': 4, '0101001': 2, '0110110': 4, '1001001': 9, '1111110': 8, '0000100': 1, '0001000': 3, '1001011': 6, '1110101': 2, '0000010': 3, '0000110': 2, '1101011': 2, '0101010': 4, '0101011': 9, '1001111': 1, '1100001': 4, '1100000': 4, '0011101': 2, '0100001': 7, '0100110': 1, '0110001': 1, '1101111': 1, '0000111': 1, '1010100': 3, '0100100': 1, '0100111': 1}"
vqe_7,1024,'1101000x',"{'1100000': 15, '1010000': 20, '0010000': 16, '1110001': 17, '0001001': 18, '1001000': 18, '0101101': 2, '0100001': 14, '0110000': 18, '0000000': 9, '1000001': 23, '1010101': 6, '1101000': 24, '1111000': 14, '0111000': 21, '0000011': 16, '0001000': 15, '1011101': 3, '0010001': 20, '0110011': 16, '0001010': 14, '1100001': 13, '0001101': 3, '1011011': 17, '0101000': 17, '1100011': 15, '0000010': 10, '1110011': 15, '0110010': 17, '0100011': 10, '0000001': 11, '1011000': 15, '0111001': 24, '1000010': 18, '0111011': 16, '0011001': 20, '1001010': 13, '1010010': 11, '0110100': 2, '0111010': 12, '1111100': 4, '1001001': 21, '1001011': 14, '1101011': 13, '0100101': 3, '0101011': 9, '1011010': 10, '1010001': 24, '1100010': 19, '0110001': 17, '1110110': 1, '0101010': 14, '1001111': 2, '0000100': 2, '0011010': 8, '0001110': 2, '0011011': 15, '1110000': 13, '0001011': 15, '1011001': 14, '0101100': 7, '1101001': 13, '0100010': 11, '0010010': 14, '1101010': 8, '0101001': 16, '1010011': 8, '1000000': 12, '0011000': 22, '1000011': 6, '1111011': 9, '0010011': 17, '1111001': 13, '1110010': 11, '1110101': 2, '0011101': 1, '1111010': 10, '0100110': 1, '1111111': 1, '1001101': 1, '0010100': 2, '1000100': 3, '0110111': 1, '0100000': 11, '0111110': 2, '1001100': 2, '0111111': 1, '1000101': 2, '0010110': 1, '0000110': 1, '0010101': 1, '1000110': 1, '0110101': 1, '0100100': 1, '0011111': 1, '0111101': 1, '1110100': 2, '1100101': 1, '0001100': 1, '0111100': 2, '0010111': 2, '0101111': 2, '1100100': 1}"
vqe_7,1024,'1101001x',"{'1001101': 33, '1001001': 27, '0001001': 21, '1101001': 13, '0000110': 14, '1000101': 25, '0100101': 9, '0001110': 25, '0100111': 11, '0000001': 8, '1000001': 15, '1001011': 21, '1010011': 1, '1101100': 15, '0101100': 21, '0000011': 12, '0000100': 21, '0101010': 18, '0000111': 25, '1000010': 17, '1001110': 34, '0001000': 18, '0001111': 29, '1001111': 31, '1101011': 15, '0101101': 23, '0101111': 16, '0001100': 33, '1000111': 21, '0100110': 9, '1001010': 23, '0101011': 13, '0000101': 17, '0101110': 15, '1110111': 2, '1000110': 14, '1001000': 19, '1100100': 11, '0100100': 10, '1001100': 28, '0101000': 11, '0100001': 4, '0100010': 7, '1100111': 7, '1111001': 1, '1011011': 2, '1100110': 6, '0001010': 29, '1100010': 3, '1100101': 3, '1100011': 4, '0000010': 9, '0011010': 2, '0100011': 8, '0011110': 2, '0111011': 2, '0001011': 35, '1000100': 14, '1101111': 10, '1000000': 5, '0000000': 3, '1101000': 8, '0101001': 6, '1101101': 10, '0001101': 24, '0011100': 2, '1100001': 5, '1010100': 1, '1000011': 14, '1101110': 12, '1101010': 7, '1010110': 1, '1111111': 1, '1011111': 2, '1011101': 2, '1100000': 3, '1110110': 1, '0011111': 2, '0011011': 2, '0110110': 1, '1010101': 2, '0110111': 1, '1010000': 1, '0100000': 2, '0110100': 1, '1010001': 1, '0010100': 2, '1110000': 1, '0010110': 1, '0011101': 2, '0111010': 1, '0110001': 1, '0010111': 1, '1011000': 1, '0111000': 1, '1111010': 1}"
vqe_7,1024,'1101010x',"{'1010111': 2, '1001001': 49, '1010011': 4, '0001011': 37, '1101001': 24, '0001010': 42, '1000101': 20, '0101011': 28, '0011001': 10, '0000000': 14, '1000010': 26, '1001101': 5, '1100011': 25, '1110001': 8, '0110010': 9, '0000001': 24, '0000110': 9, '1010010': 3, '0101110': 9, '1000011': 31, '0110001': 12, '1011010': 9, '1010001': 15, '0100001': 19, '1100010': 16, '1101111': 12, '0101101': 17, '0100000': 17, '1001110': 22, '0110011': 14, '0111010': 2, '0001110': 12, '1001000': 39, '0111011': 8, '1001100': 7, '0110000': 3, '0000111': 12, '0111001': 11, '1111100': 4, '1101000': 18, '0111000': 12, '0101010': 27, '1011001': 4, '1010000': 10, '1011100': 7, '1100000': 4, '0101100': 14, '1110000': 11, '0100111': 4, '0000101': 4, '0010000': 6, '0010001': 6, '1001111': 14, '0001100': 30, '1100110': 1, '0011111': 2, '1011101': 6, '1100111': 3, '0100011': 2, '0100110': 6, '0001101': 34, '1000100': 13, '0101111': 5, '0001111': 9, '1111011': 8, '0011110': 1, '0011011': 4, '1110111': 2, '0011000': 14, '1101101': 3, '0010010': 10, '0100101': 3, '1100101': 6, '1000111': 4, '1011011': 5, '1101100': 5, '1101110': 9, '0011010': 2, '0010011': 3, '1000110': 7, '1111001': 5, '1111010': 6, '0110100': 2, '1111000': 6, '0110101': 3, '1001010': 2, '0000100': 6, '1111101': 1, '1100100': 8, '0100100': 1, '1011000': 5, '1100001': 3, '1000000': 1, '1110010': 2, '1110011': 2, '0111100': 1, '0111110': 1, '0101001': 1}"
vqe_7,1024,'1101011x',"{'1010100': 4, '1001011': 46, '1010011': 9, '0001001': 37, '1101100': 16, '0001000': 46, '1000111': 18, '0101000': 27, '0011010': 14, '0101001': 31, '0000010': 12, '1000000': 28, '1001101': 21, '1100001': 26, '1110001': 7, '0110001': 17, '0000011': 21, '0000100': 18, '0101111': 15, '1000001': 31, '1011001': 10, '0100011': 19, '1100000': 23, '1101110': 6, '1010010': 11, '0101110': 14, '0100010': 15, '0110011': 5, '0111011': 10, '0001111': 19, '1001010': 40, '1001100': 24, '0110000': 6, '0000111': 4, '0000101': 16, '0111010': 8, '1111011': 6, '1101010': 19, '1011000': 10, '1010000': 5, '1011011': 5, '1110000': 7, '0100101': 6, '0100111': 3, '1101111': 3, '0010000': 8, '0010001': 16, '1101011': 19, '0111001': 8, '1001111': 9, '0100001': 2, '0011101': 4, '1011111': 5, '0100100': 12, '1001110': 9, '0001010': 3, '0001110': 26, '1000100': 4, '1111010': 4, '0110010': 9, '0100110': 2, '0000001': 2, '0001101': 13, '0101101': 3, '1110101': 4, '0001100': 8, '1110010': 6, '1100111': 5, '1101101': 13, '0011100': 3, '0010011': 2, '1011110': 2, '1111000': 8, '1111001': 8, '0110111': 2, '0111000': 6, '0001011': 2, '1111111': 1, '1100110': 5, '1000101': 4, '0101100': 2, '1100101': 2, '1000110': 6, '1010001': 5, '0110110': 3, '0011001': 6, '0011011': 5, '0000110': 4, '1010101': 2, '0111100': 5, '0100000': 1, '1110100': 1, '0010111': 1, '1110011': 3, '0111101': 1, '1011010': 1, '1100011': 1}"
vqe_7,1024,'1101100x',"{'1100000': 15, '1010000': 20, '0010000': 16, '1110001': 17, '0001001': 18, '1001000': 18, '0101101': 2, '0100001': 14, '0110000': 18, '0000000': 9, '1000001': 23, '1010101': 6, '1101000': 24, '1111000': 14, '0111000': 21, '0000011': 16, '0001000': 15, '1011101': 3, '0010001': 20, '0110011': 16, '0001010': 14, '1100001': 13, '0001101': 3, '1011011': 17, '0101000': 17, '1100011': 15, '0000010': 10, '1110011': 15, '0110010': 17, '0100011': 10, '0000001': 11, '1011000': 15, '0111001': 24, '1000010': 18, '0111011': 16, '0011001': 20, '1001010': 13, '1010010': 11, '0110100': 2, '0111010': 12, '1111100': 4, '1001001': 21, '1001011': 14, '1101011': 13, '0100101': 3, '0101011': 9, '1011010': 10, '1010001': 24, '1100010': 19, '0110001': 17, '1110110': 1, '0101010': 14, '1001111': 2, '0000100': 2, '0011010': 8, '0001110': 2, '0011011': 15, '1110000': 13, '0001011': 15, '1011001': 14, '0101100': 7, '1101001': 13, '0100010': 11, '0010010': 14, '1101010': 8, '0101001': 16, '1010011': 8, '1000000': 12, '0011000': 22, '1000011': 6, '1111011': 9, '0010011': 17, '1111001': 13, '1110010': 11, '1110101': 2, '0011101': 1, '1111010': 10, '0100110': 1, '1111111': 1, '1001101': 1, '0010100': 2, '1000100': 4, '0110111': 1, '0100000': 11, '0111110': 2, '1001100': 2, '0111111': 1, '1000101': 1, '0010110': 1, '0000110': 1, '0010101': 1, '1000110': 1, '0110101': 1, '0100100': 1, '0011111': 1, '0111101': 1, '1110100': 2, '1100101': 1, '0001100': 1, '0111100': 2, '0010111': 2, '0101111': 2, '1100100': 1}"
vqe_7,1024,'1101101x',"{'1100110': 14, '1001110': 22, '0001110': 11, '1101101': 35, '0001011': 11, '1001001': 13, '0101100': 41, '0100111': 17, '0000010': 6, '1000011': 13, '1100001': 10, '1101010': 29, '1101110': 24, '0101110': 37, '0000110': 8, '0001000': 9, '1100101': 21, '0001111': 17, '0101101': 41, '0001100': 24, '1000100': 7, '1100111': 11, '0001101': 18, '0101010': 28, '1101001': 16, '0101000': 13, '0000011': 4, '1100011': 13, '1000101': 18, '0101111': 30, '0100011': 16, '1001100': 21, '0110100': 5, '1100000': 7, '0001001': 9, '1111100': 3, '1001011': 10, '1001101': 15, '1101011': 19, '0110010': 1, '0101001': 16, '0101011': 23, '1100100': 16, '1001111': 20, '1101000': 28, '0100100': 16, '0100101': 18, '1101100': 24, '1100010': 9, '1111101': 2, '0011000': 1, '0001010': 11, '0000100': 7, '0011110': 3, '1000010': 6, '0111101': 3, '0100010': 20, '1000111': 5, '1110111': 1, '1000001': 2, '0000000': 2, '0100001': 12, '1101111': 21, '0011100': 2, '0100000': 9, '0010010': 1, '0011011': 1, '1000000': 3, '1000110': 3, '1001010': 15, '1011011': 1, '0011111': 2, '0000111': 10, '1111111': 1, '0000101': 5, '1010101': 1, '1001000': 7, '1011101': 1, '0100110': 9, '0111100': 3, '1111001': 1, '0110101': 1, '0111011': 1, '1111010': 1, '1110000': 1, '0011010': 1, '0111010': 1, '1110110': 1, '0010101': 1, '1110101': 1, '1010111': 1, '0110110': 1, '0110111': 1, '0111000': 1, '0000001': 1, '0110001': 1, '1110010': 1}"
vqe_7,1024,'1101110x',"{'1100001': 29, '1001111': 5, '0001111': 8, '1101101': 26, '0001001': 30, '1001010': 23, '0101100': 10, '0100101': 11, '0101101': 14, '0000010': 9, '1000001': 28, '1011001': 12, '1101011': 29, '1110010': 7, '0110001': 16, '0000100': 9, '0001000': 24, '0010000': 6, '0101111': 27, '1100110': 9, '0001110': 14, '0101000': 35, '1101010': 47, '1101111': 13, '0100111': 3, '1011011': 4, '0110110': 1, '0111011': 9, '0100010': 27, '1001100': 19, '0111100': 7, '1010011': 7, '0110000': 9, '0111010': 11, '1111011': 5, '1001011': 27, '1001101': 14, '1101100': 20, '0101001': 34, '1100101': 5, '1100000': 21, '1010001': 8, '1100111': 9, '0101110': 18, '1110000': 7, '0000110': 2, '0100011': 19, '0001100': 7, '0101011': 5, '1010010': 11, '0100110': 6, '0010010': 10, '0000011': 13, '1011111': 2, '1000000': 17, '1010101': 2, '0011010': 10, '1111010': 2, '0110010': 7, '1010000': 13, '0011011': 16, '0000000': 2, '0100100': 17, '0011001': 8, '1011000': 6, '1110101': 2, '1001110': 6, '0110011': 6, '0011000': 8, '0010001': 16, '1000111': 4, '0000101': 13, '1111000': 11, '0010110': 1, '1101110': 7, '1110001': 6, '1000011': 4, '1111001': 10, '0111000': 8, '1011110': 2, '1110011': 5, '0111001': 5, '1111111': 1, '1000101': 1, '1000110': 6, '0110111': 2, '1011010': 3, '0001101': 1, '0011100': 2, '1100100': 3, '0000111': 1, '0010111': 1, '1110100': 1, '1001000': 1, '0111101': 3, '1000100': 1, '0010011': 1, '1111110': 1}"
vqe_7,1024,'1101111x',"{'1100011': 29, '1010000': 16, '0001111': 5, '1101110': 19, '0001011': 27, '1001000': 27, '0101100': 25, '0100110': 11, '0101101': 28, '0000000': 11, '1000011': 27, '1011010': 8, '1001111': 12, '1101000': 39, '1110001': 10, '0110010': 13, '0000110': 6, '0001010': 21, '0010001': 12, '0101111': 10, '0010000': 3, '1100100': 13, '0001101': 14, '0101010': 30, '1101111': 20, '0101110': 17, '1011011': 9, '0110100': 3, '0111010': 1, '0100000': 26, '1001001': 27, '0111011': 8, '1010011': 4, '0110001': 4, '0111001': 12, '1111100': 5, '1001110': 10, '1101001': 30, '1100010': 20, '1010001': 17, '1100101': 14, '1100110': 10, '1110000': 10, '0101011': 39, '1001100': 7, '0100001': 20, '1101101': 10, '0111000': 14, '0001100': 19, '0010010': 9, '0110000': 7, '1101100': 5, '0000001': 13, '0011111': 2, '1011101': 4, '0010011': 10, '1000010': 12, '1011000': 5, '0011001': 16, '1000101': 6, '1111011': 8, '0110011': 15, '0100111': 8, '0011010': 6, '0011000': 14, '1100111': 8, '1111000': 5, '0010101': 4, '0001110': 3, '1111010': 7, '1000100': 12, '0110101': 5, '1011100': 3, '1111001': 6, '1110010': 3, '1010010': 3, '1001101': 4, '0000111': 9, '1111101': 1, '1000111': 4, '0100100': 4, '1000110': 1, '1000000': 3, '1000001': 3, '1011001': 3, '0011011': 4, '0001001': 1, '0100101': 5, '0001000': 1, '0010100': 1, '0000100': 1, '1110011': 1, '1110111': 1, '0000101': 1, '0111110': 3, '1110110': 1, '0000010': 1}"
vqe_7,1024,'1110000x',"{'1100000': 16, '1010000': 21, '0010000': 16, '1110001': 17, '0001001': 19, '1001000': 19, '0101101': 2, '0100001': 14, '0110000': 18, '0000000': 9, '1000001': 22, '1010101': 1, '1101000': 25, '1111000': 15, '0111000': 23, '0000011': 16, '0001000': 15, '1011101': 3, '0010001': 21, '0110011': 16, '0001010': 16, '1100001': 13, '0001101': 3, '1011011': 17, '0101000': 17, '1100011': 13, '0000010': 9, '1110011': 15, '0110010': 16, '0100011': 10, '0000001': 12, '1011000': 17, '0111001': 22, '1000010': 18, '0111011': 15, '0011001': 20, '1001010': 13, '1010010': 7, '0110101': 1, '0111010': 14, '1111011': 11, '1001001': 20, '1001011': 14, '1101011': 13, '0100101': 3, '0101011': 8, '1010110': 5, '1011010': 9, '1010001': 27, '1100010': 20, '0110001': 18, '1110111': 1, '0101010': 14, '1001111': 2, '0000100': 2, '0011010': 11, '0001110': 1, '0011011': 12, '1110000': 14, '0001011': 12, '1011001': 13, '1111100': 2, '0101100': 6, '1101001': 13, '0100010': 10, '0010010': 13, '1101010': 7, '0101001': 17, '1000000': 13, '1010011': 8, '0011000': 23, '1000011': 6, '0010011': 18, '1111001': 13, '1110010': 10, '1110101': 2, '0011110': 1, '1111010': 9, '0110100': 1, '0100111': 1, '1111111': 1, '1001101': 1, '1000100': 3, '0110111': 1, '0101110': 1, '0100000': 12, '0111111': 3, '1001100': 2, '1000110': 1, '0010111': 2, '0000111': 1, '0010110': 1, '1000111': 1, '0110110': 1, '0100100': 1, '0011111': 1, '0111101': 1, '1110100': 2, '1100110': 1, '0010100': 1, '0001100': 1, '0111100': 1, '1000101': 1, '0101111': 2, '0001111': 1, '1100101': 1}"
vqe_7,1024,'1110001x',"{'1011010': 11, '1010101': 41, '0010101': 32, '1110101': 16, '0010011': 22, '1010010': 23, '0110010': 13, '0011100': 12, '0110100': 17, '0001110': 1, '1010000': 33, '1010110': 24, '1011111': 19, '1111000': 4, '0111000': 8, '0010001': 24, '0010010': 19, '1011001': 16, '0110110': 18, '0110111': 16, '1011100': 13, '0010100': 38, '0011111': 24, '1011110': 18, '1110110': 17, '0110101': 19, '0011101': 13, '0010000': 16, '1010111': 28, '0111001': 10, '0111110': 11, '0010111': 37, '1010100': 37, '0110011': 13, '0111100': 9, '1111111': 8, '1010011': 20, '1110001': 9, '0011110': 15, '0110001': 11, '1011011': 9, '1011000': 10, '1011101': 25, '1110111': 15, '0110000': 11, '0011000': 13, '1110100': 13, '1110011': 7, '1110000': 9, '0111101': 9, '1110010': 6, '0010110': 38, '1001110': 1, '0111111': 9, '1010001': 19, '1111110': 6, '1000110': 2, '0000000': 2, '0011011': 11, '1111011': 5, '0011001': 11, '1111001': 4, '1000011': 1, '1111100': 7, '1111101': 6, '0111010': 9, '0111011': 5, '1100100': 2, '0011010': 8, '1100101': 1, '0100110': 1, '0001100': 1, '0101111': 1, '1000000': 1, '1001101': 1, '1101111': 1, '1111010': 3, '1000010': 1, '1001010': 1, '0000110': 1, '0101000': 1, '0001101': 1, '1001011': 1}"
vqe_7,1024,'1110010x',"{'1011011': 27, '1010001': 51, '0010100': 26, '1110001': 28, '0010010': 32, '1010000': 44, '0110010': 23, '0011110': 12, '0110011': 27, '0000000': 6, '1000011': 15, '1010110': 17, '1101000': 11, '1111000': 3, '0111000': 30, '0001001': 6, '0001011': 8, '0110101': 20, '1000101': 4, '1011101': 10, '0010011': 40, '0100110': 5, '1100001': 6, '1110110': 15, '0100000': 9, '0000001': 8, '1010111': 20, '0111001': 26, '1001000': 18, '0111110': 7, '0011000': 28, '0111111': 11, '0110111': 3, '1100011': 11, '1111101': 9, '1110000': 21, '1100101': 5, '0100001': 9, '1011100': 11, '1011010': 19, '1010100': 11, '1011110': 5, '1100000': 11, '1110111': 12, '0101011': 8, '0011001': 23, '1000100': 2, '0101100': 2, '1010101': 12, '0001100': 1, '0010101': 24, '1101011': 4, '0011111': 11, '0110110': 6, '1011111': 9, '0000010': 2, '0101000': 6, '0101101': 3, '0101001': 9, '0110001': 1, '1000010': 7, '1000000': 8, '0010110': 15, '1001001': 7, '0111101': 1, '0110100': 10, '1111011': 17, '0010111': 15, '1111010': 9, '1101001': 9, '0100111': 3, '1110101': 4, '0000011': 4, '0001010': 12, '1111111': 1, '0000111': 2, '1001011': 5, '1100010': 6, '0001101': 2, '0011100': 6, '1001010': 1, '0100010': 5, '1001110': 1, '0111100': 2, '0101010': 4, '1010011': 1, '1111100': 4, '0100011': 1, '1100100': 1, '1000001': 2, '0011101': 4, '1110100': 1, '1101010': 2, '0001000': 4, '1010010': 2, '1001111': 1, '1101111': 1, '1111110': 1}"
vqe_7,1024,'1110011x',"{'1011001': 33, '1010100': 30, '0010001': 37, '1110011': 22, '0010000': 44, '1010010': 39, '0110000': 30, '0011101': 13, '0110001': 32, '0000010': 8, '1000001': 15, '1010110': 8, '1100111': 3, '1111000': 17, '0111010': 27, '0001001': 16, '0001011': 4, '0010100': 15, '0110110': 15, '1000011': 6, '1011110': 10, '0100101': 2, '1100001': 9, '0001000': 9, '1110101': 16, '0110101': 9, '0100001': 5, '1011000': 25, '1001000': 12, '0111101': 10, '0011010': 22, '1010011': 38, '1010101': 22, '0110111': 6, '1100011': 4, '0111011': 19, '0111000': 3, '1111111': 7, '1110010': 17, '1100101': 1, '0111001': 4, '0100010': 9, '0100000': 4, '1011101': 4, '1100010': 7, '1011111': 16, '1100000': 17, '1110111': 5, '0101010': 4, '0101011': 5, '0001010': 3, '1110110': 3, '0011011': 18, '1010111': 9, '0101110': 2, '1101000': 6, '0101000': 13, '0010101': 12, '1101011': 5, '0111100': 8, '0011111': 6, '0000011': 5, '0010111': 25, '0101111': 2, '0101001': 10, '1000000': 12, '0010110': 27, '1001010': 6, '1111110': 7, '0000000': 2, '1111001': 18, '1110100': 10, '1101010': 7, '0110100': 2, '0011110': 2, '1111010': 1, '0000100': 4, '1101001': 5, '1110000': 1, '0000101': 1, '1001011': 7, '1001001': 6, '1001101': 1, '0001111': 2, '1000010': 5, '0011100': 11, '0100011': 6, '1100110': 3, '0011000': 1, '1011100': 3, '1111011': 1, '0100100': 1, '1000110': 1, '0100111': 1, '0010011': 2, '1001100': 1, '0111110': 3, '0000001': 1, '1101100': 1}"
vqe_7,1024,'1110100x',"{'1100000': 16, '1010000': 22, '0010000': 16, '1110001': 16, '0001001': 19, '1001000': 19, '0101101': 2, '0100001': 14, '0110000': 18, '0000000': 9, '1000001': 22, '1010101': 1, '1101000': 25, '1111000': 15, '0111000': 23, '0000011': 16, '0001000': 15, '1011101': 3, '0010001': 22, '0110011': 17, '0001010': 16, '1100001': 13, '0001101': 3, '1011011': 17, '0101000': 17, '1100011': 13, '0000010': 9, '1110011': 15, '0110010': 16, '0100011': 10, '0000001': 12, '1011000': 17, '0111001': 22, '1000010': 18, '0111011': 15, '0011001': 20, '1001010': 13, '1010010': 7, '0110101': 1, '0111010': 14, '1111011': 11, '1001001': 20, '1001011': 14, '1101011': 13, '0100101': 3, '0101011': 8, '1010110': 5, '1011010': 9, '1010001': 26, '1100010': 20, '0110001': 18, '1110111': 1, '0101010': 14, '1001111': 2, '0000100': 2, '0011010': 11, '0001110': 1, '0011011': 12, '1110000': 15, '0001011': 12, '1011001': 13, '1111100': 2, '0101100': 6, '1101001': 13, '0100010': 10, '0010010': 13, '1101010': 7, '0101001': 17, '1000000': 13, '1010011': 8, '0011000': 22, '1000011': 6, '0010011': 17, '1111001': 13, '1110010': 10, '1110101': 2, '0011101': 1, '1111010': 9, '0100111': 1, '1111111': 1, '1001101': 1, '1000100': 3, '0110111': 1, '0101110': 1, '0100000': 12, '0111111': 2, '1001100': 2, '1000110': 1, '0010111': 3, '0111110': 1, '0000111': 1, '0010110': 1, '1000111': 1, '0110110': 1, '0100100': 1, '0011111': 1, '0111101': 1, '1110100': 2, '1100101': 2, '0010100': 1, '0001100': 1, '0111100': 1, '1000101': 1, '0101111': 2, '0001111': 1}"
vqe_7,1024,'1110101x',"{'1110011': 20, '1011100': 11, '0011100': 8, '1111001': 15, '0010111': 21, '1010101': 20, '0110111': 35, '0110100': 25, '0111000': 14, '0010000': 7, '1010001': 17, '1110000': 18, '1110110': 26, '1111100': 16, '0111100': 22, '0010011': 9, '0010101': 14, '0011110': 17, '0111010': 17, '0011101': 3, '1110100': 32, '0011010': 8, '0110101': 30, '1110101': 35, '1111011': 14, '1110010': 23, '0010001': 7, '0111101': 23, '1010010': 14, '0111111': 21, '0110001': 22, '1010111': 14, '1100000': 2, '0111011': 13, '0010110': 14, '0111110': 18, '1111111': 14, '1010110': 17, '1011001': 7, '1110111': 22, '1011110': 12, '0111001': 12, '0110110': 32, '1011010': 5, '1011000': 9, '0010100': 17, '0110010': 23, '1111000': 11, '0011000': 9, '0011011': 6, '1110001': 20, '1011111': 9, '0011111': 12, '1011011': 6, '1010000': 9, '1100101': 2, '0110000': 32, '1010100': 11, '1001111': 1, '0000001': 2, '1100111': 1, '1111101': 9, '0101111': 1, '0100111': 3, '1000110': 1, '1011101': 11, '0110011': 13, '1010011': 8, '0101000': 1, '1111110': 16, '0100101': 1, '1111010': 9, '0010010': 8, '1101000': 1, '0011001': 3, '1101011': 1, '0101110': 1, '1000001': 1, '1101100': 1, '0100110': 2, '1000100': 1, '0101010': 1, '1100001': 1, '0101100': 1, '0101101': 1, '0100011': 1, '1101101': 1}"
vqe_7,1024,'1110110x',"{'1101010': 7, '1010111': 7, '1101001': 7, '0010110': 12, '1110111': 11, '0010001': 37, '1010010': 27, '0110110': 23, '0110000': 33, '0000010': 7, '1000010': 10, '1011001': 13, '1010110': 5, '1110011': 34, '1111001': 20, '0111011': 34, '0001001': 13, '0010000': 23, '0010111': 8, '0111010': 31, '1000110': 4, '1101101': 2, '0010100': 2, '1101000': 6, '0110001': 37, '1110010': 40, '1111000': 32, '1011111': 10, '1001000': 11, '0111110': 4, '0100001': 4, '1010011': 26, '0111111': 8, '0111101': 12, '1111111': 13, '1010100': 14, '1110100': 18, '0110101': 10, '1101011': 7, '1011011': 3, '1100001': 12, '1011000': 30, '0110111': 23, '1100110': 3, '0110100': 11, '1010101': 13, '0001011': 3, '1100011': 4, '1100111': 4, '0100011': 11, '0010101': 6, '0100100': 2, '1110110': 10, '0111100': 17, '1011110': 6, '1110101': 15, '0011010': 20, '0000011': 5, '0100000': 8, '1000001': 8, '1000000': 11, '0011100': 10, '1001011': 8, '0100010': 8, '0001110': 1, '0110010': 2, '0011101': 15, '0000000': 2, '0101111': 3, '0011011': 21, '1111100': 6, '0101110': 2, '0101000': 9, '1001010': 3, '1111110': 8, '1000111': 1, '0011001': 3, '0011000': 4, '1111101': 5, '0000100': 1, '0110011': 2, '0001000': 6, '0001010': 6, '1001001': 8, '0000101': 3, '1100010': 1, '1101100': 2, '1100000': 9, '0101001': 7, '1011010': 2, '0100101': 3, '0000001': 2, '0001100': 1, '0101010': 3, '1001100': 1, '1000011': 4, '0101011': 3, '1011101': 1, '0001111': 1}"
vqe_7,1024,'1110111x',"{'1101001': 11, '1010111': 17, '0010110': 5, '1110111': 20, '0010011': 30, '1010000': 33, '0110101': 23, '0101100': 3, '0110110': 14, '0000001': 9, '1000011': 15, '1011011': 14, '1010110': 14, '1110001': 40, '1111011': 16, '0111001': 40, '0001001': 7, '0001100': 2, '1101000': 13, '0011000': 29, '0111000': 34, '0010111': 3, '1000101': 4, '1101111': 2, '0010100': 14, '0110011': 35, '1110000': 43, '1111010': 27, '0110010': 24, '1011101': 6, '1001000': 13, '0111111': 15, '0100000': 17, '1010001': 31, '1011010': 18, '0010010': 20, '0111110': 15, '1111111': 6, '1010100': 4, '1110100': 11, '1101010': 4, '1100011': 8, '1011000': 4, '1011001': 2, '0110111': 12, '0110100': 22, '1100101': 4, '1010101': 3, '0001011': 7, '1100100': 2, '0100001': 9, '0100010': 5, '1110110': 17, '1011100': 6, '0010101': 11, '1100010': 7, '1101011': 3, '0000010': 3, '0011111': 7, '1011111': 3, '1000010': 6, '1000000': 8, '0011001': 27, '1001010': 3, '1111110': 4, '0000000': 4, '0101011': 10, '1111100': 13, '0011110': 13, '0100110': 5, '1000001': 3, '1110101': 5, '0101000': 2, '1001001': 9, '1000110': 1, '1111101': 9, '1011110': 3, '0111100': 4, '0000011': 4, '0100111': 2, '0001010': 11, '0111101': 4, '0000111': 1, '1001011': 5, '1101110': 1, '0101010': 8, '1100001': 5, '0011011': 1, '0100011': 3, '1100000': 3, '0101101': 1, '1001110': 1, '1110011': 1, '0101001': 1, '0001000': 5, '0011101': 1, '1000100': 1}"
vqe_7,1024,'1111000x',"{'1100000': 16, '1010000': 21, '0010000': 16, '1110001': 17, '0001001': 19, '1001000': 19, '0101101': 2, '0100001': 14, '0110000': 18, '0000000': 9, '1000001': 22, '1010101': 1, '1101000': 25, '1111000': 15, '0111000': 23, '0000011': 16, '0001000': 15, '1011101': 3, '0010001': 21, '0110011': 16, '0001010': 16, '1100001': 13, '0001101': 3, '1011011': 17, '0101000': 17, '1100011': 13, '0000010': 10, '1110011': 15, '0110010': 16, '0100011': 10, '0000001': 11, '1011000': 17, '0111001': 23, '1000010': 18, '0111011': 15, '0011001': 20, '1001010': 13, '1010010': 9, '0110101': 1, '0111010': 13, '1111011': 11, '1001001': 20, '1001011': 14, '1101011': 13, '0100101': 3, '0101011': 8, '1010110': 5, '1011010': 9, '1010001': 25, '1100010': 20, '0110001': 18, '1110111': 1, '0101010': 14, '1001111': 2, '0000100': 2, '0011010': 11, '0001110': 1, '0011011': 12, '1110000': 14, '0001011': 12, '1011001': 13, '1111100': 2, '0101100': 6, '1101001': 13, '0100010': 10, '0010010': 13, '1101010': 7, '0101001': 17, '1000000': 13, '1010011': 8, '0011000': 23, '1000011': 6, '0010011': 18, '1111001': 14, '1110010': 10, '1110101': 2, '0011110': 1, '1111010': 8, '0110100': 1, '0100111': 1, '1111111': 1, '1001101': 1, '1000100': 2, '0110111': 1, '0101110': 1, '0100000': 12, '0111111': 3, '1001100': 2, '1000110': 1, '0010111': 2, '1000101': 2, '0000111': 1, '0010110': 1, '1000111': 1, '0110110': 1, '0100100': 1, '0011111': 1, '0111110': 1, '1110100': 2, '1100110': 1, '0010100': 1, '0001100': 1, '0111100': 1, '0101111': 2, '0001111': 1, '1100101': 1}"
vqe_7,1024,'1111001x',"{'1001011': 11, '1000101': 36, '0000101': 26, '1100101': 15, '0000100': 37, '1000011': 29, '0100011': 11, '0001100': 21, '0100100': 18, '0000000': 12, '1000000': 23, '1000111': 29, '1010010': 2, '1101001': 5, '0101001': 9, '0000010': 25, '0000110': 42, '0100110': 21, '1000001': 26, '0101000': 11, '1001100': 14, '1001010': 14, '0001111': 19, '1001110': 26, '0000001': 16, '1100111': 17, '0001110': 14, '0101010': 9, '0101110': 8, '0001000': 12, '1000100': 34, '0101111': 11, '1000110': 31, '0100111': 12, '0000011': 20, '1001111': 19, '0101101': 9, '1110100': 3, '1100010': 12, '0100010': 11, '1001001': 11, '1001101': 14, '0100101': 16, '0100000': 6, '0100001': 14, '0001001': 13, '1100100': 12, '0101100': 9, '1001000': 9, '1110101': 1, '1010111': 2, '1100001': 6, '0001101': 11, '1100011': 5, '0000111': 42, '0010110': 2, '0011110': 1, '0110111': 2, '1000010': 15, '1101111': 6, '1101100': 8, '1100110': 13, '0001010': 10, '1101010': 4, '0011000': 1, '1100000': 8, '0001011': 3, '1101101': 6, '1101000': 7, '1101110': 6, '1010100': 2, '0101011': 8, '1111110': 1, '1011110': 1, '1011010': 1, '0011111': 2, '0010111': 2, '0110011': 1, '1010011': 2, '0110100': 2, '1010000': 2, '1011100': 1, '0110010': 1, '0010010': 2, '1110000': 1, '0010100': 2, '0011010': 2, '0110110': 1, '0110000': 1, '1101011': 2, '1011111': 1, '1110110': 1, '0011100': 1, '0011001': 1}"
vqe_7,1024,'1111010x',"{'1010011': 2, '1001000': 44, '1010010': 4, '0000111': 22, '1101001': 22, '0000101': 10, '1000100': 26, '0100111': 15, '0011001': 12, '0101010': 21, '0000000': 24, '1000010': 37, '1001001': 22, '1100011': 28, '1110000': 11, '0110010': 15, '0000001': 39, '1010001': 16, '0001010': 32, '0101101': 12, '0000110': 28, '1011010': 7, '0100001': 28, '1100010': 23, '1101110': 10, '0101100': 11, '0100000': 23, '1001110': 14, '0110011': 12, '1000011': 31, '0111010': 2, '0001101': 13, '1000101': 26, '0111011': 9, '0110000': 4, '0111001': 11, '0110001': 5, '1111011': 10, '1000111': 11, '1100101': 13, '0100110': 12, '1011000': 4, '1010000': 10, '1011011': 9, '0101011': 16, '0100100': 3, '0100101': 5, '1000110': 12, '1101111': 10, '0010001': 6, '0010010': 13, '1101000': 15, '0111000': 13, '1001100': 4, '1001111': 11, '1011001': 5, '0011111': 2, '0000100': 9, '1011101': 5, '0001100': 19, '0101111': 1, '0001110': 7, '0101001': 2, '0011110': 1, '0011011': 4, '0101110': 3, '0001011': 26, '1110011': 3, '1110001': 7, '1100100': 9, '1100110': 2, '0011010': 2, '0010011': 3, '1111000': 6, '1101100': 1, '1111001': 6, '0110100': 5, '0110101': 1, '1111101': 1, '1100111': 3, '1001101': 3, '0011000': 12, '1010110': 3, '0010000': 4, '1110110': 3, '1010111': 2, '0001111': 2, '1100000': 2, '1111010': 3, '1000000': 1, '0000010': 1, '1110111': 1, '1101101': 2, '1110010': 1, '0111110': 2, '1011100': 1}"
vqe_7,1024,'1111011x',"{'1010101': 3, '1001000': 1, '1010100': 3, '0001000': 30, '1101011': 18, '0000101': 24, '1000001': 39, '0101000': 29, '0011010': 10, '0000010': 20, '1000000': 43, '1001011': 16, '1000111': 22, '1100001': 28, '1110010': 6, '0110001': 21, '0000011': 32, '1010011': 10, '0101111': 12, '1011001': 9, '0000111': 12, '0100011': 26, '1100000': 33, '1101101': 11, '0101101': 5, '0100010': 18, '1001101': 13, '0110011': 6, '0111011': 11, '0001111': 15, '1000110': 25, '0110000': 7, '0000100': 20, '0111001': 8, '1111011': 6, '1000101': 12, '1000011': 2, '1100110': 11, '0100111': 3, '1011000': 11, '1001100': 12, '1010001': 4, '1001010': 34, '1011011': 5, '0101001': 23, '1110000': 7, '0100100': 8, '1010010': 12, '0100101': 15, '1101111': 2, '0010000': 12, '0010001': 11, '1101010': 15, '0111000': 6, '0000110': 15, '1001111': 4, '0001001': 36, '1100101': 2, '0111010': 8, '0011101': 2, '1100111': 7, '1011111': 5, '0001110': 16, '0001100': 5, '1111010': 4, '0011100': 2, '1110101': 3, '0110010': 6, '0101110': 8, '0001101': 7, '1101000': 1, '1010000': 4, '0011011': 6, '0010010': 2, '1011110': 2, '1111000': 10, '1101100': 6, '1110001': 6, '1111001': 8, '0110100': 2, '0110111': 3, '1110011': 5, '1111111': 1, '1000100': 11, '0100110': 3, '0011000': 7, '1001110': 4, '1011010': 2, '0100000': 1, '0011001': 5, '0010011': 1, '1100100': 2, '1000010': 1, '0111100': 2, '1101001': 1, '0101100': 1}"
vqe_7,1024,'1111100x',"{'1100000': 16, '1010000': 21, '0010000': 16, '1110001': 17, '0001001': 19, '1001000': 20, '0101101': 2, '0100001': 14, '0110000': 18, '0000000': 9, '1000001': 22, '1010101': 1, '1101000': 25, '1111000': 15, '0111000': 23, '0000011': 16, '0001000': 15, '1011101': 3, '0010001': 21, '0110011': 16, '0001010': 16, '1100001': 13, '0001101': 3, '1011011': 17, '0101000': 18, '1100011': 13, '0000010': 10, '1110011': 15, '0110010': 16, '0100011': 10, '0000001': 11, '1011000': 17, '0111001': 23, '1000010': 18, '0111011': 15, '0011001': 20, '1001010': 13, '1010010': 8, '0110101': 1, '0111010': 13, '1111011': 11, '1001001': 19, '1001011': 14, '1101011': 13, '0100101': 3, '0101011': 8, '1010110': 5, '1011010': 9, '1010001': 26, '1100010': 20, '0110001': 18, '1110111': 1, '0101010': 14, '1001111': 2, '0000100': 2, '0011010': 11, '0001110': 1, '0011011': 12, '1110000': 14, '0001011': 12, '1011001': 13, '1111100': 2, '0101100': 6, '1101001': 13, '0100010': 10, '0010010': 13, '1101010': 7, '0101001': 16, '1000000': 13, '1010011': 8, '0011000': 23, '1000011': 6, '0010011': 18, '1111001': 14, '1110010': 10, '1110101': 2, '0011110': 1, '1111010': 8, '0110100': 1, '0100111': 1, '1111111': 1, '1001101': 1, '1000100': 3, '0110111': 1, '0101110': 1, '0100000': 12, '0111111': 3, '1001100': 2, '1000110': 1, '0010111': 2, '0000111': 1, '0010110': 1, '1000111': 1, '0110110': 1, '0100100': 1, '0011111': 1, '0111110': 1, '1110100': 2, '1100101': 2, '0010100': 1, '0001100': 1, '0111100': 1, '1000101': 1, '0101111': 2, '0001111': 1}"
vqe_7,1024,'1111101x',"{'1100100': 25, '1001101': 12, '1100011': 23, '0001101': 8, '1101010': 12, '0000111': 15, '1000101': 15, '0100111': 35, '0100100': 25, '0101001': 17, '0000001': 8, '1000001': 17, '1100000': 17, '1100110': 34, '1101101': 14, '0101101': 27, '0000100': 18, '0000101': 13, '0001110': 6, '0101100': 17, '1000010': 8, '0001011': 6, '0100110': 32, '1100101': 37, '1101100': 19, '0101011': 15, '0100101': 26, '1100001': 20, '0101110': 21, '1000011': 18, '0101111': 16, '0100010': 21, '1001000': 10, '0110010': 5, '0101000': 11, '0000110': 15, '1111000': 3, '1000111': 11, '1001010': 6, '1000110': 19, '1100111': 24, '0110001': 1, '1100010': 18, '1001110': 12, '1001111': 13, '0101010': 12, '1001011': 3, '1001001': 9, '0100011': 18, '1101001': 11, '0001001': 11, '0001100': 8, '1111001': 1, '1101000': 8, '0010101': 1, '0000010': 9, '0100001': 31, '1001100': 11, '0011101': 2, '0111100': 2, '1000100': 10, '1110100': 2, '1000000': 6, '0000000': 3, '0100000': 22, '1101110': 13, '0001000': 9, '0011001': 1, '1101011': 10, '0011000': 1, '0010001': 1, '0010111': 1, '0001111': 14, '1101111': 12, '1010111': 1, '0011110': 3, '1111111': 1, '0000011': 6, '1010011': 1, '0001010': 4, '1011010': 1, '0110111': 2, '1110101': 1, '0111000': 1, '0110011': 1, '1110110': 1, '0111010': 1, '1110000': 1, '0010110': 1, '0110110': 1, '0010011': 1, '1110011': 1, '1010100': 1, '0110100': 2, '0110101': 1, '0111001': 1, '0110000': 1, '1111010': 1, '1110001': 1}"
vqe_7,1024,'1111110x',"{'1100001': 35, '1010000': 11, '0001111': 8, '1101100': 15, '0001000': 20, '1000111': 16, '0101001': 36, '0100100': 20, '0000010': 13, '1000000': 29, '1011001': 11, '1001111': 3, '1100111': 20, '1110010': 9, '0110001': 25, '0000100': 15, '0000101': 10, '0010000': 12, '0101111': 19, '0001001': 27, '1000001': 31, '0001011': 1, '0100110': 12, '1100110': 25, '0000011': 17, '1101111': 6, '1100000': 35, '0101110': 15, '0100101': 18, '1011011': 4, '0110011': 5, '0111011': 11, '0100010': 35, '1001011': 23, '1010011': 6, '0110000': 7, '0000111': 5, '0111010': 8, '1111011': 5, '1001010': 16, '1101010': 20, '0111001': 8, '0101000': 29, '1010001': 7, '1100100': 16, '1010010': 15, '0101101': 5, '1110001': 4, '1001100': 5, '0101100': 4, '1110000': 6, '0001100': 3, '1101011': 15, '0001110': 8, '0010001': 15, '0000110': 4, '1001101': 11, '0100111': 12, '1011111': 3, '0010010': 5, '1011000': 8, '0011010': 9, '1000100': 3, '1111010': 4, '0011011': 14, '0011000': 9, '1100101': 12, '1111000': 13, '1101101': 11, '0100011': 24, '0010111': 3, '1110011': 5, '1101110': 7, '0011001': 7, '0010011': 2, '1111001': 8, '0110110': 3, '1011110': 1, '0110111': 3, '0111000': 5, '1111111': 1, '1001000': 1, '1000101': 4, '1000110': 9, '1011010': 3, '1001110': 1, '0110010': 3, '0010110': 3, '1001001': 3, '1110100': 2, '0111100': 2, '1011100': 1, '0001010': 1, '1010100': 1, '0111101': 1, '1100011': 1, '0001101': 1, '1111110': 1}"
vqe_7,1024,'1111111x',"{'1100011': 32, '1001111': 10, '0001110': 3, '1101101': 6, '0001010': 19, '1000111': 6, '0101011': 29, '0100001': 28, '0000000': 16, '1000011': 37, '1011001': 7, '1100111': 10, '1110001': 9, '0110011': 16, '0000001': 26, '0000110': 9, '0010001': 7, '0101111': 7, '0010000': 3, '0110010': 12, '1100100': 25, '0001100': 13, '0100110': 20, '1100101': 21, '1101111': 17, '0101101': 15, '0100101': 7, '1011011': 7, '0110100': 2, '0111010': 2, '0100000': 41, '1001001': 26, '0111011': 8, '1010011': 2, '0110001': 5, '0000111': 13, '1100110': 18, '0111001': 11, '1111011': 9, '1001000': 26, '1101000': 24, '0101010': 23, '1100010': 28, '1010000': 19, '1010001': 15, '0101100': 17, '1110000': 14, '0001111': 2, '1001110': 8, '0000101': 2, '1101001': 23, '0111000': 16, '0001011': 19, '1011010': 6, '0100111': 22, '0100100': 8, '0010011': 11, '0110000': 6, '0011111': 2, '1011101': 2, '1000010': 18, '1010110': 2, '0011001': 12, '1000100': 7, '0011011': 5, '0011000': 16, '1101100': 3, '1011000': 5, '1110111': 4, '1101110': 10, '0101110': 4, '0010010': 12, '0001101': 4, '0011010': 9, '0100011': 1, '0000100': 4, '1111001': 2, '0010100': 1, '1111010': 8, '1011100': 2, '1111000': 6, '1010010': 3, '1111101': 1, '1001100': 1, '1000101': 9, '1000110': 5, '0110101': 5, '1011111': 1, '1001011': 2, '0001000': 2, '0010101': 3, '1110110': 1, '1000000': 1, '1110010': 1, '1110011': 2, '0111110': 3, '1111100': 1, '0001001': 1}"
vqe_7,1024,'0000000y',"{'1100000': 8, '1010001': 13, '0010001': 8, '1110011': 9, '0001100': 7, '1001001': 14, '0101111': 13, '0100010': 9, '0110001': 12, '0000001': 6, '1000010': 10, '1010111': 7, '1101001': 13, '1111000': 10, '0111001': 12, '0000110': 10, '0001000': 8, '1011111': 9, '0010011': 15, '0110110': 12, '0010010': 5, '1000011': 11, '1100010': 6, '0001111': 7, '0101001': 10, '1100111': 7, '0000101': 7, '1110110': 12, '0110101': 11, '0100110': 6, '0000010': 4, '1011001': 11, '0111010': 11, '1000100': 10, '0111110': 8, '0011010': 10, '1001101': 9, '0111111': 14, '1010101': 5, '0110111': 8, '0001011': 6, '0001001': 7, '1101000': 12, '0111101': 5, '0111000': 11, '1111111': 8, '1001100': 7, '1001111': 9, '1101110': 10, '0111100': 9, '0100111': 9, '0101110': 7, '1100001': 8, '1011101': 6, '1010011': 9, '1100100': 6, '1100101': 14, '0110011': 8, '1110111': 8, '0101100': 5, '1011110': 11, '0101101': 10, '1001011': 7, '1001110': 12, '0000111': 9, '0110010': 9, '0011101': 6, '0011110': 12, '1110001': 8, '0001110': 14, '1011000': 6, '0010000': 8, '1011100': 6, '1101010': 4, '1010100': 10, '1110000': 6, '0100101': 7, '0010100': 7, '1101101': 5, '0001010': 8, '0000011': 6, '1010000': 9, '0101010': 10, '0101011': 5, '0010101': 7, '1000001': 6, '1010110': 7, '1000000': 7, '0011000': 12, '1000111': 7, '0011011': 8, '1111110': 6, '0110000': 6, '0011001': 10, '0000000': 3, '0010111': 12, '1100110': 10, '0110100': 6, '0001101': 11, '1111011': 7, '0010110': 11, '1110100': 8, '1111001': 5, '1101100': 6, '1010010': 9, '1100011': 5, '0100100': 4, '0011111': 5, '1000110': 5, '1111100': 6, '1110101': 5, '1000101': 9, '1111101': 6, '0111011': 9, '1101011': 5, '1001010': 7, '0000100': 4, '1001000': 6, '1101111': 3, '1011010': 5, '0100001': 11, '0100011': 4, '0101000': 7, '1110010': 5, '1011011': 5, '0011100': 4, '0100000': 1, '1111010': 3}"
vqe_7,1024,'0000001y',"{'1100000': 8, '1010001': 12, '0010001': 8, '1110011': 9, '0001100': 7, '1001001': 13, '0101111': 13, '0100010': 9, '0110001': 12, '0000001': 6, '1000010': 10, '1010111': 7, '1101001': 13, '1111000': 10, '0111001': 12, '0000110': 10, '0001000': 8, '1011111': 9, '0010011': 15, '0110110': 12, '0010010': 5, '1000011': 11, '1100010': 6, '0001111': 7, '0101001': 10, '1100111': 7, '0000101': 7, '1110110': 12, '0110101': 11, '0100110': 6, '0000010': 4, '1011001': 11, '0111010': 11, '1000100': 10, '0111110': 8, '0011010': 10, '1001101': 11, '0111111': 14, '1010101': 5, '0110111': 8, '0001011': 6, '0001001': 7, '1101000': 12, '0111101': 5, '0111000': 11, '1111111': 8, '1001100': 7, '1001111': 9, '1101110': 10, '0111100': 9, '0100111': 9, '0101110': 7, '1100001': 8, '1011101': 5, '1010011': 9, '1100100': 6, '1100101': 14, '0110011': 8, '1110111': 8, '0101100': 5, '1011110': 12, '0101101': 10, '1001011': 7, '1001110': 10, '0000111': 9, '0110010': 9, '0011101': 6, '0011110': 12, '1110001': 8, '0001110': 14, '1011000': 6, '0010000': 8, '1011100': 7, '1101010': 4, '1010100': 10, '1110000': 6, '0100101': 7, '0010100': 7, '1101101': 5, '0001010': 8, '0000011': 6, '1010000': 9, '0101010': 10, '0101011': 5, '0010101': 7, '1000001': 6, '1010110': 7, '1000000': 7, '0011000': 12, '1000111': 7, '0011011': 8, '1111110': 6, '0110000': 6, '0011001': 10, '0000000': 3, '0010111': 12, '1100110': 10, '0110100': 6, '0001101': 11, '1111011': 7, '0010110': 11, '1110100': 8, '1111001': 5, '1101100': 6, '1010010': 10, '1100011': 5, '0100100': 4, '0011111': 5, '1000110': 5, '1111100': 6, '1110101': 5, '1000101': 9, '1111101': 6, '0111011': 9, '1101011': 5, '1001010': 8, '0000100': 4, '1001000': 6, '1101111': 3, '1011010': 5, '0100001': 11, '0100011': 4, '0101000': 7, '1110010': 5, '1011011': 4, '0011100': 4, '0100000': 1, '1111010': 3}"
vqe_7,1024,'0000010y',"{'1100000': 8, '1010010': 14, '0010000': 16, '1110100': 11, '0001011': 10, '1001001': 13, '0101110': 9, '0100011': 5, '0110000': 18, '0000001': 9, '1000011': 17, '1010111': 6, '1101010': 12, '1111000': 14, '0111010': 20, '0000110': 13, '0000111': 20, '1011111': 9, '0010001': 18, '0110110': 15, '0001100': 20, '1100010': 7, '0001101': 14, '0101000': 12, '1100101': 14, '1110110': 10, '0110100': 5, '0100110': 13, '1011000': 17, '0111011': 20, '1000100': 19, '0111101': 10, '0011011': 13, '1001110': 17, '0111110': 9, '1010110': 7, '0110111': 6, '0001001': 10, '1101001': 8, '0111100': 13, '1111111': 11, '1001111': 19, '1101111': 12, '0100111': 14, '0101101': 7, '1100001': 7, '1011101': 5, '1010011': 18, '1101000': 5, '1100100': 20, '1010100': 8, '0110001': 17, '0101011': 5, '1011110': 12, '0101100': 13, '1010000': 2, '1110111': 9, '0011101': 9, '0011110': 11, '1110011': 14, '1011011': 1, '1101011': 6, '1010101': 8, '1110010': 9, '0001000': 5, '0110101': 7, '0010011': 3, '1101110': 11, '0000010': 2, '0101001': 12, '1011001': 14, '0101010': 6, '0010100': 10, '0001010': 6, '1000010': 10, '1011100': 4, '1000000': 5, '0010111': 9, '1000101': 9, '0011100': 8, '0011010': 18, '0000000': 4, '0100010': 6, '0010110': 8, '0110010': 1, '1111001': 14, '0010101': 10, '1001101': 1, '1000001': 2, '1100011': 6, '0110011': 4, '1010001': 3, '0011111': 4, '0000011': 2, '1001011': 8, '1111101': 1, '1110101': 6, '1011010': 2, '1111110': 9, '1111100': 4, '0010010': 2, '1101100': 3, '1001000': 5, '0000100': 2, '1001010': 7, '0100001': 11, '1001100': 1, '0111111': 6, '0100100': 2, '0100000': 1, '1101101': 1, '1100111': 1, '0011001': 1, '1000111': 1, '0101111': 2, '1100110': 1}"
vqe_7,1024,'0000011y',"{'1100000': 10, '1010000': 17, '0010010': 8, '1110001': 16, '0001110': 23, '1001001': 12, '0101111': 16, '0100010': 11, '0110011': 16, '0000010': 8, '1000001': 13, '1010111': 7, '1101001': 11, '1111010': 11, '0111000': 20, '0000101': 18, '0001000': 7, '1011111': 9, '0010011': 10, '0110110': 9, '1000011': 5, '1100010': 5, '0001111': 20, '0101010': 11, '1100111': 12, '0000100': 10, '1110110': 13, '0110101': 16, '0100101': 11, '1011010': 13, '0111001': 25, '1000110': 19, '0111111': 16, '0011001': 17, '1001100': 13, '0110010': 13, '1010100': 6, '0110111': 9, '0001001': 9, '1101000': 17, '0111110': 11, '1111111': 6, '1001011': 8, '1001101': 16, '1101101': 12, '0111101': 5, '0100111': 3, '1100001': 6, '1011101': 6, '1010001': 22, '1100110': 26, '0110100': 7, '1110111': 10, '0101110': 16, '1011110': 11, '1001110': 2, '0011101': 5, '0011110': 13, '1110000': 14, '0111100': 3, '0010001': 6, '1011100': 7, '1010011': 6, '0100100': 10, '0010101': 10, '1101100': 7, '0001010': 5, '0000011': 9, '0101011': 10, '1011011': 11, '1010101': 4, '1000000': 9, '0011000': 26, '1000111': 13, '1111110': 5, '0000000': 2, '0010111': 12, '1111011': 10, '1110011': 4, '0101001': 6, '0010110': 11, '1101011': 5, '1100011': 4, '1110010': 1, '0011111': 5, '0010100': 10, '1011000': 1, '1001010': 10, '1111100': 8, '1000100': 1, '1110101': 4, '1100100': 2, '1111101': 8, '0101000': 3, '1101010': 5, '1001000': 9, '1000010': 6, '0111011': 1, '0101100': 2, '0100001': 10, '1010110': 4, '0100011': 4, '0001011': 4, '1010010': 4, '0101101': 2, '0011100': 2, '0011011': 1, '0010000': 3, '1110100': 2, '0100000': 1, '0011010': 2, '0000001': 1, '0110000': 2}"
vqe_7,1024,'0000100y',"{'1100000': 8, '1010001': 12, '0010001': 8, '1110011': 9, '0001100': 7, '1001001': 13, '0101111': 13, '0100010': 9, '0110001': 12, '0000001': 6, '1000010': 10, '1010111': 7, '1101001': 13, '1111000': 10, '0111001': 12, '0000110': 10, '0001000': 8, '1011111': 9, '0010011': 15, '0110110': 12, '0010010': 5, '1000011': 11, '1100010': 6, '0001111': 7, '0101001': 10, '1100111': 7, '0000101': 7, '1110110': 12, '0110101': 11, '0100110': 6, '0000010': 4, '1011001': 11, '0111010': 11, '1000100': 10, '0111110': 8, '0011010': 10, '1001101': 11, '0111111': 14, '1010101': 5, '0110111': 8, '0001011': 6, '0001001': 7, '1101000': 12, '0111101': 5, '0111000': 11, '1111111': 8, '1001100': 7, '1001111': 9, '1101110': 10, '0111100': 9, '0100111': 9, '0101110': 7, '1100001': 8, '1011101': 5, '1010011': 9, '1100100': 6, '1100101': 14, '0110011': 8, '1110111': 8, '0101100': 5, '1011110': 12, '0101101': 10, '1001011': 7, '1001110': 10, '0000111': 9, '0110010': 9, '0011101': 6, '0011110': 12, '1110001': 8, '0001110': 14, '1011000': 6, '0010000': 8, '1011100': 7, '1101010': 4, '1010100': 10, '1110000': 6, '0100101': 7, '0010100': 7, '1101101': 5, '0001010': 8, '0000011': 6, '1010000': 9, '0101010': 10, '0101011': 5, '0010101': 7, '1000001': 6, '1010110': 7, '1000000': 7, '0011000': 12, '1000111': 7, '0011011': 8, '1111110': 6, '0110000': 6, '0011001': 10, '0000000': 3, '0010111': 12, '1100110': 10, '0110100': 6, '0001101': 11, '1111011': 7, '0010110': 11, '1110100': 8, '1111001': 5, '1101100': 6, '1010010': 10, '1100011': 5, '0100100': 4, '0011111': 5, '1000110': 5, '1111100': 6, '1110101': 5, '1000101': 9, '1111101': 6, '0111011': 9, '1101011': 5, '1001010': 8, '0000100': 4, '1001000': 6, '1101111': 3, '1011010': 5, '0100001': 11, '0100011': 4, '0101000': 7, '1110010': 5, '1011011': 4, '0011100': 4, '0100000': 1, '1111010': 3}"
vqe_7,1024,'0000101y',"{'1100000': 8, '1010001': 13, '0010001': 8, '1110011': 9, '0001100': 7, '1001001': 14, '0101111': 13, '0100010': 9, '0110001': 12, '0000001': 6, '1000010': 10, '1010111': 7, '1101001': 13, '1111000': 10, '0111001': 12, '0000110': 10, '0001000': 8, '1011111': 9, '0010011': 15, '0110110': 12, '0010010': 5, '1000011': 11, '1100010': 6, '0001111': 7, '0101001': 10, '1100111': 7, '0000101': 7, '1110110': 12, '0110101': 11, '0100110': 6, '0000010': 4, '1011001': 11, '0111010': 11, '1000100': 10, '0111110': 8, '0011010': 10, '1001101': 9, '0111111': 14, '1010101': 5, '0110111': 8, '0001011': 6, '0001001': 7, '1101000': 12, '0111101': 5, '0111000': 11, '1111111': 8, '1001100': 7, '1001111': 9, '1101110': 10, '0111100': 9, '0100111': 9, '0101110': 7, '1100001': 8, '1011101': 6, '1010011': 9, '1100100': 6, '1100101': 14, '0110011': 8, '1110111': 8, '0101100': 5, '1011110': 11, '0101101': 10, '1001011': 7, '1001110': 12, '0000111': 9, '0110010': 9, '0011101': 6, '0011110': 12, '1110001': 8, '0001110': 14, '1011000': 6, '0010000': 8, '1011100': 6, '1101010': 4, '1010100': 10, '1110000': 6, '0100101': 7, '0010100': 7, '1101101': 5, '0001010': 8, '0000011': 6, '1010000': 9, '0101010': 10, '0101011': 5, '0010101': 7, '1000001': 6, '1010110': 7, '1000000': 7, '0011000': 12, '1000111': 7, '0011011': 8, '1111110': 6, '0110000': 6, '0011001': 10, '0000000': 3, '0010111': 12, '1100110': 10, '0110100': 6, '0001101': 11, '1111011': 7, '0010110': 11, '1110100': 8, '1111001': 5, '1101100': 6, '1010010': 9, '1100011': 5, '0100100': 4, '0011111': 5, '1000110': 5, '1111100': 6, '1110101': 5, '1000101': 9, '1111101': 6, '0111011': 9, '1101011': 5, '1001010': 7, '0000100': 4, '1001000': 6, '1101111': 3, '1011010': 5, '0100001': 11, '0100011': 4, '0101000': 7, '1110010': 5, '1011011': 5, '0011100': 4, '0100000': 1, '1111010': 3}"
vqe_7,1024,'0000110y',"{'1100000': 10, '1010000': 17, '0010010': 8, '1110001': 16, '0001110': 23, '1001001': 12, '0101111': 16, '0100010': 11, '0110011': 16, '0000010': 8, '1000001': 13, '1010111': 7, '1101001': 11, '1111010': 11, '0111000': 20, '0000101': 18, '0001000': 7, '1011111': 9, '0010011': 10, '0110110': 9, '1000011': 5, '1100010': 5, '0001111': 20, '0101010': 11, '1100111': 12, '0000100': 10, '1110110': 13, '0110101': 16, '0100101': 11, '1011010': 13, '0111001': 25, '1000110': 19, '0111111': 16, '0011001': 17, '1001100': 13, '0110010': 13, '1010100': 6, '0110111': 9, '0001001': 9, '1101000': 17, '0111110': 11, '1111111': 6, '1001011': 8, '1001101': 16, '1101101': 12, '0111101': 5, '0100111': 3, '1100001': 6, '1011101': 6, '1010001': 22, '1100110': 26, '0110100': 7, '1110111': 10, '0101110': 16, '1011110': 11, '1001110': 2, '0011101': 5, '0011110': 13, '1110000': 14, '0111100': 3, '0010001': 6, '1011100': 7, '1010011': 6, '0100100': 10, '0010101': 10, '1101100': 7, '0001010': 5, '0000011': 9, '0101011': 10, '1011011': 11, '1010101': 4, '1000000': 9, '0011000': 26, '1000111': 13, '1111110': 5, '0000000': 2, '0010111': 12, '1111011': 10, '1110011': 4, '0101001': 6, '0010110': 11, '1101011': 5, '1100011': 4, '1110010': 1, '0011111': 5, '0010100': 10, '1011000': 1, '1001010': 10, '1111100': 8, '1000100': 1, '1110101': 4, '1100100': 2, '1111101': 8, '0101000': 3, '1101010': 5, '1001000': 9, '1000010': 6, '0111011': 1, '0101100': 2, '0100001': 10, '1010110': 4, '0100011': 4, '0001011': 4, '1010010': 4, '0101101': 2, '0011100': 2, '0011011': 1, '0010000': 3, '1110100': 2, '0100000': 1, '0011010': 2, '0000001': 1, '0110000': 2}"
vqe_7,1024,'0000111y',"{'1100000': 8, '1010010': 14, '0010000': 16, '1110100': 11, '0001011': 10, '1001001': 13, '0101110': 9, '0100011': 5, '0110000': 18, '0000001': 9, '1000011': 17, '1010111': 6, '1101010': 12, '1111000': 14, '0111010': 20, '0000110': 13, '0000111': 20, '1011111': 9, '0010001': 18, '0110110': 15, '0001100': 20, '1100010': 7, '0001101': 14, '0101000': 12, '1100101': 15, '1110110': 10, '0110100': 5, '0100110': 13, '1011000': 17, '0111011': 20, '1000100': 19, '0111101': 10, '0011011': 13, '1001110': 17, '0111110': 9, '1010110': 7, '0110111': 6, '0001001': 10, '1101001': 8, '0111100': 13, '1111111': 11, '1001111': 19, '1101111': 12, '0100111': 14, '0101101': 7, '1100001': 7, '1011101': 5, '1010011': 18, '1101000': 5, '1100100': 19, '1010100': 8, '0110001': 17, '0101011': 5, '1011110': 12, '0101100': 13, '1010000': 2, '1110111': 9, '0011101': 9, '0011110': 11, '1110011': 14, '1011011': 1, '1101011': 6, '1010101': 8, '1110010': 9, '0001000': 5, '0110101': 7, '0010011': 3, '1101110': 11, '0000010': 2, '0101001': 12, '1011001': 14, '0101010': 6, '0010100': 10, '0001010': 6, '1000010': 10, '1011100': 4, '1000000': 5, '0010111': 8, '1000101': 9, '0011100': 8, '0011010': 18, '0000000': 4, '0100010': 6, '0010110': 9, '0110010': 1, '1111001': 14, '0010101': 10, '1001101': 1, '1000001': 2, '1100011': 6, '0110011': 4, '1010001': 3, '0011111': 4, '0000011': 2, '1001011': 8, '1111101': 1, '1110101': 6, '1011010': 2, '1111110': 9, '1111100': 4, '0010010': 2, '1101100': 3, '1001000': 5, '0000100': 2, '1001010': 7, '0100001': 11, '1001100': 1, '0111111': 6, '0100100': 2, '0100000': 1, '1101101': 1, '1100111': 1, '0011001': 1, '1000111': 1, '0101111': 2, '1100110': 1}"
vqe_7,1024,'0001000y',"{'1100000': 8, '1010001': 13, '0010001': 8, '1110011': 8, '0001100': 7, '1001001': 13, '0101111': 13, '0100010': 9, '0110001': 12, '0000001': 6, '1000010': 10, '1010111': 7, '1101001': 13, '1111000': 10, '0111001': 11, '0000110': 11, '0001000': 8, '1011111': 9, '0010011': 15, '0110110': 12, '0010010': 5, '1000011': 11, '1100010': 6, '0001111': 7, '0101001': 10, '1100111': 6, '0000101': 7, '1110110': 12, '0110101': 11, '0100110': 6, '0000010': 4, '1011001': 11, '0111010': 12, '1000100': 11, '0111110': 8, '0011011': 9, '1001101': 9, '0111111': 14, '1010101': 5, '0110111': 8, '0001011': 6, '0001001': 7, '1101000': 12, '0111101': 6, '0111000': 11, '1111111': 8, '1001100': 7, '1001111': 9, '1101110': 9, '0100111': 9, '0101110': 7, '1100001': 8, '1011101': 5, '1010011': 9, '1100100': 6, '1100101': 14, '0110011': 8, '1110111': 8, '0101100': 5, '1011110': 12, '0101101': 10, '1001011': 7, '1001110': 12, '0000111': 8, '0110010': 9, '0011101': 6, '0011110': 12, '1110001': 9, '0111100': 8, '0001110': 14, '1011000': 6, '0010000': 8, '1011100': 7, '1101010': 4, '1010100': 10, '1110000': 6, '0100101': 7, '0010100': 7, '1101101': 5, '0001010': 8, '0000011': 7, '0011010': 9, '1010000': 9, '0101010': 10, '0101011': 5, '0010101': 7, '1000001': 6, '1010110': 7, '1000000': 7, '0011000': 12, '1000111': 7, '1111110': 6, '0110000': 6, '0011001': 10, '0000000': 3, '0010111': 12, '1110010': 5, '1100110': 11, '0110100': 6, '0001101': 11, '1111011': 7, '0010110': 11, '1110100': 8, '1111001': 5, '1101100': 6, '1010010': 9, '1100011': 5, '0100100': 4, '0011111': 5, '1000110': 5, '1111100': 6, '1101111': 4, '1110101': 5, '1111101': 6, '0111011': 9, '1101011': 5, '1001010': 8, '0000100': 3, '1000101': 8, '1001000': 6, '1011010': 5, '0100001': 11, '0100011': 4, '0101000': 7, '1011011': 4, '0011100': 4, '0100000': 1, '1111010': 3}"
vqe_7,1024,'0001001y',"{'1100000': 8, '1010001': 13, '0010001': 8, '1110011': 8, '0001100': 7, '1001001': 14, '0101111': 13, '0100010': 9, '0110001': 12, '0000001': 6, '1000010': 10, '1010111': 7, '1101001': 13, '1111000': 10, '0111001': 11, '0000110': 11, '0001000': 8, '1011111': 9, '0010010': 6, '0110110': 12, '1000011': 11, '1100010': 6, '0001111': 7, '0101001': 10, '1100111': 6, '0000101': 7, '1110110': 12, '0110101': 11, '0100110': 6, '0000010': 4, '1011001': 11, '0111010': 12, '1000100': 11, '0111110': 8, '0011011': 9, '1001101': 9, '0111111': 14, '1010101': 5, '0110111': 8, '0001011': 6, '0001001': 7, '1101000': 12, '0111101': 5, '0111000': 11, '1111111': 8, '1001100': 7, '1001111': 9, '1101110': 8, '0111100': 9, '0100111': 9, '0101110': 7, '1100001': 8, '1011101': 6, '1010011': 9, '1100100': 6, '1100101': 14, '0110011': 8, '1110111': 8, '0101100': 5, '1011110': 11, '0101101': 10, '1001011': 7, '1001110': 12, '0000111': 8, '0110010': 9, '0011101': 6, '0011110': 12, '1110001': 9, '0001110': 14, '1011000': 6, '0010000': 8, '1011100': 7, '1101010': 4, '1010100': 10, '1110000': 6, '0100101': 7, '0010100': 7, '1101101': 5, '0001010': 8, '0000011': 6, '0011010': 9, '1010000': 9, '0101010': 10, '0101011': 5, '0010101': 7, '1000001': 6, '1010110': 7, '1000000': 7, '0011000': 12, '1000111': 7, '1111110': 6, '0110000': 6, '0011001': 10, '0000000': 3, '0010111': 12, '1110010': 5, '1100110': 11, '0110100': 6, '0001101': 11, '1111011': 7, '0010110': 11, '1110100': 8, '1111001': 5, '1101100': 6, '1010010': 9, '1100011': 5, '1101111': 5, '0100100': 4, '0011111': 5, '0010011': 14, '1000110': 5, '1111100': 6, '1110101': 5, '1111101': 6, '0111011': 9, '1101011': 5, '1001010': 7, '0000100': 4, '1000101': 8, '1001000': 6, '1011010': 5, '0100001': 11, '0100011': 4, '0101000': 7, '1011011': 4, '0011100': 4, '0100000': 1, '1111010': 3}"
vqe_7,1024,'0001010y',"{'1100000': 8, '1010001': 22, '0010010': 8, '1110001': 18, '0001110': 24, '1001001': 12, '0101111': 16, '0100010': 11, '0110011': 15, '0000010': 8, '1000010': 7, '1010111': 6, '1010000': 17, '1101001': 12, '1111010': 11, '0111000': 22, '0000101': 18, '0001000': 9, '1011111': 9, '0010011': 13, '0110110': 9, '1000100': 3, '1100011': 5, '0001111': 16, '0101001': 9, '1100111': 14, '0000100': 10, '1110110': 13, '0110101': 12, '0100101': 11, '1011010': 12, '0111001': 23, '1000110': 19, '0111111': 16, '0011001': 18, '1001100': 14, '0110010': 14, '1010100': 6, '0110111': 9, '0001101': 4, '0001001': 7, '1101000': 14, '0111110': 11, '1111111': 6, '1001011': 9, '1001101': 15, '1101101': 11, '0111101': 3, '0100110': 3, '1000001': 12, '1100001': 8, '1011101': 6, '1100110': 24, '1110111': 10, '0101110': 17, '1011110': 11, '0011101': 5, '1000011': 2, '0011110': 13, '1110000': 12, '0111100': 5, '0010000': 7, '1011100': 7, '1100010': 4, '1010011': 7, '0100100': 10, '0010101': 11, '1101100': 7, '0001010': 6, '0000011': 9, '0101011': 12, '1011011': 12, '1010101': 5, '1000000': 9, '0011000': 25, '1000111': 12, '1111110': 5, '0000000': 2, '0010111': 13, '0110100': 9, '1111011': 10, '1110100': 4, '0010110': 9, '0010100': 8, '0010001': 1, '1101011': 4, '0101010': 7, '1110011': 3, '0011111': 5, '1011001': 1, '1001010': 11, '1111100': 8, '1000101': 1, '1110101': 4, '1100100': 1, '1111101': 8, '0101000': 4, '1101010': 7, '1001110': 1, '0111010': 1, '1001000': 7, '1101110': 2, '0100001': 10, '1010110': 4, '0100011': 4, '1010010': 4, '0101101': 3, '0001011': 3, '0011100': 2, '0011011': 1, '0110001': 1, '0100000': 1, '0011010': 1, '0110000': 1, '0000001': 1, '1011000': 1, '1100101': 1}"
vqe_7,1024,'0001011y',"{'1100000': 8, '1010010': 15, '0010000': 17, '1110100': 12, '0001011': 10, '1001001': 15, '0101111': 3, '0100011': 5, '0110000': 20, '0000001': 9, '1000011': 16, '1010111': 10, '1101010': 9, '1111000': 14, '0111010': 21, '0000110': 13, '0001000': 6, '1011111': 9, '0010001': 14, '0110110': 13, '0001100': 18, '1100010': 6, '0001110': 3, '0101000': 9, '1100101': 12, '1110110': 10, '0110101': 11, '0100111': 14, '1011000': 13, '0111011': 20, '1000100': 18, '0111101': 10, '0011011': 13, '1001110': 19, '0111110': 8, '1010110': 7, '0110111': 7, '0001001': 7, '1101001': 12, '0111100': 13, '1111111': 11, '1001111': 18, '1101111': 12, '0100110': 12, '0101101': 9, '1100001': 8, '1011101': 4, '1010011': 17, '1101000': 5, '1100100': 21, '0110001': 17, '0101100': 13, '1011110': 12, '1001101': 1, '1000010': 11, '0000111': 19, '1110111': 9, '0011101': 8, '0001111': 1, '0011110': 12, '1110010': 10, '0001101': 11, '1011010': 3, '0101110': 6, '1010100': 10, '0101001': 14, '0010100': 10, '1101110': 8, '0001010': 9, '1110000': 1, '0000010': 2, '1010001': 2, '1011001': 13, '0101010': 8, '1011100': 5, '1000000': 5, '0010111': 8, '1000101': 10, '0011100': 7, '1110011': 12, '1000001': 3, '0011010': 19, '0000000': 4, '0100010': 6, '0010110': 10, '0110011': 1, '1111001': 13, '0010101': 9, '0010011': 2, '1101101': 4, '1001100': 1, '1100011': 7, '0110100': 5, '1010000': 3, '0011111': 5, '0010010': 6, '0000011': 1, '1001011': 8, '1111101': 1, '1110101': 5, '1111110': 9, '0000100': 1, '1010101': 5, '1101011': 5, '1001010': 5, '1111100': 4, '1110001': 1, '1101100': 3, '1001000': 6, '0000101': 2, '0100001': 11, '0111111': 7, '0100100': 1, '0011000': 1, '0101011': 3, '0100000': 1, '1100110': 2, '0100101': 1}"
vqe_7,1024,'0001100y',"{'1100000': 8, '1010001': 13, '0010001': 8, '1110011': 8, '0001100': 7, '1001001': 14, '0101111': 13, '0100010': 9, '0110001': 12, '0000001': 6, '1000010': 10, '1010111': 7, '1101001': 13, '1111000': 10, '0111001': 11, '0000110': 11, '0001000': 8, '1011111': 9, '0010010': 6, '0110110': 12, '1000011': 11, '1100010': 6, '0001111': 7, '0101001': 10, '1100111': 6, '0000101': 7, '1110110': 12, '0110101': 11, '0100110': 6, '0000010': 4, '1011001': 11, '0111010': 12, '1000100': 11, '0111110': 8, '0011011': 9, '1001101': 9, '0111111': 14, '1010101': 5, '0110111': 8, '0001011': 6, '0001001': 7, '1101000': 12, '0111101': 5, '0111000': 11, '1111111': 8, '1001100': 7, '1001111': 9, '1101110': 8, '0111100': 9, '0100111': 9, '0101110': 7, '1100001': 8, '1011101': 6, '1010011': 9, '1100100': 6, '1100101': 14, '0110011': 8, '1110111': 8, '0101100': 5, '1011110': 11, '0101101': 10, '1001011': 7, '1001110': 12, '0000111': 8, '0110010': 9, '0011101': 6, '0011110': 12, '1110001': 9, '0001110': 14, '1011000': 6, '0010000': 8, '1011100': 7, '1101010': 4, '1010100': 10, '1110000': 6, '0100101': 7, '0010100': 7, '1101101': 5, '0001010': 8, '0000011': 6, '0011010': 9, '1010000': 9, '0101010': 10, '0101011': 5, '0010101': 7, '1000001': 6, '1010110': 7, '1000000': 7, '0011000': 12, '1000111': 7, '1111110': 6, '0110000': 6, '0011001': 10, '0000000': 3, '0010111': 12, '1110010': 5, '1100110': 11, '0110100': 6, '0001101': 11, '1111011': 7, '0010110': 11, '1110100': 8, '1111001': 5, '1101100': 6, '1010010': 9, '1100011': 5, '1101111': 5, '0100100': 4, '0011111': 5, '0010011': 14, '1000110': 5, '1111100': 6, '1110101': 5, '1111101': 6, '0111011': 9, '1101011': 5, '1001010': 7, '0000100': 4, '1000101': 8, '1001000': 6, '1011010': 5, '0100001': 11, '0100011': 4, '0101000': 7, '1011011': 4, '0011100': 4, '0100000': 1, '1111010': 3}"
vqe_7,1024,'0001101y',"{'1100000': 8, '1010001': 13, '0010001': 8, '1110011': 8, '0001100': 7, '1001001': 13, '0101111': 13, '0100010': 9, '0110001': 12, '0000001': 6, '1000010': 10, '1010111': 7, '1101001': 13, '1111000': 10, '0111001': 11, '0000110': 11, '0001000': 8, '1011111': 9, '0010011': 15, '0110110': 12, '0010010': 5, '1000011': 11, '1100010': 6, '0001111': 7, '0101001': 10, '1100111': 6, '0000101': 7, '1110110': 12, '0110101': 11, '0100110': 6, '0000010': 4, '1011001': 11, '0111010': 12, '1000100': 11, '0111110': 8, '0011011': 9, '1001101': 9, '0111111': 14, '1010101': 5, '0110111': 8, '0001011': 6, '0001001': 7, '1101000': 12, '0111101': 6, '0111000': 11, '1111111': 8, '1001100': 7, '1001111': 9, '1101110': 9, '0100111': 9, '0101110': 7, '1100001': 8, '1011101': 5, '1010011': 9, '1100100': 6, '1100101': 14, '0110011': 8, '1110111': 8, '0101100': 5, '1011110': 12, '0101101': 10, '1001011': 7, '1001110': 12, '0000111': 8, '0110010': 9, '0011101': 6, '0011110': 12, '1110001': 9, '0111100': 8, '0001110': 14, '1011000': 6, '0010000': 8, '1011100': 7, '1101010': 4, '1010100': 10, '1110000': 6, '0100101': 7, '0010100': 7, '1101101': 5, '0001010': 8, '0000011': 7, '0011010': 9, '1010000': 9, '0101010': 10, '0101011': 5, '0010101': 7, '1000001': 6, '1010110': 7, '1000000': 7, '0011000': 12, '1000111': 7, '1111110': 6, '0110000': 6, '0011001': 10, '0000000': 3, '0010111': 12, '1110010': 5, '1100110': 11, '0110100': 6, '0001101': 11, '1111011': 7, '0010110': 11, '1110100': 8, '1111001': 5, '1101100': 6, '1010010': 9, '1100011': 5, '0100100': 4, '0011111': 5, '1000110': 5, '1111100': 6, '1101111': 4, '1110101': 5, '1111101': 6, '0111011': 9, '1101011': 5, '1001010': 8, '0000100': 3, '1000101': 8, '1001000': 6, '1011010': 5, '0100001': 11, '0100011': 4, '0101000': 7, '1011011': 4, '0011100': 4, '0100000': 1, '1111010': 3}"
vqe_7,1024,'0001110y',"{'1100000': 8, '1010010': 15, '0010000': 17, '1110100': 12, '0001011': 10, '1001001': 15, '0101111': 3, '0100011': 5, '0110000': 20, '0000001': 9, '1000011': 16, '1010111': 10, '1101010': 9, '1111000': 14, '0111010': 21, '0000110': 13, '0001000': 6, '1011111': 9, '0010001': 14, '0110110': 13, '0001100': 18, '1100010': 6, '0001101': 12, '0101000': 8, '1100101': 12, '1110110': 10, '0110101': 11, '0100111': 15, '1011000': 13, '0111011': 20, '1000100': 18, '0111101': 10, '0011011': 13, '1001110': 19, '0111110': 8, '1010110': 7, '0110111': 7, '0001001': 7, '1101001': 12, '0111100': 13, '1111111': 11, '1001111': 18, '1101111': 12, '0100110': 12, '0101101': 9, '1100001': 8, '1011101': 4, '1010011': 17, '1101000': 5, '1100100': 21, '0110001': 17, '0101100': 13, '1011110': 12, '1001101': 1, '1000010': 11, '0000111': 19, '1110111': 9, '0011101': 8, '0001111': 1, '0011110': 12, '1110010': 10, '1011011': 1, '0101110': 6, '1010100': 10, '0101001': 14, '0010100': 10, '1101110': 8, '0001010': 9, '1110000': 1, '0000010': 2, '1010001': 2, '1011001': 13, '0101010': 8, '1011100': 5, '1000000': 5, '0010111': 8, '1000101': 10, '0011100': 7, '1110011': 12, '1000001': 3, '0011010': 19, '0000000': 4, '0100010': 6, '0010110': 10, '0110011': 1, '1111001': 13, '0010101': 9, '0010011': 2, '0001110': 2, '1101101': 4, '1001100': 1, '1100011': 7, '0110100': 5, '1010000': 3, '0011111': 5, '0010010': 6, '0000011': 2, '1001011': 8, '1111101': 1, '1110101': 5, '1011010': 2, '1111110': 9, '1010101': 5, '1101011': 5, '1001010': 5, '1111100': 4, '1110001': 1, '1101100': 3, '1001000': 6, '0000101': 2, '0100001': 11, '0111111': 7, '0100100': 1, '0011000': 1, '0101011': 3, '0100000': 1, '1100111': 1, '0100101': 1, '1100110': 1}"
vqe_7,1024,'0001111y',"{'1100000': 9, '1010001': 22, '0010010': 8, '1110001': 18, '0001110': 24, '1001001': 13, '0101111': 16, '0100010': 11, '0110011': 14, '0000010': 8, '1000010': 7, '1010111': 6, '1010000': 17, '1101001': 13, '1111010': 11, '0111000': 22, '0000101': 18, '0001000': 9, '1011111': 9, '0010011': 13, '0110110': 9, '1000100': 2, '1100011': 5, '0001111': 16, '0101001': 9, '1100111': 13, '0000100': 10, '1110110': 13, '0110101': 12, '0100101': 11, '1011010': 12, '0111001': 23, '1000110': 19, '0111111': 16, '0011001': 18, '1001100': 14, '0110010': 14, '1010100': 6, '0110111': 9, '0001101': 4, '0001001': 7, '1101000': 14, '0111110': 11, '1111111': 6, '1001011': 9, '1001101': 15, '1101101': 11, '0111101': 3, '0100110': 3, '1000001': 12, '1100001': 7, '1011101': 6, '1100110': 25, '1110111': 10, '0101110': 18, '1011110': 11, '0011101': 5, '1000011': 3, '0011110': 13, '1110000': 12, '0111100': 5, '0010000': 7, '1011100': 7, '1100010': 4, '1010011': 6, '0100100': 10, '0010101': 11, '1101100': 7, '0001010': 6, '0000011': 9, '0101011': 12, '1011011': 12, '1010101': 5, '1000000': 9, '0011000': 25, '1000111': 12, '1111110': 5, '0000000': 2, '0010111': 13, '0110100': 10, '1111011': 10, '1110100': 4, '0010110': 9, '0010100': 8, '0010001': 1, '1101011': 4, '0101010': 7, '1110011': 3, '0011111': 5, '1011001': 1, '1001010': 10, '1111100': 8, '1000101': 1, '1110101': 4, '1100100': 1, '1111101': 8, '0101000': 4, '1101010': 6, '1001110': 1, '0111010': 1, '1001000': 7, '1101110': 2, '0100001': 10, '1010110': 4, '0100011': 4, '1010010': 5, '0101101': 2, '0001011': 3, '0011100': 2, '0011011': 1, '0110001': 1, '0100000': 1, '0011010': 1, '0110000': 1, '0000001': 1, '1011000': 1, '1100101': 1}"
vqe_7,1024,'0010000y',"{'1100000': 8, '1010001': 9, '0010001': 8, '1110011': 9, '0001100': 9, '1001001': 12, '0101111': 11, '0100011': 7, '0110010': 11, '0000001': 4, '1000011': 13, '1010111': 7, '1101001': 13, '1111001': 6, '0111001': 14, '0000101': 7, '0001000': 8, '1011111': 9, '0010011': 17, '0110110': 11, '0010010': 3, '1100010': 6, '0001111': 7, '0101001': 9, '1100110': 8, '1110110': 11, '0110101': 13, '0100110': 7, '0000010': 6, '1011001': 8, '0111010': 11, '1000100': 11, '0111110': 6, '0011011': 9, '1001101': 11, '0111111': 13, '0110001': 10, '1010101': 6, '0110111': 7, '0001011': 7, '0001001': 6, '0111101': 8, '0111000': 7, '1111111': 7, '1001100': 8, '1001111': 7, '1101110': 9, '0111100': 9, '0100111': 8, '1000010': 10, '0101110': 7, '1100001': 7, '1011101': 8, '1010011': 9, '1101000': 10, '1100100': 7, '1100101': 17, '0110011': 8, '1110111': 7, '0101100': 7, '1011110': 9, '0101101': 10, '1001011': 9, '1001110': 11, '0000111': 7, '0011101': 9, '0011110': 10, '1110001': 7, '0001110': 9, '1011000': 6, '0010000': 8, '1011100': 6, '1101010': 6, '1010100': 11, '0100101': 5, '0010100': 12, '1101100': 7, '0001010': 8, '1110000': 5, '1101101': 5, '0000011': 6, '0011010': 9, '1010000': 8, '0101010': 10, '1011010': 7, '0101011': 7, '1000000': 6, '0011000': 10, '1000110': 6, '1111110': 7, '0110000': 6, '0100100': 6, '1010010': 14, '1000001': 5, '0011001': 12, '0000000': 3, '0100010': 9, '0010110': 12, '0110100': 6, '1010110': 5, '1111011': 7, '0001101': 14, '1110100': 9, '1100011': 6, '0010111': 9, '0011111': 4, '1111100': 7, '0010101': 4, '1110101': 6, '1111000': 8, '1111101': 5, '0111011': 11, '1111010': 4, '0000110': 11, '1101011': 5, '1001010': 9, '0000100': 5, '1000111': 6, '1000101': 8, '1001000': 4, '1100111': 5, '1101111': 3, '0100001': 8, '0101000': 6, '1110010': 7, '1011011': 6, '0011100': 4, '0100000': 1}"
vqe_7,1024,'0010001y',"{'1100000': 8, '1010001': 9, '0010001': 8, '1110011': 9, '0001100': 9, '1001001': 12, '0101111': 11, '0100011': 7, '0110010': 11, '0000001': 4, '1000011': 13, '1010111': 7, '1101001': 13, '1111001': 6, '0111001': 14, '0000101': 7, '0001000': 8, '1011111': 9, '0010011': 16, '0110110': 11, '0010010': 4, '1100010': 6, '0001111': 7, '0101001': 9, '1100110': 8, '1110110': 11, '0110101': 13, '0100110': 6, '0000010': 6, '1011001': 8, '0111010': 11, '1000100': 11, '0111110': 6, '0011011': 9, '1001101': 11, '0111111': 13, '0110001': 10, '1010101': 6, '0110111': 7, '0001011': 7, '0001001': 6, '0111101': 8, '0111000': 7, '1111111': 7, '1001100': 8, '1001111': 7, '1101110': 9, '0111100': 9, '0100111': 8, '0100101': 6, '1000010': 10, '0101110': 7, '1100001': 7, '1011101': 8, '1010011': 9, '1101000': 10, '1100100': 7, '1100101': 17, '0110011': 8, '1110111': 7, '0101100': 7, '1011110': 9, '0101101': 10, '1001011': 8, '1001110': 11, '0000111': 7, '0011101': 11, '1110001': 7, '0001110': 9, '1011000': 6, '0010000': 8, '1011100': 6, '1101010': 6, '1010100': 11, '0010100': 11, '1101100': 7, '0001010': 8, '1110000': 5, '1101101': 5, '0000011': 6, '0011010': 9, '1010000': 8, '0101010': 10, '1011010': 7, '0101011': 7, '1000000': 6, '0011000': 10, '1000110': 6, '1111110': 7, '0110000': 6, '0100100': 6, '1010010': 14, '1000001': 5, '0011001': 12, '0000000': 3, '0100010': 9, '0010110': 12, '0110100': 6, '1010110': 5, '1111011': 7, '0001101': 14, '1110100': 9, '0011110': 8, '1100011': 6, '0010111': 10, '0011111': 4, '1111100': 7, '0010101': 4, '1110101': 6, '1111000': 8, '1111101': 5, '0111011': 11, '1111010': 4, '0000110': 11, '1101011': 5, '1001010': 10, '0000100': 5, '1000111': 6, '1000101': 8, '1001000': 4, '1100111': 5, '1101111': 3, '0100001': 8, '0101000': 6, '1110010': 7, '1011011': 6, '0011100': 4, '0100000': 1}"
vqe_7,1024,'0010010y',"{'1100000': 8, '1010001': 20, '0010010': 9, '1110001': 15, '0001101': 4, '1001001': 11, '0101111': 14, '0100010': 12, '0110010': 17, '0000010': 8, '1000010': 9, '1010111': 7, '1010000': 15, '1101001': 13, '1111010': 13, '0111000': 24, '0000100': 13, '0001000': 6, '1011111': 8, '0010011': 15, '0110101': 15, '0001110': 19, '1000110': 23, '1100011': 5, '0001111': 16, '0101001': 8, '1100111': 13, '1110110': 10, '0100100': 12, '1011010': 13, '0111001': 20, '0111110': 10, '0011001': 16, '1001100': 15, '0111111': 15, '1010101': 6, '0110111': 5, '0001011': 4, '0001001': 10, '1101000': 12, '0111101': 3, '1111111': 5, '1001011': 14, '1001101': 16, '1001010': 11, '1101101': 13, '0100101': 13, '1100001': 7, '1011101': 9, '1100110': 23, '1010010': 4, '0110011': 18, '0101101': 2, '1011110': 9, '0101110': 16, '1001110': 2, '0000101': 18, '1110111': 10, '0011101': 8, '1000100': 1, '0011110': 10, '1110000': 12, '0111100': 6, '0010001': 5, '1011100': 7, '1100010': 5, '1101010': 6, '1010100': 10, '0010100': 9, '1101100': 8, '0110110': 10, '0000011': 9, '0101010': 9, '1011011': 13, '0101011': 10, '0010101': 9, '0001010': 5, '1000001': 9, '1000000': 7, '0010111': 14, '1000111': 10, '0011010': 3, '1111110': 4, '0011000': 20, '0000000': 2, '0110100': 7, '1111011': 12, '0010110': 12, '1110100': 6, '1101011': 6, '0011111': 4, '1111100': 8, '1110101': 4, '1100100': 2, '1111101': 10, '0111010': 1, '1110011': 2, '0100001': 8, '1010110': 3, '0100011': 5, '0101000': 3, '1001000': 4, '0001100': 2, '1100101': 1, '1010011': 4, '0101100': 2, '0011100': 3, '0100111': 1, '0011011': 1, '0010000': 2, '0100000': 1, '1000011': 4, '1110010': 1, '0000001': 1, '0110000': 2}"
vqe_7,1024,'0010011y',"{'1100000': 8, '1010010': 17, '0010000': 15, '1110011': 15, '0001011': 12, '1001001': 12, '0101110': 9, '0100011': 5, '0110001': 19, '0000001': 8, '1000011': 18, '1010111': 7, '1101010': 11, '1111000': 12, '0111010': 18, '0000111': 18, '0001000': 5, '1011111': 9, '0010001': 11, '0110110': 9, '0001100': 19, '1100010': 8, '0001101': 16, '0101001': 12, '1100101': 12, '0000110': 14, '1110110': 8, '0110101': 11, '0100111': 14, '1011000': 14, '0111011': 24, '1000100': 18, '0111101': 10, '0011011': 13, '1001110': 15, '0111110': 9, '0110000': 16, '1010101': 6, '0110111': 9, '0001001': 9, '1101001': 8, '0111100': 14, '1111111': 11, '1001101': 3, '1001111': 16, '1101110': 8, '0101101': 8, '1100001': 6, '1011101': 5, '1010011': 18, '1101000': 7, '1100100': 24, '1110111': 8, '0101100': 15, '1011110': 11, '1001100': 2, '1010000': 2, '0011101': 11, '1110010': 12, '1011011': 1, '1010100': 11, '0100110': 11, '0010100': 12, '0001010': 8, '0000011': 2, '0101010': 9, '1011001': 12, '0101011': 5, '1000010': 10, '1010110': 7, '1011100': 5, '1000000': 4, '0011001': 3, '1000101': 12, '0011100': 9, '0011010': 20, '0000000': 3, '0100010': 7, '0010110': 8, '0110100': 6, '1111001': 11, '1110100': 10, '0011110': 8, '0010101': 9, '1101101': 4, '1001011': 6, '1000001': 3, '1100011': 6, '1101111': 11, '1010001': 3, '1110101': 11, '0010111': 5, '0011111': 4, '0010010': 8, '1111100': 4, '1011010': 2, '1111110': 8, '0101000': 8, '1101011': 7, '1001010': 5, '0010011': 2, '1001000': 9, '0000010': 3, '0100001': 10, '0111111': 6, '0100100': 2, '1000111': 1, '0011000': 2, '1100111': 1, '0100000': 1, '1111101': 1, '1101100': 1, '1111010': 1, '0101111': 2}"
vqe_7,1024,'0010100y',"{'1100000': 8, '1010001': 9, '0010001': 8, '1110011': 9, '0001100': 9, '1001001': 12, '0101111': 11, '0100011': 7, '0110010': 11, '0000001': 4, '1000011': 13, '1010111': 7, '1101001': 13, '1111001': 6, '0111001': 14, '0000101': 7, '0001000': 8, '1011111': 9, '0010011': 16, '0110110': 11, '0010010': 4, '1100010': 6, '0001111': 7, '0101001': 9, '1100110': 8, '1110110': 11, '0110101': 13, '0100110': 6, '0000010': 6, '1011001': 8, '0111010': 11, '1000100': 11, '0111110': 6, '0011011': 9, '1001101': 11, '0111111': 13, '0110001': 10, '1010101': 6, '0110111': 7, '0001011': 7, '0001001': 6, '0111101': 8, '0111000': 7, '1111111': 7, '1001100': 8, '1001111': 7, '1101110': 9, '0111100': 9, '0100111': 8, '0100101': 6, '1000010': 10, '0101110': 7, '1100001': 7, '1011101': 8, '1010011': 9, '1101000': 10, '1100100': 7, '1100101': 17, '0110011': 8, '1110111': 7, '0101100': 7, '1011110': 9, '0101101': 10, '1001011': 9, '1001110': 11, '0000111': 7, '0011101': 11, '1110001': 7, '0001110': 9, '1011000': 6, '0010000': 8, '1011100': 6, '1101010': 6, '1010100': 11, '0010100': 11, '1101100': 7, '0001010': 8, '1110000': 5, '1101101': 5, '0000011': 6, '0011010': 9, '1010000': 8, '0101010': 10, '1011010': 7, '0101011': 7, '1000000': 6, '0011000': 10, '1000110': 6, '1111110': 7, '0110000': 6, '0100100': 6, '1010010': 14, '1000001': 5, '0011001': 12, '0000000': 3, '0100010': 9, '0010110': 12, '0110100': 6, '1010110': 5, '1111011': 7, '0001101': 14, '1110100': 9, '0011110': 8, '1100011': 6, '0010111': 10, '0011111': 4, '1111100': 7, '0010101': 4, '1110101': 6, '1111000': 8, '1111101': 5, '0111011': 11, '1111010': 4, '0000110': 11, '1101011': 5, '1001010': 9, '0000100': 5, '1000111': 6, '1000101': 8, '1001000': 4, '1100111': 5, '1101111': 3, '0100001': 8, '0101000': 6, '1110010': 7, '1011011': 6, '0011100': 4, '0100000': 1}"
vqe_7,1024,'0010101y',"{'1100000': 8, '1010001': 9, '0010001': 8, '1110011': 9, '0001100': 9, '1001001': 12, '0101111': 11, '0100011': 7, '0110010': 11, '0000001': 4, '1000011': 13, '1010111': 7, '1101001': 13, '1111001': 6, '0111001': 14, '0000101': 7, '0001000': 8, '1011111': 9, '0010011': 17, '0110110': 11, '0010010': 3, '1100010': 6, '0001111': 7, '0101001': 9, '1100110': 8, '1110110': 11, '0110101': 13, '0100110': 7, '0000010': 6, '1011001': 8, '0111010': 11, '1000100': 11, '0111110': 6, '0011011': 9, '1001101': 11, '0111111': 13, '0110001': 10, '1010101': 6, '0110111': 7, '0001011': 7, '0001001': 6, '0111101': 8, '0111000': 7, '1111111': 7, '1001100': 8, '1001111': 7, '1101110': 9, '0111100': 9, '0100111': 8, '1000010': 10, '0101110': 7, '1100001': 7, '1011101': 8, '1010011': 9, '1101000': 10, '1100100': 7, '1100101': 17, '0110011': 8, '1110111': 7, '0101100': 7, '1011110': 9, '0101101': 10, '1001011': 9, '1001110': 11, '0000111': 7, '0011101': 9, '0011110': 10, '1110001': 7, '0001110': 9, '1011000': 6, '0010000': 8, '1011100': 6, '1101010': 6, '1010100': 11, '0100101': 5, '0010100': 12, '1101100': 7, '0001010': 8, '1110000': 5, '1101101': 5, '0000011': 6, '0011010': 9, '1010000': 8, '0101010': 10, '1011010': 7, '0101011': 7, '1000000': 6, '0011000': 10, '1000110': 6, '1111110': 7, '0110000': 6, '0100100': 6, '1010010': 14, '1000001': 5, '0011001': 12, '0000000': 3, '0100010': 9, '0010110': 12, '0110100': 6, '1010110': 5, '1111011': 7, '0001101': 14, '1110100': 9, '1100011': 6, '0010111': 9, '0011111': 4, '1111100': 7, '0010101': 4, '1110101': 6, '1111000': 8, '1111101': 5, '0111011': 11, '1111010': 4, '0000110': 11, '1101011': 5, '1001010': 9, '0000100': 5, '1000111': 6, '1000101': 8, '1001000': 4, '1100111': 5, '1101111': 3, '0100001': 8, '0101000': 6, '1110010': 7, '1011011': 6, '0011100': 4, '0100000': 1}"
vqe_7,1024,'0010110y',"{'1100000': 8, '1010010': 17, '0010000': 15, '1110011': 15, '0001011': 12, '1001001': 12, '0101110': 9, '0100011': 5, '0110001': 19, '0000001': 8, '1000011': 18, '1010111': 8, '1101010': 10, '1111000': 12, '0111010': 18, '0000111': 18, '0001000': 5, '1011111': 9, '0010001': 11, '0110110': 9, '0001100': 19, '1100010': 8, '0001101': 16, '0101001': 12, '1100101': 12, '0000110': 14, '1110110': 8, '0110101': 11, '0100111': 14, '1011000': 13, '0111011': 24, '1000100': 18, '0111101': 10, '0011011': 13, '1001110': 15, '0111110': 9, '0110000': 16, '1010101': 6, '0110111': 9, '0001001': 9, '1101001': 8, '0111100': 14, '1111111': 11, '1001101': 3, '1001111': 16, '1101110': 8, '0101101': 8, '1100001': 6, '1011101': 5, '1010011': 18, '1101000': 8, '1100100': 24, '1110111': 8, '0101100': 15, '1011110': 11, '1001100': 2, '1010000': 2, '0011101': 11, '1110010': 12, '1011011': 1, '1010100': 11, '0100110': 11, '0010100': 12, '0001010': 8, '0000011': 2, '0101010': 9, '1011001': 12, '0101011': 5, '1000010': 10, '1010110': 7, '1011100': 5, '1000000': 4, '0011001': 3, '1000101': 12, '0011100': 9, '0011010': 20, '0000000': 3, '0100010': 8, '0010110': 8, '0110100': 6, '1111001': 11, '1110100': 10, '0011110': 8, '0010101': 9, '1101101': 4, '1001011': 6, '1000001': 3, '1100011': 6, '1101111': 11, '1010001': 3, '1110101': 11, '0010111': 5, '0011111': 4, '0010010': 7, '1111100': 4, '1011010': 2, '1111110': 8, '0010011': 3, '0101000': 8, '1101011': 7, '1001010': 5, '1001000': 9, '0000010': 3, '0100001': 9, '0111111': 6, '0100100': 2, '1000111': 1, '0011000': 2, '1100111': 1, '0100000': 1, '1111101': 1, '1101100': 1, '1111010': 1, '0101111': 2}"
vqe_7,1024,'0010111y',"{'1100000': 8, '1010001': 20, '0010010': 9, '1110001': 15, '0001101': 4, '1001001': 11, '0101111': 14, '0100010': 12, '0110010': 17, '0000010': 8, '1000010': 9, '1010111': 7, '1010000': 15, '1101001': 13, '1111010': 13, '0111000': 24, '0000100': 13, '0001000': 6, '1011111': 9, '0010011': 15, '0110101': 15, '0001110': 19, '1000110': 23, '1100011': 5, '0001111': 16, '0101001': 8, '1100111': 13, '1110110': 10, '0100100': 12, '1011010': 13, '0111001': 20, '0111110': 10, '0011001': 16, '1001100': 15, '0111111': 15, '1010101': 6, '0110111': 5, '0001011': 5, '0001001': 10, '1101000': 12, '0111101': 3, '1111111': 5, '1001011': 14, '1001101': 16, '1001010': 11, '1101101': 13, '0100101': 13, '1100001': 7, '1011101': 8, '1100110': 23, '1010010': 3, '0110011': 18, '0101101': 2, '1011110': 9, '0101110': 16, '1001110': 2, '0000101': 18, '1110111': 10, '0011101': 8, '1000100': 1, '0011110': 10, '1110000': 12, '0111100': 6, '0010001': 5, '1011100': 7, '1100010': 5, '1101010': 6, '1010100': 10, '0010100': 9, '1101100': 8, '0110110': 10, '0000011': 9, '0101010': 9, '1011011': 13, '0101011': 10, '0010101': 9, '0001010': 5, '1000001': 9, '1000000': 7, '0010111': 15, '1000111': 10, '0011010': 3, '1111110': 4, '0011000': 19, '0000000': 2, '0110100': 7, '1111011': 12, '0010110': 12, '1110100': 6, '1101011': 6, '0011111': 4, '1111100': 8, '1110101': 4, '1100100': 2, '1111101': 10, '0111010': 1, '1110011': 2, '0100001': 8, '1010110': 3, '0100011': 5, '0101000': 3, '1001000': 4, '0001100': 1, '1100101': 1, '1010011': 5, '0101100': 2, '0011100': 3, '0100111': 1, '0011011': 1, '0010000': 2, '0100000': 1, '1000011': 4, '1110010': 1, '0000001': 1, '0110000': 2}"
vqe_7,1024,'0011000y',"{'1100000': 8, '1010001': 8, '0010001': 8, '1110011': 9, '0001100': 9, '1001001': 12, '0101111': 11, '0100011': 7, '0110001': 11, '0000001': 4, '1000011': 13, '1010111': 7, '1101001': 13, '1111001': 5, '0111001': 13, '0000101': 8, '0001000': 8, '1011111': 9, '0010011': 16, '0110110': 11, '0010010': 4, '1100010': 6, '0001111': 7, '0101001': 9, '1100110': 8, '1110110': 11, '0110101': 13, '0100110': 6, '0000010': 6, '1011001': 7, '0111010': 12, '1000100': 11, '0111110': 6, '0011011': 10, '1001101': 11, '0111111': 13, '1010101': 6, '0110111': 7, '0001011': 6, '0001001': 6, '0111101': 8, '0111000': 7, '1111111': 7, '1001100': 8, '1001111': 8, '1101110': 9, '0111100': 9, '0100111': 8, '0100101': 6, '1000010': 10, '0101110': 7, '1100001': 7, '1011101': 8, '1010011': 9, '1101000': 10, '1100100': 8, '1100101': 16, '0110011': 8, '1110111': 7, '0101100': 7, '1011110': 9, '0101101': 10, '1001011': 8, '1001110': 10, '0000111': 7, '0110010': 10, '0011101': 11, '1110001': 7, '0001110': 9, '1011000': 6, '0010000': 8, '1011100': 6, '1101010': 6, '1010100': 11, '0010100': 11, '1101101': 6, '0001010': 9, '1110000': 5, '0000011': 6, '0011010': 8, '1010000': 9, '0101010': 10, '1011010': 8, '0101011': 7, '1000000': 6, '0011000': 9, '1000110': 6, '1111110': 7, '0110000': 6, '0100100': 6, '1010010': 14, '1000001': 5, '0011001': 13, '0000000': 3, '0100010': 9, '0010110': 12, '0110100': 6, '1010110': 5, '1111011': 7, '0001101': 14, '1110100': 9, '0011110': 8, '1101100': 6, '1100011': 6, '0010111': 10, '0011111': 4, '1111100': 7, '0010101': 4, '1110101': 6, '1111000': 8, '1111101': 5, '0111011': 11, '1111010': 5, '0000110': 10, '1101011': 5, '1001010': 10, '0000100': 5, '1000111': 6, '1000101': 8, '1001000': 4, '1100111': 5, '1101111': 3, '0100001': 8, '0101000': 6, '1110010': 7, '1011011': 6, '0011100': 4, '0100000': 1}"
vqe_7,1024,'0011001y',"{'1100000': 8, '1010001': 9, '0010001': 8, '1110011': 9, '0001100': 9, '1001001': 12, '0101111': 11, '0100011': 7, '0110001': 11, '0000001': 4, '1000011': 13, '1010111': 7, '1101001': 13, '1111001': 5, '0111001': 13, '0000101': 8, '0001000': 8, '1011111': 9, '0010011': 16, '0110110': 11, '0010010': 4, '1100010': 6, '0001111': 7, '0101001': 9, '1100110': 8, '1110110': 11, '0110101': 13, '0100110': 6, '0000010': 6, '1011001': 8, '0111010': 12, '1000100': 11, '0111110': 6, '0011011': 10, '1001101': 11, '0111111': 13, '1010101': 6, '0110111': 7, '0001011': 7, '0001001': 6, '0111101': 8, '0111000': 7, '1111111': 7, '1001100': 8, '1001111': 7, '1101110': 9, '0111100': 9, '0100111': 8, '0100101': 6, '1000010': 10, '0101110': 7, '1100001': 7, '1011101': 8, '1010011': 9, '1101000': 10, '1100100': 8, '1100101': 16, '0110011': 8, '1110111': 7, '0101100': 7, '1011110': 9, '0101101': 10, '1001011': 9, '1001110': 11, '0000111': 7, '0110010': 10, '0011101': 9, '0011110': 10, '1110001': 7, '0001110': 9, '1011000': 6, '0010000': 8, '1011100': 6, '1101010': 6, '1010100': 11, '0010100': 12, '1101101': 6, '0001010': 8, '1110000': 5, '0000011': 6, '0011010': 8, '1010000': 8, '0101010': 10, '1011010': 7, '0101011': 7, '1000000': 6, '0011000': 9, '1000110': 6, '1111110': 7, '0110000': 6, '0100100': 6, '1010010': 14, '1000001': 5, '0011001': 13, '0000000': 3, '0100010': 9, '0010110': 12, '0110100': 6, '1010110': 5, '1111011': 7, '0001101': 14, '1110100': 9, '1101100': 6, '1100011': 6, '0010111': 9, '0011111': 4, '1111100': 7, '0010101': 4, '1110101': 6, '1111000': 8, '1111101': 5, '0111011': 11, '1111010': 5, '0000110': 10, '1101011': 5, '1001010': 9, '0000100': 5, '1000111': 6, '1000101': 8, '1001000': 4, '1100111': 5, '1101111': 3, '0100001': 8, '0101000': 6, '1110010': 7, '1011011': 6, '0011100': 4, '0100000': 1}"
vqe_7,1024,'0011010y',"{'1100000': 8, '1010010': 17, '0010000': 13, '1110011': 15, '0001100': 20, '1001001': 12, '0101111': 3, '0100011': 5, '0110001': 17, '0000001': 8, '1000011': 17, '1010111': 8, '1101010': 9, '1111000': 13, '0111010': 18, '0000111': 19, '0001000': 5, '1011111': 9, '0010001': 10, '0110110': 9, '1100010': 8, '0001101': 17, '0101001': 12, '1100101': 12, '0000110': 13, '1110101': 13, '0110101': 11, '0100111': 14, '1011000': 13, '0111011': 24, '1000100': 18, '0111101': 10, '0011011': 13, '1001110': 14, '0111110': 9, '0110000': 17, '1010101': 5, '0110111': 9, '0001011': 9, '0001010': 10, '1101001': 8, '0111100': 14, '1111111': 11, '1001100': 4, '1001111': 18, '1101110': 13, '0101101': 11, '1100001': 6, '1011101': 5, '1010011': 17, '1101000': 9, '1100100': 23, '1110111': 8, '0101100': 12, '1011110': 11, '1001011': 5, '1000010': 11, '1110110': 6, '0011101': 11, '0001111': 2, '1110010': 11, '1011011': 1, '0101110': 6, '1010100': 11, '0100110': 11, '0010100': 12, '1110000': 1, '0000011': 3, '0001001': 6, '1010001': 4, '0101010': 9, '1011001': 12, '0101011': 6, '1010110': 7, '1011100': 5, '1000000': 4, '0011001': 5, '1000101': 13, '0011100': 9, '0011010': 20, '0000000': 3, '0100010': 7, '0010110': 9, '0110100': 6, '1111001': 11, '1110100': 9, '0011110': 8, '0010101': 8, '1101100': 3, '1000001': 3, '1100011': 7, '1101111': 6, '0010111': 4, '0011111': 4, '0010011': 5, '1001010': 7, '1111100': 4, '0010010': 8, '1011010': 2, '1111110': 8, '0101000': 7, '1101011': 7, '1110001': 1, '0110010': 3, '1001000': 9, '0000010': 2, '0100001': 10, '0111111': 6, '1101101': 2, '0100100': 2, '1100110': 1, '0011000': 1, '0100000': 1, '1111101': 1, '1001101': 1, '1010000': 1}"
vqe_7,1024,'0011011y',"{'1100000': 8, '1010001': 18, '0010010': 9, '1110001': 16, '0001100': 4, '1001010': 14, '0101111': 15, '0100010': 13, '0110010': 17, '0000010': 8, '1000010': 10, '1010111': 2, '1010000': 15, '1101001': 14, '1111010': 13, '0111000': 25, '0000100': 13, '0000101': 19, '1011111': 8, '0010011': 17, '0110101': 14, '0001110': 19, '1000110': 23, '1100011': 5, '0001111': 15, '0101001': 7, '1100111': 14, '1110110': 13, '0110100': 10, '0100100': 12, '1011010': 12, '0111001': 19, '0111110': 10, '0011001': 17, '1001100': 17, '0111111': 15, '1010101': 5, '0110111': 4, '0001011': 5, '0001001': 11, '1101000': 11, '0111101': 3, '1111111': 6, '1001101': 17, '1101101': 13, '0100101': 13, '1100001': 7, '1011000': 5, '1011101': 9, '1010010': 7, '1100110': 22, '0110011': 17, '0101101': 3, '1011110': 9, '1001011': 11, '0101110': 16, '1110111': 10, '0011101': 8, '1000101': 1, '0011110': 10, '0111100': 6, '0010000': 6, '1011100': 7, '1100010': 5, '1101010': 5, '1010100': 10, '1110000': 11, '0001000': 6, '0010100': 8, '1101100': 9, '0110110': 10, '0000011': 9, '0101010': 9, '1011011': 14, '0101011': 9, '0010101': 7, '1000001': 8, '1000000': 7, '0010111': 15, '1000111': 10, '1111110': 3, '0011000': 19, '0000000': 2, '1010110': 5, '1111011': 10, '0010110': 12, '1110100': 8, '0010001': 2, '0011111': 4, '1111100': 10, '1100100': 2, '1111101': 10, '1001001': 8, '1101011': 5, '0100001': 7, '0100011': 5, '0001010': 4, '0101000': 5, '1001000': 4, '1100101': 1, '1010011': 4, '0101100': 2, '0011100': 3, '0100111': 1, '0011011': 1, '1101110': 1, '1110101': 1, '0100000': 1, '0011010': 2, '1000011': 4, '0110000': 1, '1110011': 1, '0000001': 1, '0001101': 1}"
vqe_7,1024,'0011100y',"{'1100000': 8, '1010001': 9, '0010001': 8, '1110011': 9, '0001100': 9, '1001001': 12, '0101111': 11, '0100011': 7, '0110001': 11, '0000001': 4, '1000011': 13, '1010111': 7, '1101001': 13, '1111001': 5, '0111001': 13, '0000101': 8, '0001000': 8, '1011111': 9, '0010011': 16, '0110110': 11, '0010010': 4, '1100010': 6, '0001111': 7, '0101001': 9, '1100110': 8, '1110110': 11, '0110101': 13, '0100110': 6, '0000010': 6, '1011001': 8, '0111010': 12, '1000100': 11, '0111110': 6, '0011011': 10, '1001101': 11, '0111111': 13, '1010101': 6, '0110111': 7, '0001011': 7, '0001001': 6, '0111101': 8, '0111000': 7, '1111111': 7, '1001100': 8, '1001111': 7, '1101110': 9, '0111100': 9, '0100111': 8, '0100101': 6, '1000010': 10, '0101110': 7, '1100001': 7, '1011101': 8, '1010011': 9, '1101000': 10, '1100100': 8, '1100101': 16, '0110011': 8, '1110111': 7, '0101100': 7, '1011110': 9, '0101101': 10, '1001011': 9, '1001110': 11, '0000111': 7, '0110010': 10, '0011101': 9, '0011110': 10, '1110001': 7, '0001110': 9, '1011000': 6, '0010000': 8, '1011100': 6, '1101010': 6, '1010100': 11, '0010100': 12, '1101101': 6, '0001010': 8, '1110000': 5, '0000011': 6, '0011010': 8, '1010000': 8, '0101010': 10, '1011010': 7, '0101011': 7, '1000000': 6, '0011000': 9, '1000110': 6, '1111110': 7, '0110000': 6, '0100100': 6, '1010010': 14, '1000001': 5, '0011001': 13, '0000000': 3, '0100010': 9, '0010110': 12, '0110100': 6, '1010110': 5, '1111011': 7, '0001101': 14, '1110100': 9, '1101100': 6, '1100011': 6, '0010111': 9, '0011111': 4, '1111100': 7, '0010101': 4, '1110101': 6, '1111000': 8, '1111101': 5, '0111011': 11, '1111010': 5, '0000110': 10, '1101011': 5, '1001010': 9, '0000100': 5, '1000111': 6, '1000101': 8, '1001000': 4, '1100111': 5, '1101111': 3, '0100001': 8, '0101000': 6, '1110010': 7, '1011011': 6, '0011100': 4, '0100000': 1}"
vqe_7,1024,'0011101y',"{'1100000': 8, '1010001': 8, '0010001': 8, '1110011': 9, '0001100': 9, '1001001': 12, '0101111': 11, '0100011': 7, '0110001': 11, '0000001': 4, '1000011': 13, '1010111': 7, '1101001': 13, '1111001': 5, '0111001': 13, '0000101': 8, '0001000': 8, '1011111': 9, '0010011': 16, '0110110': 11, '0010010': 4, '1100010': 6, '0001111': 7, '0101001': 9, '1100110': 8, '1110110': 11, '0110101': 13, '0100110': 6, '0000010': 6, '1011001': 7, '0111010': 12, '1000100': 11, '0111110': 6, '0011011': 10, '1001101': 11, '0111111': 13, '1010101': 6, '0110111': 7, '0001011': 6, '0001001': 6, '0111101': 8, '0111000': 7, '1111111': 7, '1001100': 8, '1001111': 8, '1101110': 9, '0111100': 9, '0100111': 8, '0100101': 6, '1000010': 10, '0101110': 7, '1100001': 7, '1011101': 8, '1010011': 9, '1101000': 10, '1100100': 8, '1100101': 16, '0110011': 8, '1110111': 7, '0101100': 7, '1011110': 9, '0101101': 10, '1001011': 8, '1001110': 10, '0000111': 7, '0110010': 10, '0011101': 11, '1110001': 7, '0001110': 9, '1011000': 6, '0010000': 8, '1011100': 6, '1101010': 6, '1010100': 11, '0010100': 11, '1101101': 6, '0001010': 9, '1110000': 5, '0000011': 6, '0011010': 8, '1010000': 9, '0101010': 10, '1011010': 8, '0101011': 7, '1000000': 6, '0011000': 9, '1000110': 6, '1111110': 7, '0110000': 6, '0100100': 6, '1010010': 14, '1000001': 5, '0011001': 13, '0000000': 3, '0100010': 9, '0010110': 12, '0110100': 6, '1010110': 5, '1111011': 7, '0001101': 14, '1110100': 9, '0011110': 8, '1101100': 6, '1100011': 6, '0010111': 10, '0011111': 4, '1111100': 7, '0010101': 4, '1110101': 6, '1111000': 8, '1111101': 5, '0111011': 11, '1111010': 5, '0000110': 10, '1101011': 5, '1001010': 10, '0000100': 5, '1000111': 6, '1000101': 8, '1001000': 4, '1100111': 5, '1101111': 3, '0100001': 8, '0101000': 6, '1110010': 7, '1011011': 6, '0011100': 4, '0100000': 1}"
vqe_7,1024,'0011110y',"{'1100000': 8, '1010001': 19, '0010010': 9, '1110001': 16, '0001100': 4, '1001010': 14, '0101111': 15, '0100010': 12, '0110010': 16, '0000010': 8, '1000010': 10, '1010111': 2, '1101001': 14, '1111010': 13, '0111000': 25, '0000100': 13, '0000101': 19, '1011111': 8, '0010011': 17, '0110101': 14, '0001110': 19, '1000110': 23, '1100011': 5, '0001111': 15, '0101001': 7, '1100111': 14, '1110110': 13, '0110100': 10, '0100100': 12, '1011010': 12, '0111001': 19, '0111110': 10, '0011001': 17, '1001100': 18, '0111111': 15, '1010101': 5, '0110111': 4, '0001011': 5, '0001001': 11, '1101000': 11, '0111101': 3, '1111111': 6, '1001101': 17, '1101101': 13, '0100101': 13, '1100001': 7, '1011000': 5, '1011101': 9, '1010010': 7, '1100110': 23, '0110011': 17, '0101101': 3, '1011110': 9, '0101110': 16, '1010000': 14, '1001011': 10, '1110111': 10, '0011101': 8, '1000101': 1, '0011110': 10, '0111100': 6, '0010000': 6, '1011100': 7, '1100010': 5, '1101010': 5, '1010100': 10, '1110000': 11, '0001000': 6, '0010100': 8, '1101100': 10, '0110110': 10, '0000011': 9, '0101010': 9, '1011011': 14, '0101011': 9, '0010101': 7, '1000001': 8, '1000000': 7, '0010111': 14, '1000111': 10, '1111110': 3, '0011000': 19, '0000000': 2, '0010110': 13, '1010110': 5, '1111011': 10, '1110100': 8, '0010001': 2, '0011111': 4, '1111100': 10, '1100100': 2, '1111101': 10, '1001001': 8, '1101011': 4, '0100001': 8, '0100011': 5, '0001010': 4, '0101000': 5, '1001000': 4, '1010011': 4, '0101100': 2, '0011100': 3, '0100111': 1, '0011011': 1, '0110001': 1, '1101110': 1, '1110101': 1, '0100000': 1, '0011010': 2, '1000011': 4, '0110000': 1, '1110011': 1, '0000001': 1, '0001101': 1}"
vqe_7,1024,'0011111y',"{'1100000': 8, '1010010': 17, '0010000': 13, '1110011': 15, '0001100': 20, '1001001': 12, '0101111': 3, '0100011': 5, '0110001': 17, '0000001': 8, '1000011': 17, '1010111': 8, '1101010': 9, '1111000': 13, '0111010': 18, '0000111': 19, '0001000': 5, '1011111': 9, '0010001': 10, '0110110': 10, '1100010': 8, '0001101': 16, '0101001': 12, '1100101': 11, '0000110': 13, '1110101': 13, '0110101': 11, '0100111': 14, '1011000': 13, '0111011': 24, '1000100': 18, '0111101': 10, '0011011': 13, '1001110': 14, '0111110': 9, '0110000': 17, '1010101': 5, '0110111': 9, '0001011': 9, '0001010': 11, '1101001': 8, '0111100': 14, '1111111': 11, '1001100': 4, '1001111': 18, '1101110': 13, '0101101': 11, '1100001': 6, '1011101': 5, '1010011': 17, '1101000': 9, '1100100': 24, '1110111': 8, '0101100': 12, '1011110': 11, '1001011': 5, '1000010': 11, '1110110': 6, '0011101': 11, '0001111': 2, '1110010': 11, '1011011': 1, '0101110': 6, '1010100': 11, '0100110': 11, '0010100': 12, '1110000': 1, '0000011': 3, '0001001': 5, '1010001': 4, '0101010': 9, '1011001': 12, '0101011': 6, '1010110': 7, '1011100': 5, '1000000': 4, '0011001': 5, '1000101': 13, '0011100': 9, '0011010': 20, '0000000': 3, '0100010': 8, '0010110': 9, '0110100': 5, '1111001': 11, '1110100': 9, '0011110': 8, '0010101': 8, '1101100': 3, '1000001': 3, '1100011': 7, '1101111': 6, '0010111': 4, '0011111': 4, '0010011': 5, '1001010': 7, '1111100': 4, '0010010': 8, '1011010': 2, '1111110': 8, '0101000': 7, '0001110': 1, '1101011': 7, '1110001': 1, '0110010': 3, '1001000': 9, '0000010': 2, '0100001': 9, '0111111': 6, '1101101': 2, '0100100': 2, '1100110': 1, '0011000': 1, '0100000': 1, '1111101': 1, '1001101': 1, '1010000': 1}"
vqe_7,1024,'0100000y',"{'1100000': 8, '1010001': 8, '0010001': 8, '1110011': 9, '0001100': 9, '1001001': 12, '0101111': 12, '0100011': 7, '0110001': 12, '0000001': 4, '1000011': 13, '1010111': 7, '1101001': 13, '1111001': 6, '0111001': 14, '0000110': 12, '0001000': 8, '1011111': 9, '0010011': 15, '0110110': 13, '0010010': 5, '1100010': 6, '0001111': 7, '0101001': 10, '1100110': 9, '0000101': 6, '1110110': 12, '0110101': 11, '0100110': 7, '0000010': 6, '1011001': 8, '0111010': 11, '1000100': 11, '0111110': 7, '0011011': 9, '1001101': 11, '0111111': 13, '1010101': 4, '0110111': 7, '0001011': 6, '0001001': 7, '0111101': 7, '0111000': 7, '1111111': 8, '1001100': 8, '1001111': 9, '1101110': 10, '0111100': 9, '0100111': 8, '1000010': 9, '0101110': 6, '1100001': 7, '1011101': 6, '1010011': 9, '1101000': 10, '1100100': 7, '1100101': 16, '0110011': 8, '1110111': 7, '0101100': 5, '1011110': 11, '0101101': 12, '1001011': 8, '1001110': 9, '0000111': 7, '0110010': 9, '0011101': 9, '0011110': 10, '1110001': 7, '0001110': 10, '1011000': 6, '0010000': 8, '1011100': 6, '1101010': 6, '1010100': 11, '0100101': 6, '0010100': 9, '1101101': 5, '0001010': 8, '1110000': 5, '0000011': 6, '0011010': 9, '1010000': 9, '0101010': 10, '1011010': 7, '0101011': 6, '1010110': 7, '1000000': 7, '0011000': 11, '1000110': 6, '1111110': 6, '0110000': 6, '1010010': 14, '1000001': 5, '0011001': 11, '0000000': 3, '0100010': 8, '0010110': 11, '0110100': 6, '1111011': 7, '0001101': 13, '1110100': 8, '1101100': 6, '0010111': 11, '1100011': 6, '0100100': 5, '0011111': 4, '1111100': 7, '0010101': 6, '1110101': 6, '1111000': 8, '1111101': 5, '0111011': 11, '1111010': 4, '1101011': 5, '1001010': 10, '0000100': 5, '1000111': 6, '1000101': 8, '1001000': 4, '1100111': 5, '1101111': 3, '0100001': 9, '0101000': 6, '1110010': 7, '1011011': 6, '0011100': 4, '0100000': 1}"
vqe_7,1024,'0100001y',"{'1100000': 8, '1010001': 8, '0010001': 8, '1110011': 9, '0001100': 9, '1001001': 12, '0101111': 12, '0100011': 7, '0110001': 12, '0000001': 4, '1000011': 13, '1010111': 7, '1101001': 13, '1111001': 6, '0111001': 14, '0000110': 12, '0001000': 8, '1011111': 9, '0010011': 15, '0110110': 13, '0010010': 5, '1100010': 6, '0001111': 7, '0101001': 10, '1100110': 9, '0000101': 6, '1110110': 13, '0110101': 11, '0100110': 7, '0000010': 6, '1011001': 8, '0111010': 11, '1000100': 11, '0111110': 7, '0011011': 9, '1001101': 11, '0111111': 13, '1010101': 4, '0110111': 7, '0001011': 6, '0001001': 7, '0111101': 7, '0111000': 7, '1111111': 7, '1001100': 8, '1001111': 9, '1101110': 10, '0111100': 9, '0100111': 8, '1000010': 10, '0101110': 6, '1100001': 7, '1011101': 6, '1010011': 9, '1101000': 10, '1100100': 7, '1100101': 16, '0110011': 8, '1110111': 7, '0101100': 5, '1011110': 11, '0101101': 12, '1001011': 8, '1001110': 9, '0000111': 7, '0110010': 9, '0011101': 9, '0011110': 10, '1110001': 7, '0001110': 10, '1011000': 6, '0010000': 8, '1011100': 6, '1101010': 6, '1010100': 11, '0100101': 6, '0010100': 9, '1101101': 5, '0001010': 8, '1110000': 5, '0000011': 6, '0011010': 9, '1010000': 9, '0101010': 10, '1011010': 7, '0101011': 6, '1010110': 7, '1000000': 7, '0011000': 11, '1000110': 6, '1111110': 7, '0110000': 6, '1010010': 14, '1000001': 4, '0011001': 11, '0000000': 3, '0100010': 8, '0010110': 11, '0110100': 6, '1111011': 7, '0001101': 13, '1110100': 8, '1101100': 6, '0010111': 11, '1100011': 6, '0100100': 5, '0011111': 4, '1111100': 7, '0010101': 6, '1110101': 5, '1111000': 8, '1111101': 5, '0111011': 11, '1111010': 4, '1101011': 5, '1001010': 10, '0000100': 5, '1000111': 6, '1000101': 8, '1001000': 4, '1100111': 5, '1101111': 3, '0100001': 9, '0101000': 6, '1110010': 7, '1011011': 6, '0011100': 4, '0100000': 1}"
vqe_7,1024,'0100010y',"{'1100000': 10, '1010001': 19, '0010010': 11, '1110001': 16, '0001011': 9, '1001001': 9, '0101111': 15, '0100011': 8, '0110010': 16, '0000010': 6, '1000001': 14, '1010111': 7, '1101001': 13, '1111010': 13, '0111000': 18, '0000101': 20, '0001000': 9, '1011111': 8, '0010011': 17, '0110110': 10, '0001110': 20, '1000011': 6, '1100010': 7, '0001111': 14, '0101001': 11, '1100111': 12, '0000100': 12, '1110110': 14, '0110101': 12, '0100101': 11, '0000011': 7, '1011010': 16, '0111001': 24, '1000110': 18, '0111111': 16, '0011001': 14, '1001101': 19, '1010101': 6, '0110111': 5, '0001001': 10, '1101000': 11, '0111110': 11, '1111110': 4, '1001100': 15, '1001010': 11, '1101101': 13, '0111101': 7, '0100111': 3, '1100001': 6, '1011101': 8, '1010010': 4, '1100110': 24, '1010011': 3, '0110011': 17, '1110111': 10, '0101100': 2, '1011110': 8, '0101110': 15, '1010000': 14, '0011101': 7, '0011110': 12, '0010000': 8, '1011011': 11, '1111111': 3, '1101010': 4, '1010100': 13, '1110000': 11, '0100100': 12, '0010100': 9, '1101100': 8, '0101010': 12, '0101011': 6, '0001010': 6, '1011100': 6, '1000000': 9, '0011000': 23, '0101101': 2, '1000111': 12, '0011100': 6, '1111101': 7, '0000000': 2, '0010111': 10, '0110100': 8, '1010110': 5, '1111011': 11, '0100010': 8, '1110100': 9, '0010110': 11, '1001011': 9, '1100011': 5, '0011011': 1, '0011111': 6, '1011000': 2, '1111100': 10, '1110101': 4, '0010101': 4, '0101000': 5, '0111100': 5, '1101011': 5, '1001110': 2, '1001000': 4, '1101110': 3, '1000010': 6, '0100001': 6, '0110000': 2, '0011010': 1, '0100000': 1, '0100110': 1, '0000001': 1, '1100100': 1, '0001101': 1}"
vqe_7,1024,'0100011y',"{'1100000': 7, '1010010': 20, '0010000': 13, '1110011': 15, '0001100': 20, '1001001': 18, '0101111': 9, '0100010': 10, '0110001': 17, '0000001': 8, '1000011': 16, '1010111': 8, '1101010': 10, '1111000': 13, '0111010': 25, '0000110': 13, '0001000': 6, '1011111': 12, '0010001': 10, '0110110': 12, '1000100': 23, '1100011': 6, '0001110': 3, '0101001': 12, '1100101': 18, '1110110': 8, '0110101': 12, '0100110': 11, '1011000': 11, '0111011': 19, '0111101': 10, '0011011': 19, '1001110': 14, '0111110': 9, '0110000': 17, '1010101': 4, '0110111': 8, '0001011': 6, '0001001': 6, '1101001': 11, '0111100': 11, '1111111': 11, '1001011': 8, '1001111': 18, '1101110': 13, '0100111': 14, '0101101': 14, '1100010': 8, '1011101': 7, '1010011': 16, '1101000': 8, '1100100': 19, '0101100': 11, '1011110': 9, '0000111': 18, '1110111': 6, '0011101': 10, '0001111': 2, '1110010': 13, '0001101': 15, '1011100': 5, '1010100': 7, '0010100': 14, '0001010': 7, '1110000': 2, '0000010': 3, '0011010': 19, '1010001': 5, '0101010': 7, '1011001': 13, '0101011': 5, '1000010': 7, '1010110': 6, '1000000': 4, '0010111': 10, '1000101': 11, '0000000': 5, '0010110': 10, '0110100': 5, '1111001': 12, '1110100': 7, '0011110': 9, '0010101': 10, '1101011': 8, '1101111': 5, '1010000': 3, '1110101': 9, '0100101': 1, '0011111': 2, '1001010': 8, '1111101': 4, '0010011': 5, '0010010': 4, '1111110': 9, '1111100': 3, '0000011': 4, '0110011': 2, '1001000': 6, '0100001': 11, '0111111': 4, '0100011': 4, '1101100': 2, '0101000': 6, '1100001': 4, '1011010': 2, '0011000': 1, '0011100': 4, '0110010': 1, '1000001': 2, '0100000': 1, '1001100': 1, '1100111': 1, '0011001': 1, '0111001': 1, '1101101': 1, '1100110': 1}"
vqe_7,1024,'0100100y',"{'1100000': 8, '1010001': 8, '0010001': 8, '1110011': 9, '0001100': 9, '1001001': 12, '0101111': 12, '0100011': 7, '0110001': 12, '0000001': 4, '1000011': 13, '1010111': 7, '1101001': 13, '1111001': 6, '0111001': 14, '0000110': 12, '0001000': 8, '1011111': 9, '0010011': 15, '0110110': 13, '0010010': 5, '1100010': 6, '0001111': 7, '0101001': 10, '1100110': 9, '0000101': 6, '1110110': 13, '0110101': 11, '0100110': 7, '0000010': 6, '1011001': 8, '0111010': 11, '1000100': 11, '0111110': 7, '0011011': 9, '1001101': 11, '0111111': 13, '1010101': 4, '0110111': 7, '0001011': 6, '0001001': 7, '0111101': 7, '0111000': 7, '1111111': 7, '1001100': 8, '1001111': 9, '1101110': 10, '0111100': 9, '0100111': 8, '1000010': 10, '0101110': 6, '1100001': 7, '1011101': 6, '1010011': 9, '1101000': 10, '1100100': 7, '1100101': 16, '0110011': 8, '1110111': 7, '0101100': 5, '1011110': 11, '0101101': 12, '1001011': 8, '1001110': 9, '0000111': 7, '0110010': 9, '0011101': 9, '0011110': 10, '1110001': 7, '0001110': 10, '1011000': 6, '0010000': 8, '1011100': 6, '1101010': 6, '1010100': 11, '0100101': 6, '0010100': 9, '1101101': 5, '0001010': 8, '1110000': 5, '0000011': 6, '0011010': 9, '1010000': 9, '0101010': 10, '1011010': 7, '0101011': 6, '1010110': 7, '1000000': 7, '0011000': 11, '1000110': 6, '1111110': 7, '0110000': 6, '1010010': 14, '1000001': 4, '0011001': 11, '0000000': 3, '0100010': 8, '0010110': 11, '0110100': 6, '1111011': 7, '0001101': 13, '1110100': 8, '1101100': 6, '0010111': 11, '1100011': 6, '0100100': 5, '0011111': 4, '1111100': 7, '0010101': 6, '1110101': 5, '1111000': 8, '1111101': 5, '0111011': 11, '1111010': 4, '1101011': 5, '1001010': 10, '0000100': 5, '1000111': 6, '1000101': 8, '1001000': 4, '1100111': 5, '1101111': 3, '0100001': 9, '0101000': 6, '1110010': 7, '1011011': 6, '0011100': 4, '0100000': 1}"
vqe_7,1024,'0100101y',"{'1100000': 8, '1010001': 8, '0010001': 8, '1110011': 9, '0001100': 9, '1001001': 12, '0101111': 12, '0100011': 7, '0110001': 12, '0000001': 4, '1000011': 13, '1010111': 7, '1101001': 13, '1111001': 6, '0111001': 14, '0000110': 12, '0001000': 8, '1011111': 9, '0010011': 15, '0110110': 13, '0010010': 5, '1100010': 6, '0001111': 7, '0101001': 10, '1100110': 9, '0000101': 6, '1110110': 12, '0110101': 11, '0100110': 7, '0000010': 6, '1011001': 8, '0111010': 11, '1000100': 11, '0111110': 7, '0011011': 9, '1001101': 11, '0111111': 13, '1010101': 4, '0110111': 7, '0001011': 6, '0001001': 7, '0111101': 7, '0111000': 7, '1111111': 8, '1001100': 8, '1001111': 9, '1101110': 10, '0111100': 9, '0100111': 8, '1000010': 9, '0101110': 6, '1100001': 7, '1011101': 6, '1010011': 9, '1101000': 10, '1100100': 7, '1100101': 16, '0110011': 8, '1110111': 7, '0101100': 5, '1011110': 11, '0101101': 12, '1001011': 8, '1001110': 9, '0000111': 7, '0110010': 9, '0011101': 9, '0011110': 10, '1110001': 7, '0001110': 10, '1011000': 6, '0010000': 8, '1011100': 6, '1101010': 6, '1010100': 11, '0100101': 6, '0010100': 9, '1101101': 5, '0001010': 8, '1110000': 5, '0000011': 6, '0011010': 9, '1010000': 9, '0101010': 10, '1011010': 7, '0101011': 6, '1010110': 7, '1000000': 7, '0011000': 11, '1000110': 6, '1111110': 6, '0110000': 6, '1010010': 14, '1000001': 5, '0011001': 11, '0000000': 3, '0100010': 8, '0010110': 11, '0110100': 6, '1111011': 7, '0001101': 13, '1110100': 8, '1101100': 6, '0010111': 11, '1100011': 6, '0100100': 5, '0011111': 4, '1111100': 7, '0010101': 6, '1110101': 6, '1111000': 8, '1111101': 5, '0111011': 11, '1111010': 4, '1101011': 5, '1001010': 10, '0000100': 5, '1000111': 6, '1000101': 8, '1001000': 4, '1100111': 5, '1101111': 3, '0100001': 9, '0101000': 6, '1110010': 7, '1011011': 6, '0011100': 4, '0100000': 1}"
vqe_7,1024,'0100110y',"{'1100000': 7, '1010010': 20, '0010000': 13, '1110011': 15, '0001100': 20, '1001001': 18, '0101111': 9, '0100010': 10, '0110001': 19, '0000001': 8, '1000011': 16, '1010111': 8, '1101010': 10, '1111000': 13, '0111010': 25, '0000110': 13, '0001000': 6, '1011111': 10, '0010010': 5, '0110110': 12, '0010001': 9, '1000100': 23, '1100011': 6, '0001110': 2, '0101001': 12, '1100101': 18, '1110110': 8, '0110101': 12, '0100110': 11, '1011000': 11, '0111011': 19, '0111101': 10, '0011011': 19, '1001110': 14, '0111110': 9, '0110000': 15, '1010101': 4, '0110111': 8, '0001011': 6, '0001001': 6, '1101001': 10, '0111100': 11, '1111111': 11, '1001011': 8, '1001111': 18, '1101110': 13, '0100111': 13, '0101101': 14, '1100010': 8, '1011101': 7, '1010011': 16, '1101000': 9, '1100100': 19, '0101100': 11, '1011110': 11, '0000111': 18, '1110111': 6, '0011101': 10, '0001111': 3, '1110010': 13, '0001101': 15, '1011100': 5, '1010100': 7, '0010100': 13, '0001010': 7, '1110000': 2, '0000010': 3, '0011010': 19, '1010001': 5, '0101010': 6, '1011001': 13, '0101011': 6, '0010101': 11, '1000010': 7, '1010110': 6, '1000000': 4, '0010111': 10, '1000101': 11, '0000000': 5, '0010110': 10, '0110100': 5, '1111001': 12, '1110100': 7, '0011110': 9, '1101011': 8, '1101111': 5, '1010000': 3, '1110101': 9, '0100101': 1, '0011111': 2, '1001010': 8, '1111101': 4, '0010011': 5, '1111110': 9, '1111100': 3, '0000011': 4, '0110011': 2, '1001000': 6, '0100001': 11, '0111111': 4, '0100011': 4, '1101100': 2, '0101000': 7, '1100001': 4, '1011010': 2, '0011000': 1, '0011100': 4, '0110010': 1, '1000001': 2, '0100000': 1, '1001100': 1, '1100111': 1, '0011001': 1, '0111001': 1, '1101101': 1, '1100110': 1}"
vqe_7,1024,'0100111y',"{'1100000': 10, '1010001': 19, '0010010': 11, '1110001': 16, '0001011': 9, '1001001': 9, '0101111': 15, '0100011': 8, '0110010': 17, '0000010': 6, '1000001': 14, '1010111': 7, '1101001': 13, '1111010': 13, '0111000': 18, '0000101': 20, '0001000': 9, '1011111': 8, '0010011': 17, '0110110': 10, '0001110': 20, '1000011': 6, '1100010': 7, '0001111': 14, '0101001': 11, '1100111': 12, '0000100': 12, '1110110': 14, '0110101': 12, '0100101': 11, '0000011': 7, '1011010': 16, '0111001': 24, '1000110': 18, '0111111': 16, '0011001': 14, '1001101': 19, '1010101': 6, '0110111': 5, '0001001': 10, '1101000': 11, '0111110': 11, '1111110': 4, '1001100': 15, '1001010': 11, '1101101': 13, '0111101': 7, '0100111': 3, '1100001': 6, '1011101': 8, '1010010': 4, '1100110': 24, '1010011': 3, '0110011': 16, '1110111': 10, '0101100': 2, '1011110': 8, '0101110': 15, '1010000': 14, '0011101': 7, '0011110': 13, '0010000': 8, '1011011': 11, '1111111': 3, '1101010': 4, '1010100': 13, '1110000': 11, '0100100': 12, '0010100': 9, '1101100': 8, '0101010': 12, '0101011': 6, '0001010': 6, '1011100': 6, '1000000': 9, '0011000': 23, '0101101': 2, '1000111': 12, '0011100': 6, '1111101': 7, '0000000': 2, '0010111': 10, '0110100': 8, '1010110': 5, '1111011': 11, '0100010': 8, '1110100': 9, '0010110': 11, '1001011': 9, '1100011': 5, '0011011': 1, '0011111': 5, '1011000': 2, '1111100': 10, '1110101': 4, '0010101': 4, '0101000': 5, '0111100': 5, '1101011': 5, '1001111': 1, '1001000': 4, '1101110': 3, '1000010': 6, '0100001': 6, '0110000': 2, '0011010': 1, '0100000': 1, '0100110': 1, '0000001': 1, '1001110': 1, '1100100': 1, '0001101': 1}"
vqe_7,1024,'0101000y',"{'1100000': 8, '1010001': 8, '0010001': 8, '1110011': 9, '0001100': 9, '1001001': 12, '0101111': 12, '0100011': 7, '0110001': 12, '0000001': 4, '1000011': 13, '1010111': 7, '1101001': 13, '1111001': 6, '0111001': 14, '0000110': 11, '0001000': 8, '1011111': 9, '0010011': 15, '0110110': 13, '0010010': 5, '1100010': 6, '0001111': 7, '0101001': 10, '1100110': 9, '0000101': 6, '1110110': 13, '0110101': 11, '0100110': 7, '0000010': 6, '1011001': 8, '0111010': 11, '1000100': 11, '0111110': 7, '0011011': 9, '1001101': 11, '0111111': 13, '1010101': 4, '0110111': 7, '0001011': 6, '0001001': 7, '0111101': 7, '0111000': 7, '1111111': 7, '1001100': 8, '1001111': 9, '1101110': 10, '0111100': 9, '0100111': 8, '1000010': 10, '0101110': 6, '1100001': 7, '1011101': 6, '1010011': 9, '1101000': 10, '1100100': 7, '1100101': 16, '0110011': 8, '1110111': 7, '0101100': 5, '1011110': 11, '0101101': 12, '1001011': 8, '1001110': 9, '0000111': 8, '0110010': 9, '0011101': 9, '0011110': 10, '1110001': 7, '0001110': 10, '1011000': 6, '0010000': 8, '1011100': 6, '1101010': 6, '1010100': 11, '0100101': 6, '0010100': 9, '1101101': 5, '0001010': 8, '1110000': 5, '0000011': 6, '0011010': 9, '1010000': 9, '0101010': 10, '1011010': 7, '0101011': 6, '1010110': 7, '1000000': 7, '0011000': 11, '1000110': 6, '1111110': 7, '0110000': 6, '1010010': 14, '1000001': 4, '0011001': 11, '0000000': 3, '0100010': 8, '0010110': 11, '0110100': 6, '1111011': 7, '0001101': 13, '1110100': 8, '1101100': 6, '0010111': 11, '1100011': 6, '0100100': 5, '0011111': 4, '1111100': 7, '0010101': 6, '1110101': 5, '1111000': 8, '1111101': 5, '0111011': 11, '1111010': 4, '1101011': 5, '1001010': 10, '0000100': 5, '1000111': 6, '1000101': 8, '1001000': 4, '1100111': 5, '1101111': 3, '0100001': 9, '0101000': 6, '1110010': 7, '1011011': 6, '0011100': 4, '0100000': 1}"
vqe_7,1024,'0101001y',"{'1100000': 8, '1010001': 8, '0010001': 8, '1110011': 9, '0001100': 9, '1001001': 12, '0101111': 12, '0100011': 7, '0110001': 12, '0000001': 4, '1000011': 13, '1010111': 7, '1101001': 13, '1111001': 6, '0111001': 14, '0000110': 11, '0001000': 8, '1011111': 9, '0010011': 15, '0110110': 13, '0010010': 5, '1100010': 6, '0001111': 7, '0101001': 10, '1100110': 10, '0000101': 6, '1110110': 11, '0110101': 11, '0100110': 7, '0000010': 6, '1011001': 8, '0111010': 11, '1000100': 11, '0111110': 7, '0011011': 9, '1001101': 11, '0111111': 13, '1010101': 5, '0110111': 7, '0001011': 6, '0001001': 7, '0111101': 7, '0111000': 7, '1111111': 8, '1001100': 8, '1001111': 9, '1101110': 9, '0111100': 9, '0100111': 8, '1000010': 9, '0101110': 6, '1100001': 7, '1011101': 6, '1010011': 9, '1101000': 10, '1100100': 7, '1100101': 15, '0110011': 8, '1110111': 7, '0101100': 6, '1011110': 11, '0101101': 11, '1001011': 8, '1001110': 9, '0000111': 8, '0110010': 9, '0011101': 9, '0011110': 10, '1110001': 7, '0001110': 9, '1011000': 6, '0010000': 8, '1011100': 6, '1101010': 6, '1010100': 11, '0100101': 6, '0010100': 9, '1101101': 6, '0001010': 8, '1110000': 5, '0000011': 6, '0011010': 9, '1010000': 9, '0101010': 10, '1011010': 8, '0101011': 6, '1000000': 7, '0011000': 11, '1000111': 7, '1111110': 6, '0110000': 6, '1010010': 14, '1000001': 5, '0011001': 11, '0000000': 3, '0100010': 7, '0010110': 11, '0110100': 6, '1010110': 6, '1111011': 7, '0001101': 14, '1110100': 8, '1101100': 6, '0010111': 11, '1100011': 6, '0100100': 5, '0011111': 4, '1000110': 5, '1111100': 6, '0010101': 6, '1110101': 7, '1111000': 8, '1111101': 6, '0111011': 11, '1111010': 4, '1101011': 5, '1001010': 10, '0000100': 5, '1000101': 8, '1001000': 4, '1100111': 5, '1101111': 3, '0100001': 10, '0101000': 6, '1110010': 7, '1011011': 5, '0011100': 4, '0100000': 1}"
vqe_7,1024,'0101010y',"{'1100000': 6, '1010010': 21, '0010000': 14, '1110011': 15, '0001100': 21, '1001001': 16, '0101111': 4, '0100010': 10, '0110000': 17, '0000001': 8, '1000011': 16, '1010111': 4, '1101010': 10, '1111000': 14, '0111010': 26, '0000110': 13, '0000111': 19, '1011111': 12, '0010001': 10, '0110110': 15, '1000100': 23, '1100011': 7, '0001101': 16, '0101001': 12, '1100101': 20, '1110110': 10, '0110101': 11, '0100110': 12, '1011001': 14, '0111011': 18, '0111101': 10, '0011011': 18, '1001110': 15, '0111110': 9, '1010101': 5, '0110111': 6, '0001011': 7, '0001001': 6, '1101001': 13, '0111100': 11, '1111111': 11, '1001101': 1, '1001111': 16, '1101110': 10, '0100111': 13, '0101101': 12, '1100010': 7, '1011000': 14, '1011101': 7, '1010011': 16, '1101000': 5, '1100100': 17, '0110001': 18, '0101100': 13, '1011110': 9, '1001100': 3, '1010000': 2, '1001011': 7, '1110111': 6, '0011101': 10, '0001110': 2, '1110010': 12, '1011100': 5, '0101110': 7, '1010100': 8, '0001000': 5, '0010100': 13, '0001010': 8, '1110001': 1, '0000010': 3, '0011010': 19, '1010001': 5, '0101010': 8, '0101011': 4, '1000010': 7, '1010110': 5, '1000000': 4, '0010111': 9, '1000101': 8, '0000000': 5, '0010110': 10, '0110100': 6, '1111001': 9, '1110100': 9, '0011110': 9, '0010101': 9, '1101100': 4, '1101111': 9, '0100101': 1, '0011111': 2, '0010011': 6, '1111101': 4, '1110101': 6, '0010010': 5, '1111110': 9, '1111100': 5, '0000011': 4, '1101011': 6, '1001010': 7, '1000110': 1, '1001000': 6, '0100000': 4, '0111111': 4, '0100011': 3, '0101000': 6, '0100001': 9, '1100001': 5, '1011010': 3, '1000111': 2, '0011100': 4, '1111010': 1, '1000001': 2, '1101101': 1, '1100111': 2, '0011000': 1, '0011001': 1}"
vqe_7,1024,'0101011y',"{'1100000': 11, '1010001': 18, '0010010': 11, '1110001': 15, '0001100': 2, '1001001': 10, '0101111': 13, '0100011': 10, '0110010': 17, '0000010': 6, '1000001': 15, '1010111': 7, '1010000': 15, '1101001': 12, '1111010': 13, '0111000': 17, '0000101': 18, '0001000': 8, '1011111': 7, '0010011': 17, '0110110': 9, '0001110': 19, '1000011': 5, '1100010': 6, '0001111': 15, '0101001': 10, '1100111': 11, '0000100': 12, '1110110': 13, '1011110': 9, '0110101': 14, '0100101': 12, '0000011': 7, '1011010': 15, '0111001': 25, '1000110': 19, '0111111': 16, '0011001': 16, '1001100': 18, '1010101': 6, '0110111': 6, '0001011': 6, '0001001': 8, '1101000': 12, '0111110': 12, '1111110': 4, '1001101': 17, '1101101': 12, '0100111': 3, '1100001': 7, '1011100': 8, '1100110': 25, '1010010': 4, '0110011': 17, '1110111': 10, '0101101': 2, '0101110': 16, '1001111': 2, '1001011': 9, '0000110': 2, '1011101': 6, '0011101': 7, '1000010': 6, '0011110': 11, '1110000': 12, '0111101': 6, '1011001': 2, '0010000': 7, '1011011': 10, '1111111': 3, '1101010': 5, '1010100': 13, '0010100': 6, '1101100': 10, '0100100': 11, '0001010': 8, '0101010': 10, '0101011': 10, '0010101': 7, '1000000': 9, '0011000': 22, '1000111': 12, '0011100': 7, '1111101': 7, '0000000': 2, '0010111': 10, '0110100': 6, '1111011': 11, '1110100': 8, '0011111': 7, '0010110': 10, '0010001': 2, '1100011': 5, '1011000': 1, '1111100': 10, '1110101': 5, '0101000': 4, '0111100': 5, '1001010': 9, '1010110': 5, '1101011': 4, '1001000': 5, '1101110': 2, '0100001': 6, '0001101': 2, '1010011': 2, '0011011': 1, '0101100': 1, '0100010': 6, '0100000': 1, '0100110': 1, '0110001': 1, '1110011': 1, '0000001': 1, '0110000': 2}"
vqe_7,1024,'0101100y',"{'1100000': 8, '1010001': 8, '0010001': 8, '1110011': 9, '0001100': 9, '1001001': 12, '0101111': 12, '0100011': 7, '0110001': 12, '0000001': 4, '1000011': 13, '1010111': 7, '1101001': 13, '1111001': 6, '0111001': 14, '0000110': 11, '0001000': 8, '1011111': 9, '0010011': 15, '0110110': 13, '0010010': 5, '1100010': 6, '0001111': 7, '0101001': 10, '1100110': 10, '0000101': 6, '1110110': 11, '0110101': 11, '0100110': 7, '0000010': 6, '1011001': 8, '0111010': 11, '1000100': 11, '0111110': 7, '0011011': 9, '1001101': 11, '0111111': 13, '1010101': 5, '0110111': 7, '0001011': 6, '0001001': 7, '0111101': 7, '0111000': 7, '1111111': 8, '1001100': 8, '1001111': 9, '1101110': 9, '0111100': 9, '0100111': 8, '1000010': 9, '0101110': 6, '1100001': 7, '1011101': 6, '1010011': 9, '1101000': 10, '1100100': 7, '1100101': 15, '0110011': 8, '1110111': 7, '0101100': 6, '1011110': 11, '0101101': 11, '1001011': 8, '1001110': 9, '0000111': 8, '0110010': 9, '0011101': 9, '0011110': 10, '1110001': 7, '0001110': 9, '1011000': 6, '0010000': 8, '1011100': 6, '1101010': 6, '1010100': 11, '0100101': 6, '0010100': 9, '1101101': 6, '0001010': 8, '1110000': 5, '0000011': 6, '0011010': 9, '1010000': 9, '0101010': 10, '1011010': 8, '0101011': 6, '1000000': 7, '0011000': 11, '1000111': 7, '1111110': 6, '0110000': 6, '1010010': 14, '1000001': 5, '0011001': 11, '0000000': 3, '0100010': 7, '0010110': 11, '0110100': 6, '1010110': 6, '1111011': 7, '0001101': 14, '1110100': 8, '1101100': 6, '0010111': 11, '1100011': 6, '0100100': 5, '0011111': 4, '1000110': 5, '1111100': 6, '0010101': 6, '1110101': 7, '1111000': 8, '1111101': 6, '0111011': 11, '1111010': 4, '1101011': 5, '1001010': 10, '0000100': 5, '1000101': 8, '1001000': 4, '1100111': 5, '1101111': 3, '0100001': 10, '0101000': 6, '1110010': 7, '1011011': 5, '0011100': 4, '0100000': 1}"
vqe_7,1024,'0101101y',"{'1100000': 8, '1010001': 8, '0010001': 8, '1110011': 9, '0001100': 9, '1001001': 12, '0101111': 12, '0100011': 7, '0110001': 12, '0000001': 4, '1000011': 13, '1010111': 7, '1101001': 13, '1111001': 6, '0111001': 14, '0000110': 11, '0001000': 8, '1011111': 9, '0010011': 15, '0110110': 13, '0010010': 5, '1100010': 6, '0001111': 7, '0101001': 10, '1100110': 9, '0000101': 6, '1110110': 13, '0110101': 11, '0100110': 7, '0000010': 6, '1011001': 8, '0111010': 11, '1000100': 11, '0111110': 7, '0011011': 9, '1001101': 11, '0111111': 13, '1010101': 4, '0110111': 7, '0001011': 6, '0001001': 7, '0111101': 7, '0111000': 7, '1111111': 7, '1001100': 8, '1001111': 9, '1101110': 10, '0111100': 9, '0100111': 8, '1000010': 10, '0101110': 6, '1100001': 7, '1011101': 6, '1010011': 9, '1101000': 10, '1100100': 7, '1100101': 16, '0110011': 8, '1110111': 7, '0101100': 5, '1011110': 11, '0101101': 12, '1001011': 8, '1001110': 9, '0000111': 8, '0110010': 9, '0011101': 9, '0011110': 10, '1110001': 7, '0001110': 10, '1011000': 6, '0010000': 8, '1011100': 6, '1101010': 6, '1010100': 11, '0100101': 6, '0010100': 9, '1101101': 5, '0001010': 8, '1110000': 5, '0000011': 6, '0011010': 9, '1010000': 9, '0101010': 10, '1011010': 7, '0101011': 6, '1010110': 7, '1000000': 7, '0011000': 11, '1000110': 6, '1111110': 7, '0110000': 6, '1010010': 14, '1000001': 4, '0011001': 11, '0000000': 3, '0100010': 8, '0010110': 11, '0110100': 6, '1111011': 7, '0001101': 13, '1110100': 8, '1101100': 6, '0010111': 11, '1100011': 6, '0100100': 5, '0011111': 4, '1111100': 7, '0010101': 6, '1110101': 5, '1111000': 8, '1111101': 5, '0111011': 11, '1111010': 4, '1101011': 5, '1001010': 10, '0000100': 5, '1000111': 6, '1000101': 8, '1001000': 4, '1100111': 5, '1101111': 3, '0100001': 9, '0101000': 6, '1110010': 7, '1011011': 6, '0011100': 4, '0100000': 1}"
vqe_7,1024,'0101110y',"{'1100000': 11, '1010001': 18, '0010010': 11, '1110001': 15, '0001100': 2, '1001001': 10, '0101111': 13, '0100011': 10, '0110010': 17, '0000010': 6, '1000001': 15, '1010111': 7, '1010000': 15, '1101001': 12, '1111010': 13, '0111000': 17, '0000101': 18, '0001000': 8, '1011111': 7, '0010011': 17, '0110110': 9, '0001110': 19, '1000011': 5, '1100010': 6, '0001111': 15, '0101001': 10, '1100111': 11, '0000100': 12, '1110110': 13, '1011110': 9, '0110101': 14, '0100101': 12, '0000011': 7, '1011010': 15, '0111001': 25, '1000110': 19, '0111111': 16, '0011001': 16, '1001100': 18, '1010101': 6, '0110111': 6, '0001011': 6, '0001001': 8, '1101000': 12, '0111110': 12, '1111110': 4, '1001101': 17, '1101101': 12, '0100111': 3, '1100001': 7, '1011100': 8, '1100110': 25, '1010010': 4, '0110011': 17, '1110111': 10, '0101101': 2, '0101110': 16, '1001111': 2, '1001011': 9, '0000110': 2, '1011101': 6, '0011101': 7, '1000010': 6, '0011110': 11, '1110000': 12, '0111101': 6, '1011001': 2, '0010000': 7, '1011011': 10, '1111111': 3, '1101010': 4, '1010100': 13, '0010100': 7, '1101100': 10, '0100100': 11, '0001010': 8, '0101010': 10, '0101011': 10, '0010101': 6, '1000000': 9, '0011000': 22, '1000111': 12, '0011100': 7, '1111101': 7, '0000000': 2, '0010111': 10, '0110100': 6, '1111011': 11, '1110100': 8, '0011111': 7, '0010110': 10, '0010001': 2, '1100011': 5, '1011000': 1, '1111100': 10, '1110101': 5, '0101000': 4, '0111100': 5, '1101011': 5, '1001010': 9, '1010110': 5, '1001000': 5, '1101110': 2, '0100001': 6, '0001101': 2, '1010011': 2, '0011011': 1, '0101100': 1, '0100010': 6, '0100000': 1, '0100110': 1, '0110001': 1, '1110011': 1, '0000001': 1, '0110000': 2}"
vqe_7,1024,'0101111y',"{'1100000': 6, '1010010': 21, '0010000': 14, '1110011': 15, '0001100': 21, '1001001': 16, '0101111': 4, '0100010': 10, '0110000': 17, '0000001': 8, '1000011': 16, '1010111': 4, '1101010': 10, '1111000': 14, '0111010': 26, '0000110': 13, '0000111': 19, '1011111': 12, '0010001': 9, '0110110': 15, '1000100': 23, '1100011': 7, '0001101': 16, '0101001': 12, '1100101': 20, '1110110': 10, '0110101': 11, '0100110': 12, '1011000': 16, '0111011': 18, '0111101': 10, '0011011': 18, '1001110': 15, '0111110': 9, '1010101': 5, '0110111': 6, '0001011': 7, '0001001': 6, '1101001': 13, '0111100': 11, '1111111': 11, '1001101': 1, '1001111': 16, '1101110': 10, '0100111': 13, '0101101': 12, '1100010': 7, '1011101': 7, '1010011': 16, '1101000': 5, '1100100': 17, '0110001': 18, '0101100': 13, '1011110': 9, '1001100': 3, '1010000': 2, '1001011': 7, '1110111': 6, '0011101': 10, '0001110': 2, '1110010': 12, '1011100': 5, '0101110': 7, '1010100': 8, '0001000': 5, '0010100': 13, '0001010': 8, '1110001': 1, '0000010': 3, '0011010': 19, '1010001': 5, '0101010': 8, '1011001': 12, '0101011': 4, '1000010': 7, '1010110': 5, '1000000': 4, '0010111': 9, '1000101': 8, '0000000': 5, '0010110': 10, '0110100': 6, '1111001': 9, '1110100': 9, '0011110': 9, '0010101': 9, '1101100': 4, '1101111': 9, '0100101': 1, '0011111': 2, '0010011': 6, '1111101': 4, '1110101': 6, '0010010': 6, '1111110': 9, '1111100': 5, '0000011': 4, '1101011': 6, '1001010': 7, '1000110': 1, '1001000': 6, '0100000': 4, '0111111': 4, '0100011': 3, '0101000': 6, '0100001': 9, '1100001': 5, '1011010': 3, '1000111': 2, '0011100': 4, '1111010': 1, '1000001': 2, '1101101': 1, '1100111': 2, '0011000': 1, '0011001': 1}"
vqe_7,1024,'0110000y',"{'1100000': 8, '1010001': 10, '0010001': 8, '1110011': 9, '0001100': 9, '1001001': 10, '0101111': 11, '0100011': 7, '0110010': 11, '0000001': 4, '1000011': 15, '1010111': 7, '1101001': 10, '1111001': 5, '0111001': 10, '0000101': 9, '0001000': 7, '1011111': 8, '0010011': 17, '0110110': 12, '0010010': 3, '1100011': 7, '0001111': 7, '0101001': 9, '1100110': 7, '1110110': 11, '0110101': 14, '0100101': 7, '0000010': 6, '1011001': 5, '0111010': 15, '1000100': 12, '0111110': 6, '0011011': 10, '1001101': 10, '0111111': 11, '0110001': 9, '1010101': 5, '0110111': 5, '0001011': 8, '0001001': 7, '0111101': 9, '0111000': 6, '1111111': 7, '1001100': 9, '1001111': 7, '1001010': 10, '1101110': 9, '0111100': 10, '0100111': 7, '0101110': 6, '1100001': 6, '0100110': 6, '1011101': 8, '1010011': 11, '1101000': 10, '1100100': 9, '1100101': 17, '0110011': 9, '1110111': 7, '0101100': 9, '1011110': 9, '0101101': 9, '1001011': 10, '1000010': 10, '1001110': 11, '0000111': 7, '0011101': 11, '1110010': 8, '0001110': 8, '1011000': 6, '0010000': 8, '1011100': 8, '1100010': 6, '1101010': 8, '1010100': 12, '1110001': 6, '0010100': 12, '1101100': 7, '0001010': 7, '1110000': 5, '1101101': 5, '0000011': 7, '0011010': 8, '1010000': 6, '0101010': 9, '1011010': 9, '0101011': 8, '1000000': 6, '0011000': 8, '1000110': 6, '1111110': 6, '0110000': 6, '0100100': 6, '1010010': 13, '1000001': 3, '0011001': 14, '0000000': 2, '0100010': 11, '0010110': 10, '0110100': 6, '1010110': 5, '1111011': 8, '0001101': 15, '1110100': 9, '0011110': 10, '0010101': 7, '1111010': 5, '0010111': 8, '0011111': 2, '1111100': 7, '1110101': 6, '1111000': 7, '1111101': 6, '0111011': 12, '0000110': 9, '1101011': 6, '0000100': 5, '1000111': 6, '1000101': 7, '1001000': 4, '1100111': 4, '1101111': 3, '0100001': 6, '0101000': 6, '1011011': 6, '0011100': 4, '0100000': 1}"
vqe_7,1024,'0110001y',"{'1100000': 8, '1010001': 10, '0010001': 8, '1110011': 9, '0001100': 9, '1001001': 10, '0101111': 11, '0100011': 7, '0110010': 11, '0000001': 4, '1000011': 15, '1010111': 7, '1101010': 9, '1111001': 5, '0111001': 11, '0000101': 9, '0001000': 6, '1011111': 8, '0010011': 17, '0110110': 12, '0010010': 3, '1100011': 7, '0001111': 7, '0101001': 9, '1100110': 6, '1110110': 10, '0110101': 14, '0100101': 7, '0000010': 7, '1011001': 5, '0111010': 14, '1000100': 12, '0111110': 6, '0011011': 10, '1001101': 10, '0111111': 11, '0110001': 9, '1010101': 5, '0110111': 5, '0001011': 8, '0001001': 8, '1101001': 10, '0111101': 9, '0111000': 6, '1111111': 7, '1001100': 9, '1001111': 7, '1001010': 10, '1101110': 9, '0111100': 10, '0100111': 7, '0101110': 5, '1100001': 6, '0100110': 6, '1011101': 8, '1010011': 11, '1101000': 9, '1100100': 9, '1100101': 17, '0110011': 9, '1110111': 7, '0101100': 9, '1011110': 9, '0101101': 10, '1001011': 10, '1000010': 10, '1001110': 11, '0000111': 7, '0011101': 11, '1110010': 8, '0001110': 8, '1011000': 6, '0010000': 8, '1011100': 7, '1100010': 6, '1010100': 12, '1110001': 6, '0010100': 12, '1101100': 7, '0001010': 7, '1110000': 5, '1101101': 5, '0000011': 6, '0011010': 8, '1010000': 6, '0101010': 9, '1011010': 9, '0101011': 8, '1000000': 6, '0011000': 8, '1000110': 6, '1111110': 6, '0110000': 6, '0100100': 6, '1010010': 13, '1000001': 3, '0011001': 14, '0000000': 2, '0100010': 11, '0010110': 10, '0110100': 6, '1010110': 5, '1111011': 8, '0001101': 15, '1110100': 9, '0011110': 10, '0010101': 7, '1111010': 5, '0010111': 8, '0011111': 2, '1111100': 7, '1110101': 7, '1111000': 7, '1111101': 6, '0111011': 12, '0000110': 9, '1101011': 6, '0000100': 5, '1000111': 6, '1000101': 7, '1001000': 4, '1100111': 5, '1101111': 3, '0100001': 6, '0101000': 6, '1011011': 7, '0011100': 4, '0100000': 1}"
vqe_7,1024,'0110010y',"{'1100000': 6, '1010010': 23, '0010001': 8, '1110011': 17, '0001100': 20, '1001001': 11, '0101111': 9, '0100010': 10, '0110001': 16, '0000001': 8, '1000011': 20, '1010111': 7, '1101001': 10, '1111000': 11, '0111010': 22, '0000111': 18, '0001000': 4, '1011111': 9, '0010011': 5, '0110110': 10, '1100011': 7, '0001110': 4, '0101001': 12, '1100101': 18, '0000110': 10, '1110101': 13, '0110101': 12, '0100110': 11, '1011000': 10, '0111011': 24, '1000100': 20, '0111101': 16, '0011011': 20, '1001110': 18, '0110000': 13, '1010100': 6, '0110111': 12, '0001010': 8, '1101000': 10, '0111100': 12, '1111111': 11, '1001011': 7, '1001111': 12, '1101110': 12, '0100111': 12, '0101101': 14, '1100010': 7, '1011101': 5, '1010011': 19, '1100100': 21, '0110100': 7, '1110111': 4, '0101100': 13, '1011110': 12, '1110110': 6, '0011100': 6, '0001111': 2, '0011101': 10, '1110010': 15, '0001101': 18, '0010000': 11, '1011100': 7, '1101010': 10, '0001001': 4, '0010100': 15, '1101101': 1, '0001011': 9, '1110000': 2, '0000010': 4, '1010001': 3, '0101011': 10, '1011001': 12, '0010101': 13, '0110010': 2, '1000010': 8, '1010101': 3, '1000000': 4, '0011001': 4, '1000101': 13, '0011010': 19, '0000000': 3, '0010111': 8, '1010110': 6, '1111001': 10, '1001000': 11, '0010110': 7, '0011110': 7, '1101011': 8, '1001010': 10, '1101111': 5, '1010000': 3, '0100101': 1, '0011111': 2, '0000011': 5, '1111101': 2, '1110100': 7, '1111110': 8, '1111100': 6, '0101000': 4, '1001101': 1, '0100001': 11, '0111111': 4, '0100011': 4, '1100001': 5, '1011010': 3, '0011000': 3, '1100111': 1, '0101010': 4, '1000001': 1, '0100000': 1, '0010010': 2, '0111110': 3, '1101100': 1}"
vqe_7,1024,'0110011y',"{'1100000': 8, '1010001': 18, '0010010': 11, '1110100': 8, '0001011': 10, '1001010': 15, '0101111': 14, '0100011': 10, '0110010': 21, '0000010': 7, '1000010': 10, '1010111': 2, '1101010': 7, '1111010': 14, '0111000': 20, '0000100': 15, '0000110': 1, '1011111': 5, '0010011': 20, '0110101': 13, '0001101': 2, '1000011': 6, '1100010': 6, '0001111': 14, '0101001': 8, '1100111': 11, '1110111': 12, '1011110': 8, '0110100': 13, '0100101': 14, '0000011': 8, '1011010': 16, '0111001': 20, '1000110': 18, '0111110': 10, '0011001': 12, '1001101': 23, '0111111': 15, '1010101': 7, '0110110': 5, '0001001': 9, '1101001': 14, '0111101': 7, '1111110': 5, '1001100': 14, '1101101': 14, '1100001': 8, '1011000': 5, '1011100': 8, '1010011': 4, '1101000': 5, '1100110': 24, '1010100': 15, '0110011': 16, '0101011': 7, '1011101': 9, '0101101': 5, '1010000': 13, '1000001': 10, '0000101': 19, '0011101': 8, '0011110': 12, '1110001': 13, '0111100': 6, '0010000': 7, '1011011': 12, '0101110': 11, '1110000': 8, '0001000': 8, '0100100': 13, '1101100': 10, '0101010': 13, '0010100': 9, '1000000': 8, '0010111': 10, '0101100': 2, '1000111': 10, '0011100': 7, '1111101': 8, '0011000': 19, '0000000': 2, '0010110': 10, '0001110': 18, '1010110': 5, '1111011': 13, '1110101': 6, '0010101': 8, '0010001': 1, '1100011': 7, '1110110': 11, '0011111': 5, '1001011': 12, '1111100': 11, '0100110': 1, '1110011': 2, '1111111': 1, '1101011': 5, '1001110': 1, '1001001': 3, '1101110': 3, '0110111': 3, '0100001': 6, '0001010': 4, '0101000': 6, '1001000': 3, '0100111': 1, '0110001': 1, '1000101': 1, '0011011': 1, '0100010': 6, '0100000': 1, '1010010': 2, '0110000': 1, '1011001': 1}"
vqe_7,1024,'0110100y',"{'1100000': 8, '1010001': 10, '0010001': 8, '1110011': 9, '0001100': 9, '1001001': 10, '0101111': 11, '0100011': 7, '0110010': 11, '0000001': 4, '1000011': 15, '1010111': 7, '1101010': 9, '1111001': 5, '0111001': 11, '0000101': 9, '0001000': 6, '1011111': 8, '0010011': 17, '0110110': 12, '0010010': 3, '1100011': 7, '0001111': 7, '0101001': 9, '1100110': 6, '1110110': 10, '0110101': 14, '0100101': 7, '0000010': 7, '1011001': 5, '0111010': 14, '1000100': 12, '0111110': 6, '0011011': 10, '1001101': 10, '0111111': 11, '0110001': 9, '1010101': 5, '0110111': 5, '0001011': 8, '0001001': 8, '1101001': 10, '0111101': 9, '0111000': 6, '1111111': 7, '1001100': 9, '1001111': 7, '1001010': 10, '1101110': 9, '0111100': 10, '0100111': 7, '0101110': 5, '1100001': 6, '0100110': 6, '1011101': 8, '1010011': 11, '1101000': 9, '1100100': 9, '1100101': 17, '0110011': 9, '1110111': 7, '0101100': 9, '1011110': 9, '0101101': 10, '1001011': 10, '1000010': 10, '1001110': 11, '0000111': 7, '0011101': 11, '1110010': 8, '0001110': 8, '1011000': 6, '0010000': 8, '1011100': 7, '1100010': 6, '1010100': 12, '1110001': 6, '0010100': 12, '1101100': 7, '0001010': 7, '1110000': 5, '1101101': 5, '0000011': 6, '0011010': 8, '1010000': 6, '0101010': 9, '1011010': 9, '0101011': 8, '1000000': 6, '0011000': 8, '1000110': 6, '1111110': 6, '0110000': 6, '0100100': 6, '1010010': 13, '1000001': 3, '0011001': 14, '0000000': 2, '0100010': 11, '0010110': 10, '0110100': 6, '1010110': 5, '1111011': 8, '0001101': 15, '1110100': 9, '0011110': 10, '0010101': 7, '1111010': 5, '0010111': 8, '0011111': 2, '1111100': 7, '1110101': 7, '1111000': 7, '1111101': 6, '0111011': 12, '0000110': 9, '1101011': 6, '0000100': 5, '1000111': 6, '1000101': 7, '1001000': 4, '1100111': 5, '1101111': 3, '0100001': 6, '0101000': 6, '1011011': 7, '0011100': 4, '0100000': 1}"
vqe_7,1024,'0110101y',"{'1100000': 8, '1010001': 10, '0010001': 8, '1110011': 9, '0001100': 9, '1001001': 10, '0101111': 11, '0100011': 7, '0110010': 11, '0000001': 4, '1000011': 15, '1010111': 7, '1101001': 10, '1111001': 5, '0111001': 10, '0000101': 9, '0001000': 7, '1011111': 8, '0010011': 17, '0110110': 12, '0010010': 3, '1100011': 7, '0001111': 7, '0101001': 9, '1100110': 7, '1110110': 11, '0110101': 14, '0100101': 7, '0000010': 6, '1011001': 5, '0111010': 15, '1000100': 12, '0111110': 6, '0011011': 10, '1001101': 10, '0111111': 11, '0110001': 9, '1010101': 5, '0110111': 5, '0001011': 8, '0001001': 7, '0111101': 9, '0111000': 6, '1111111': 7, '1001100': 9, '1001111': 7, '1001010': 10, '1101110': 9, '0111100': 10, '0100111': 7, '0101110': 6, '1100001': 6, '0100110': 6, '1011101': 8, '1010011': 11, '1101000': 10, '1100100': 9, '1100101': 17, '0110011': 9, '1110111': 7, '0101100': 9, '1011110': 9, '0101101': 9, '1001011': 10, '1000010': 10, '1001110': 11, '0000111': 7, '0011101': 11, '1110010': 8, '0001110': 8, '1011000': 6, '0010000': 8, '1011100': 8, '1100010': 6, '1101010': 8, '1010100': 12, '1110001': 6, '0010100': 12, '1101100': 7, '0001010': 7, '1110000': 5, '1101101': 5, '0000011': 7, '0011010': 8, '1010000': 6, '0101010': 9, '1011010': 9, '0101011': 8, '1000000': 6, '0011000': 8, '1000110': 6, '1111110': 6, '0110000': 6, '0100100': 6, '1010010': 13, '1000001': 3, '0011001': 14, '0000000': 2, '0100010': 11, '0010110': 10, '0110100': 6, '1010110': 5, '1111011': 8, '0001101': 15, '1110100': 9, '0011110': 10, '0010101': 7, '1111010': 5, '0010111': 8, '0011111': 2, '1111100': 7, '1110101': 6, '1111000': 7, '1111101': 6, '0111011': 12, '0000110': 9, '1101011': 6, '0000100': 5, '1000111': 6, '1000101': 7, '1001000': 4, '1100111': 4, '1101111': 3, '0100001': 6, '0101000': 6, '1011011': 6, '0011100': 4, '0100000': 1}"
vqe_7,1024,'0110110y',"{'1100000': 9, '1010001': 18, '0010010': 11, '1110100': 8, '0001011': 10, '1001010': 15, '0101111': 14, '0100011': 10, '0110010': 21, '0000010': 7, '1000010': 10, '1010111': 2, '1101010': 7, '1111010': 14, '0111000': 20, '0000100': 15, '0000110': 1, '1011111': 4, '0010011': 20, '0110101': 13, '0001101': 2, '1000011': 6, '1100010': 6, '0001111': 14, '0101001': 8, '1100111': 11, '1110111': 12, '1011110': 9, '0110100': 13, '0100101': 14, '0000011': 8, '1011010': 16, '0111001': 20, '1000110': 18, '0111110': 10, '0011001': 12, '1001101': 23, '0111111': 15, '1010101': 7, '0110110': 5, '0001001': 9, '1101001': 14, '0111101': 7, '1111110': 5, '1001100': 14, '1101101': 14, '1100001': 7, '1011000': 5, '1011100': 8, '1010011': 4, '1101000': 5, '1100110': 24, '1010100': 15, '0110011': 16, '0101011': 7, '1011101': 9, '0101101': 5, '1010000': 13, '1000001': 10, '0000101': 19, '0011101': 8, '0011110': 12, '1110001': 13, '0111100': 6, '0010000': 7, '1011011': 12, '0101110': 11, '1110000': 8, '0001000': 8, '0100100': 13, '1101100': 10, '0101010': 13, '0010100': 9, '1000000': 8, '0010111': 10, '0101100': 2, '1000111': 10, '0011100': 7, '1111101': 8, '0011000': 19, '0000000': 2, '0010110': 11, '0001110': 18, '1010110': 5, '1111011': 13, '1110101': 6, '0010101': 7, '0010001': 1, '1100011': 7, '1110110': 11, '0011111': 5, '1001011': 12, '1111100': 11, '0100110': 1, '1110011': 2, '1111111': 1, '1101011': 5, '1001110': 1, '1001001': 3, '1101110': 3, '0110111': 3, '0100001': 6, '0001010': 4, '0101000': 6, '1001000': 3, '0100111': 1, '0110001': 1, '1000101': 1, '0011011': 1, '0100010': 6, '0100000': 1, '1010010': 2, '0110000': 1, '1011001': 1}"
vqe_7,1024,'0110111y',"{'1100000': 6, '1010010': 23, '0010001': 8, '1110011': 17, '0001100': 20, '1001001': 12, '0101111': 8, '0100010': 10, '0110001': 16, '0000001': 8, '1000011': 20, '1010111': 7, '1101001': 10, '1111000': 11, '0111010': 22, '0000111': 18, '0001000': 4, '1011111': 9, '0010011': 5, '0110110': 10, '1100011': 7, '0001110': 4, '0101001': 12, '1100101': 18, '0000110': 10, '1110101': 13, '0110101': 12, '0100110': 11, '1011000': 10, '0111011': 24, '1000100': 20, '0111101': 16, '0011011': 20, '1001110': 18, '0110000': 13, '1010100': 6, '0110111': 12, '0001010': 8, '1101000': 10, '0111100': 12, '1111111': 11, '1001011': 7, '1001111': 12, '1101110': 12, '0100111': 12, '0101101': 14, '1100010': 7, '1011101': 5, '1010011': 19, '1100100': 21, '0110100': 7, '1110111': 4, '0101100': 13, '1011110': 12, '1110110': 6, '0011100': 6, '0001111': 2, '0011101': 10, '1110010': 15, '0001101': 18, '0010000': 11, '1011100': 7, '1101010': 10, '0001001': 4, '0010100': 15, '1101101': 1, '0001011': 9, '1110000': 2, '0000010': 4, '1010001': 3, '0101011': 10, '1011001': 12, '0010101': 13, '0110010': 2, '1000010': 8, '1010101': 3, '1000000': 4, '0011001': 4, '1000101': 13, '0011010': 19, '0000000': 3, '0010110': 8, '1010110': 6, '1111001': 10, '1001000': 10, '0011110': 7, '1101011': 8, '1001010': 10, '0010111': 7, '1101111': 5, '1010000': 3, '0100101': 1, '0011111': 2, '0000011': 5, '1111101': 2, '1110100': 7, '1111110': 8, '1111100': 6, '0101000': 4, '1001101': 1, '0100001': 11, '0111111': 4, '0100011': 4, '1100001': 5, '1011010': 3, '0011000': 3, '1100111': 1, '0101010': 4, '1000001': 1, '0100000': 1, '0010010': 2, '0111110': 3, '0101110': 1, '1101100': 1}"
vqe_7,1024,'0111000y',"{'1100000': 8, '1010010': 14, '0010001': 8, '1110011': 9, '0001100': 9, '1001001': 10, '0101111': 11, '0100011': 7, '0110010': 11, '0000001': 4, '1000011': 15, '1010111': 7, '1010001': 9, '1101010': 9, '1111001': 4, '0111001': 12, '0000101': 9, '0001000': 6, '1011111': 8, '0010011': 17, '0110110': 12, '0010010': 3, '1100011': 7, '0001111': 7, '0101001': 9, '1100110': 6, '1110110': 10, '0110101': 14, '0100101': 7, '0000010': 7, '1011001': 5, '0111010': 13, '1000100': 12, '0111110': 7, '0011011': 10, '1001101': 10, '0111111': 11, '0110001': 9, '1010101': 5, '0110111': 5, '0001011': 8, '0001001': 8, '1101001': 10, '0111101': 8, '0111000': 6, '1111111': 7, '1001100': 9, '1001111': 7, '1001010': 10, '1101110': 9, '0111100': 10, '0100111': 8, '0101110': 5, '1100001': 6, '1011101': 8, '1010011': 11, '1101000': 9, '1100100': 9, '1100101': 17, '0110011': 9, '1110111': 7, '0101100': 9, '0100110': 5, '1011110': 9, '0101101': 10, '1001011': 10, '1000010': 10, '1001110': 11, '0000111': 7, '0011101': 11, '1110010': 8, '0001110': 8, '1011000': 6, '0010000': 8, '1011100': 8, '1100010': 6, '1010100': 12, '1110001': 6, '0010100': 12, '1101100': 7, '0001010': 7, '1110000': 5, '1101101': 5, '0000011': 6, '0011010': 8, '1010000': 6, '0101010': 9, '1011010': 9, '0101011': 8, '1000000': 6, '0011000': 8, '1000110': 6, '1111110': 6, '0110000': 6, '0100100': 6, '1000001': 3, '0011001': 14, '0000000': 2, '0100010': 11, '0010110': 10, '0110100': 6, '1010110': 5, '1111011': 8, '0001101': 15, '1110100': 9, '0011110': 10, '0010101': 7, '1111010': 5, '0010111': 8, '0011111': 2, '1111100': 7, '1110101': 7, '1111000': 8, '1111101': 6, '0111011': 12, '0000110': 9, '1101011': 6, '0000100': 5, '1000111': 6, '1000101': 7, '1001000': 4, '1100111': 5, '1101111': 3, '0100001': 6, '0101000': 6, '1011011': 6, '0011100': 4, '0100000': 1}"
vqe_7,1024,'0111001y',"{'1100000': 8, '1010001': 10, '0010001': 8, '1110011': 9, '0001100': 9, '1001001': 10, '0101111': 11, '0100011': 7, '0110010': 11, '0000001': 4, '1000011': 15, '1010111': 7, '1101001': 11, '1111001': 5, '0111001': 12, '0000101': 9, '0001000': 6, '1011111': 8, '0010011': 17, '0110110': 12, '0010010': 3, '1100011': 7, '0001111': 7, '0101001': 9, '1100110': 6, '1110110': 11, '0110101': 14, '0100101': 7, '0000010': 7, '1011001': 5, '0111010': 13, '1000100': 12, '0111110': 6, '0011011': 10, '1001101': 10, '0111111': 11, '0110001': 9, '1010101': 5, '0110111': 5, '0001011': 8, '0001001': 8, '0111101': 9, '0111000': 6, '1111111': 7, '1001100': 9, '1001111': 7, '1001010': 10, '1101110': 9, '0111100': 10, '0100111': 8, '0101110': 5, '1100001': 6, '1011101': 8, '1010011': 11, '1101000': 9, '1100100': 9, '1100101': 17, '0110011': 9, '1110111': 7, '0101100': 9, '0100110': 5, '1011110': 9, '0101101': 10, '1001011': 10, '1000010': 10, '1001110': 11, '0000111': 7, '0011101': 11, '1110010': 8, '0001110': 8, '1011000': 6, '0010000': 8, '1011100': 8, '1100010': 6, '1101010': 8, '1010100': 12, '1110001': 6, '0010100': 12, '1101100': 7, '0001010': 7, '1110000': 5, '1101101': 5, '0000011': 7, '0011010': 8, '1010000': 6, '0101010': 9, '1011010': 9, '0101011': 8, '1000000': 6, '0011000': 8, '1000110': 6, '1111110': 6, '0110000': 6, '0100100': 6, '1010010': 13, '1000001': 3, '0011001': 14, '0000000': 2, '0100010': 11, '0010110': 10, '0110100': 6, '1010110': 5, '1111011': 8, '0001101': 15, '1110100': 9, '0011110': 10, '0010101': 7, '1111010': 5, '0010111': 8, '0011111': 2, '1111100': 7, '1110101': 6, '1111000': 7, '1111101': 6, '0111011': 12, '0000110': 9, '1101011': 6, '0000100': 4, '1000111': 6, '1000101': 7, '1001000': 4, '1100111': 5, '1101111': 3, '0100001': 6, '0101000': 6, '1011011': 6, '0011100': 4, '0100000': 1}"
vqe_7,1024,'0111010y',"{'1100000': 8, '1010001': 17, '0010010': 11, '1110100': 11, '0001011': 10, '1001010': 16, '0101111': 13, '0100011': 10, '0110010': 19, '0000010': 7, '1000010': 9, '1010111': 7, '1101001': 12, '1111010': 15, '0111000': 21, '0000100': 14, '0001000': 6, '1011111': 5, '0010011': 19, '0110101': 12, '0001110': 20, '1000011': 7, '1100010': 6, '0001111': 14, '0101001': 9, '1100111': 11, '1110110': 13, '1011110': 8, '0110100': 16, '0100101': 14, '0000011': 8, '1011010': 16, '0111001': 20, '1000110': 18, '0111110': 10, '0011001': 12, '1001101': 21, '0111111': 15, '1010101': 7, '0110111': 3, '0001001': 12, '0111101': 8, '1111110': 5, '1001100': 16, '1101101': 15, '1100001': 8, '1011100': 8, '1010011': 6, '1101000': 9, '1100110': 24, '0110011': 16, '0101100': 3, '1011101': 9, '0101110': 11, '1001111': 2, '1000001': 11, '0000101': 19, '1110111': 10, '0011101': 8, '0011110': 12, '1110001': 12, '0111100': 5, '0010000': 6, '1011011': 12, '1101010': 6, '1010100': 13, '1110000': 9, '0100100': 13, '0010100': 10, '1101100': 11, '1010000': 12, '0101010': 12, '0101011': 7, '1000000': 8, '0010111': 11, '1000111': 10, '0110110': 5, '0011100': 7, '1111101': 8, '0101101': 4, '0011000': 19, '0000000': 2, '0010110': 11, '1010110': 5, '1111011': 12, '0010001': 2, '1100011': 7, '0011111': 5, '1001011': 10, '1111100': 11, '0010101': 6, '0100110': 1, '1110010': 2, '1111111': 1, '1101011': 4, '1001001': 4, '0100001': 6, '0001010': 4, '0101000': 5, '1001000': 4, '0100111': 1, '0011011': 1, '0100010': 6, '1110101': 3, '1101110': 1, '0100000': 1, '1010010': 2, '0110001': 1, '0110000': 2, '1011001': 1, '0000110': 1}"
vqe_7,1024,'0111011y',"{'1100000': 6, '1010010': 22, '0010000': 12, '1110011': 18, '0001100': 22, '1001001': 12, '0101111': 4, '0100010': 10, '0110001': 16, '0000001': 9, '1000011': 18, '1010111': 8, '1101010': 10, '1111000': 11, '0111010': 22, '0000111': 18, '0001000': 4, '1011111': 9, '0010010': 3, '0110110': 11, '0010001': 7, '1000100': 22, '1100011': 7, '0001101': 20, '0101001': 11, '1100101': 17, '0000110': 10, '1110101': 14, '0110101': 14, '0100110': 11, '1011000': 10, '0111011': 23, '0111101': 16, '0011011': 20, '1001110': 13, '0110000': 13, '1010101': 4, '0110111': 9, '0001010': 8, '1101001': 9, '0111100': 12, '1111111': 11, '1001011': 7, '1001111': 16, '1101110': 12, '0100111': 12, '0101101': 14, '1100010': 7, '1011101': 5, '1010011': 21, '1101000': 9, '1100100': 21, '0110011': 1, '1110111': 6, '0101100': 11, '1011110': 12, '1010000': 2, '1110110': 4, '0011100': 6, '0001110': 2, '0011101': 10, '1110010': 13, '1011100': 7, '0101110': 7, '0001001': 5, '0010100': 14, '1101101': 1, '1110001': 2, '0000010': 4, '1010001': 5, '0101010': 6, '1011001': 12, '0101011': 10, '0010101': 12, '0001011': 8, '1000010': 8, '1000000': 4, '0011000': 5, '1000101': 12, '1001101': 1, '0011010': 19, '0000000': 3, '0010110': 10, '0110100': 6, '1010110': 5, '1111001': 10, '1110100': 7, '0011110': 7, '1101011': 9, '1101111': 5, '0100101': 1, '0010111': 5, '0011111': 2, '1001010': 10, '1111101': 3, '0010011': 7, '1111110': 8, '1111100': 5, '0000011': 4, '1010100': 5, '0101000': 5, '1001000': 9, '0100001': 11, '0111111': 4, '0100011': 4, '1000111': 1, '1100001': 5, '1011010': 3, '0011001': 1, '1100111': 1, '1000001': 1, '0111001': 1, '0100000': 1, '1101100': 2, '1100110': 1, '0111110': 3}"
vqe_7,1024,'0111100y',"{'1100000': 8, '1010001': 10, '0010001': 8, '1110011': 9, '0001100': 9, '1001001': 10, '0101111': 11, '0100011': 7, '0110010': 11, '0000001': 4, '1000011': 15, '1010111': 7, '1101001': 11, '1111001': 5, '0111001': 12, '0000101': 9, '0001000': 6, '1011111': 8, '0010011': 17, '0110110': 12, '0010010': 3, '1100011': 7, '0001111': 7, '0101001': 9, '1100110': 6, '1110110': 11, '0110101': 14, '0100101': 7, '0000010': 7, '1011001': 5, '0111010': 13, '1000100': 12, '0111110': 6, '0011011': 10, '1001101': 10, '0111111': 11, '0110001': 9, '1010101': 5, '0110111': 5, '0001011': 8, '0001001': 8, '0111101': 9, '0111000': 6, '1111111': 7, '1001100': 9, '1001111': 7, '1001010': 10, '1101110': 9, '0111100': 10, '0100111': 8, '0101110': 5, '1100001': 6, '1011101': 8, '1010011': 11, '1101000': 9, '1100100': 9, '1100101': 17, '0110011': 9, '1110111': 7, '0101100': 9, '0100110': 5, '1011110': 9, '0101101': 10, '1001011': 10, '1000010': 10, '1001110': 11, '0000111': 7, '0011101': 11, '1110010': 8, '0001110': 8, '1011000': 6, '0010000': 8, '1011100': 8, '1100010': 6, '1101010': 8, '1010100': 12, '1110001': 6, '0010100': 12, '1101100': 7, '0001010': 7, '1110000': 5, '1101101': 5, '0000011': 7, '0011010': 8, '1010000': 6, '0101010': 9, '1011010': 9, '0101011': 8, '1000000': 6, '0011000': 8, '1000110': 6, '1111110': 6, '0110000': 6, '0100100': 6, '1010010': 13, '1000001': 3, '0011001': 14, '0000000': 2, '0100010': 11, '0010110': 10, '0110100': 6, '1010110': 5, '1111011': 8, '0001101': 15, '1110100': 9, '0011110': 10, '0010101': 7, '1111010': 5, '0010111': 8, '0011111': 2, '1111100': 7, '1110101': 6, '1111000': 7, '1111101': 6, '0111011': 12, '0000110': 9, '1101011': 6, '0000100': 4, '1000111': 6, '1000101': 7, '1001000': 4, '1100111': 5, '1101111': 3, '0100001': 6, '0101000': 6, '1011011': 6, '0011100': 4, '0100000': 1}"
vqe_7,1024,'0111101y',"{'1100000': 8, '1010010': 14, '0010001': 8, '1110011': 9, '0001100': 9, '1001001': 10, '0101111': 11, '0100011': 7, '0110010': 11, '0000001': 4, '1000011': 15, '1010111': 7, '1010001': 9, '1101010': 9, '1111001': 4, '0111001': 12, '0000101': 9, '0001000': 6, '1011111': 8, '0010011': 17, '0110110': 12, '0010010': 3, '1100011': 7, '0001111': 7, '0101001': 9, '1100110': 6, '1110110': 10, '0110101': 14, '0100101': 7, '0000010': 7, '1011001': 5, '0111010': 13, '1000100': 12, '0111110': 7, '0011011': 10, '1001101': 10, '0111111': 11, '0110001': 9, '1010101': 5, '0110111': 5, '0001011': 8, '0001001': 8, '1101001': 10, '0111101': 8, '0111000': 6, '1111111': 7, '1001100': 9, '1001111': 7, '1001010': 10, '1101110': 9, '0111100': 10, '0100111': 8, '0101110': 5, '1100001': 6, '1011101': 8, '1010011': 11, '1101000': 9, '1100100': 9, '1100101': 17, '0110011': 9, '1110111': 7, '0101100': 9, '0100110': 5, '1011110': 9, '0101101': 10, '1001011': 10, '1000010': 10, '1001110': 11, '0000111': 7, '0011101': 11, '1110010': 8, '0001110': 8, '1011000': 6, '0010000': 8, '1011100': 8, '1100010': 6, '1010100': 12, '1110001': 6, '0010100': 12, '1101100': 7, '0001010': 7, '1110000': 5, '1101101': 5, '0000011': 6, '0011010': 8, '1010000': 6, '0101010': 9, '1011010': 9, '0101011': 8, '1000000': 6, '0011000': 8, '1000110': 6, '1111110': 6, '0110000': 6, '0100100': 6, '1000001': 3, '0011001': 14, '0000000': 2, '0100010': 11, '0010110': 10, '0110100': 6, '1010110': 5, '1111011': 8, '0001101': 15, '1110100': 9, '0011110': 10, '0010101': 7, '1111010': 5, '0010111': 8, '0011111': 2, '1111100': 7, '1110101': 7, '1111000': 8, '1111101': 6, '0111011': 12, '0000110': 9, '1101011': 6, '0000100': 5, '1000111': 6, '1000101': 7, '1001000': 4, '1100111': 5, '1101111': 3, '0100001': 6, '0101000': 6, '1011011': 6, '0011100': 4, '0100000': 1}"
vqe_7,1024,'0111110y',"{'1100000': 6, '1010010': 22, '0010000': 12, '1110011': 18, '0001100': 22, '1001001': 12, '0101111': 4, '0100010': 10, '0110001': 16, '0000001': 9, '1000011': 18, '1010111': 7, '1101010': 10, '1111000': 11, '0111010': 22, '0000111': 18, '0001000': 5, '1011111': 9, '0010010': 3, '0110110': 10, '0010001': 7, '1000100': 22, '1100011': 7, '0001101': 20, '0101001': 11, '1100101': 17, '0000110': 10, '1110101': 14, '0110101': 15, '0100110': 11, '1011000': 11, '0111011': 23, '0111101': 16, '0011011': 20, '1001110': 13, '0110000': 13, '1010101': 4, '0110111': 9, '0001010': 8, '1101001': 9, '0111100': 12, '1111111': 11, '1001011': 7, '1001111': 16, '1101110': 12, '0100111': 12, '0101101': 14, '1100010': 7, '1011101': 5, '1010011': 21, '1101000': 9, '1100100': 21, '0110011': 1, '1110111': 6, '0101100': 11, '1011110': 12, '1010000': 2, '1110110': 4, '0011100': 6, '0001110': 2, '0011101': 10, '1110010': 14, '1011100': 7, '0101110': 7, '0010100': 14, '1101101': 1, '1110001': 1, '0000010': 4, '0001001': 4, '1010001': 5, '0101010': 6, '1011001': 12, '0101011': 10, '0010101': 13, '0001011': 8, '1000010': 8, '1000000': 4, '0011000': 5, '1000101': 12, '1001101': 1, '0011010': 19, '0000000': 3, '0010110': 9, '0110100': 6, '1010110': 5, '1111001': 10, '1110100': 7, '0011110': 7, '1101011': 9, '1101111': 5, '0100100': 1, '0010111': 5, '0011111': 2, '1001010': 10, '1111101': 3, '0010011': 7, '1111110': 8, '1111100': 5, '0000011': 4, '1010100': 5, '0101000': 5, '1001000': 9, '0100001': 11, '0111111': 4, '0100011': 4, '1000111': 1, '1100001': 5, '1011011': 2, '0011001': 1, '1011010': 1, '1100111': 1, '1000001': 1, '0111001': 1, '0100000': 1, '1101100': 2, '1100110': 1, '0111110': 3}"
vqe_7,1024,'0111111y',"{'1100000': 8, '1010001': 17, '0010010': 11, '1110100': 11, '0001011': 10, '1001010': 16, '0101111': 13, '0100011': 10, '0110010': 19, '0000010': 7, '1000010': 9, '1010111': 7, '1101001': 12, '1111010': 15, '0111000': 21, '0000100': 14, '0001000': 6, '1011111': 5, '0010011': 19, '0110101': 12, '0001110': 20, '1000011': 7, '1100010': 6, '0001111': 14, '0101001': 9, '1100111': 11, '1110110': 13, '1011110': 8, '0110100': 16, '0100101': 14, '0000011': 8, '1011010': 16, '0111001': 20, '1000110': 18, '0111110': 10, '0011001': 12, '1001101': 21, '0111111': 15, '1010101': 7, '0110111': 3, '0001001': 12, '0111101': 8, '1111110': 5, '1001100': 16, '1101101': 15, '1100001': 8, '1011100': 8, '1010011': 6, '1101000': 9, '1100110': 24, '0110011': 16, '0101100': 3, '1011101': 9, '0101110': 11, '1001111': 2, '1000001': 11, '0000101': 19, '1110111': 10, '0011101': 8, '0011110': 12, '1110001': 13, '0111100': 5, '0010000': 6, '1011011': 12, '1101010': 6, '1010100': 13, '1110000': 9, '0100100': 13, '0010100': 10, '1101100': 11, '1010000': 12, '0101010': 12, '0101011': 7, '1000000': 8, '0010111': 10, '1000111': 10, '0110110': 5, '0011100': 7, '1111101': 8, '0101101': 4, '0011000': 20, '0000000': 2, '0010110': 11, '1010110': 5, '1111011': 12, '0010001': 2, '1100011': 7, '0011111': 5, '1001011': 10, '1111100': 11, '0010101': 6, '0100110': 1, '1110010': 1, '1111111': 1, '1101011': 4, '1001001': 4, '0100001': 6, '0001010': 4, '0101000': 5, '1001000': 4, '0100111': 1, '0011011': 1, '0100010': 6, '1110101': 3, '1101110': 1, '0100000': 1, '1010010': 2, '0110001': 1, '0110000': 2, '1011001': 1, '0000110': 1}"
vqe_7,1024,'1000000y',"{'1100000': 8, '1010001': 8, '0010001': 8, '1110011': 9, '0001100': 9, '1001001': 12, '0101111': 12, '0100011': 7, '0110001': 12, '0000001': 4, '1000011': 13, '1010111': 7, '1101001': 13, '1111001': 6, '0111001': 14, '0000110': 11, '0001000': 8, '1011111': 9, '0010011': 15, '0110110': 13, '0010010': 5, '1100010': 6, '0001111': 7, '0101001': 10, '1100110': 9, '0000101': 6, '1110110': 13, '0110101': 11, '0100110': 7, '0000010': 6, '1011001': 8, '0111010': 11, '1000100': 11, '0111110': 7, '0011011': 9, '1001101': 11, '0111111': 13, '1010101': 4, '0110111': 7, '0001011': 6, '0001001': 7, '0111101': 7, '0111000': 7, '1111111': 7, '1001100': 8, '1001111': 9, '1101110': 10, '0111100': 9, '0100111': 8, '1000010': 10, '0101110': 6, '1100001': 7, '1011101': 6, '1010011': 9, '1101000': 10, '1100100': 7, '1100101': 16, '0110011': 8, '1110111': 7, '0101100': 5, '1011110': 11, '0101101': 12, '1001011': 8, '1001110': 9, '0000111': 8, '0110010': 9, '0011101': 9, '0011110': 10, '1110001': 7, '0001110': 10, '1011000': 6, '0010000': 8, '1011100': 6, '1101010': 6, '1010100': 11, '0100101': 6, '0010100': 9, '1101101': 5, '0001010': 8, '1110000': 5, '0000011': 6, '0011010': 9, '1010000': 9, '0101010': 10, '1011010': 7, '0101011': 6, '1010110': 7, '1000000': 7, '0011000': 11, '1000110': 6, '1111110': 7, '0110000': 6, '1010010': 14, '1000001': 4, '0011001': 11, '0000000': 3, '0100010': 8, '0010110': 11, '0110100': 6, '1111011': 7, '0001101': 13, '1110100': 8, '1101100': 6, '0010111': 11, '1100011': 6, '0100100': 5, '0011111': 4, '1111100': 7, '0010101': 6, '1110101': 5, '1111000': 8, '1111101': 5, '0111011': 11, '1111010': 4, '1101011': 5, '1001010': 10, '0000100': 5, '1000111': 6, '1000101': 8, '1001000': 4, '1100111': 5, '1101111': 3, '0100001': 9, '0101000': 6, '1110010': 7, '1011011': 6, '0011100': 4, '0100000': 1}"
vqe_7,1024,'1000001y',"{'1100000': 8, '1010001': 8, '0010001': 8, '1110011': 9, '0001100': 9, '1001001': 12, '0101111': 12, '0100011': 7, '0110001': 12, '0000001': 4, '1000011': 13, '1010111': 7, '1101001': 13, '1111001': 6, '0111001': 14, '0000110': 11, '0001000': 8, '1011111': 9, '0010011': 15, '0110110': 13, '0010010': 5, '1100010': 6, '0001111': 7, '0101001': 10, '1100110': 10, '0000101': 6, '1110110': 11, '0110101': 11, '0100110': 7, '0000010': 6, '1011001': 8, '0111010': 11, '1000100': 11, '0111110': 7, '0011011': 9, '1001101': 11, '0111111': 13, '1010101': 5, '0110111': 7, '0001011': 6, '0001001': 7, '0111101': 7, '0111000': 7, '1111111': 8, '1001100': 8, '1001111': 9, '1101110': 9, '0111100': 9, '0100111': 8, '1000010': 9, '0101110': 6, '1100001': 7, '1011101': 6, '1010011': 9, '1101000': 10, '1100100': 7, '1100101': 15, '0110011': 8, '1110111': 7, '0101100': 6, '1011110': 11, '0101101': 11, '1001011': 8, '1001110': 9, '0000111': 8, '0110010': 9, '0011101': 9, '0011110': 10, '1110001': 7, '0001110': 9, '1011000': 6, '0010000': 8, '1011100': 6, '1101010': 6, '1010100': 11, '0100101': 6, '0010100': 9, '1101101': 6, '0001010': 8, '1110000': 5, '0000011': 6, '0011010': 9, '1010000': 9, '0101010': 10, '1011010': 8, '0101011': 6, '1000000': 7, '0011000': 11, '1000111': 7, '1111110': 6, '0110000': 6, '1010010': 14, '1000001': 5, '0011001': 11, '0000000': 3, '0100010': 7, '0010110': 11, '0110100': 6, '1010110': 6, '1111011': 7, '0001101': 14, '1110100': 8, '1101100': 6, '0010111': 11, '1100011': 6, '0100100': 5, '0011111': 4, '1000110': 5, '1111100': 6, '0010101': 6, '1110101': 7, '1111000': 8, '1111101': 6, '0111011': 11, '1111010': 4, '1101011': 5, '1001010': 10, '0000100': 5, '1000101': 8, '1001000': 4, '1100111': 5, '1101111': 3, '0100001': 10, '0101000': 6, '1110010': 7, '1011011': 5, '0011100': 4, '0100000': 1}"
vqe_7,1024,'1000010y',"{'1100000': 6, '1010010': 21, '0010000': 14, '1110011': 15, '0001100': 21, '1001001': 16, '0101111': 4, '0100010': 10, '0110000': 17, '0000001': 8, '1000011': 16, '1010111': 4, '1101010': 10, '1111000': 14, '0111010': 26, '0000110': 13, '0000111': 19, '1011111': 12, '0010001': 9, '0110110': 15, '1000100': 23, '1100011': 7, '0001101': 16, '0101001': 12, '1100101': 20, '1110110': 10, '0110101': 11, '0100110': 12, '1011000': 16, '0111011': 18, '0111101': 10, '0011011': 18, '1001110': 15, '0111110': 9, '1010101': 5, '0110111': 6, '0001011': 7, '0001001': 6, '1101001': 13, '0111100': 11, '1111111': 11, '1001101': 1, '1001111': 16, '1101110': 10, '0100111': 13, '0101101': 12, '1100010': 7, '1011101': 7, '1010011': 16, '1101000': 5, '1100100': 17, '0110001': 18, '0101100': 13, '1011110': 9, '1001100': 3, '1010000': 2, '1001011': 7, '1110111': 6, '0011101': 10, '0001110': 2, '1110010': 12, '1011100': 5, '0101110': 7, '1010100': 8, '0001000': 5, '0010100': 13, '0001010': 8, '1110001': 1, '0000010': 3, '0011010': 19, '1010001': 5, '0101010': 8, '1011001': 12, '0101011': 4, '1000010': 7, '1010110': 5, '1000000': 4, '0010111': 9, '1000101': 8, '0000000': 5, '0010110': 10, '0110100': 6, '1111001': 9, '1110100': 9, '0011110': 9, '0010101': 9, '1101100': 4, '1101111': 9, '0100101': 1, '0011111': 2, '0010011': 6, '1111101': 4, '1110101': 6, '0010010': 6, '1111110': 9, '1111100': 5, '0000011': 4, '1101011': 6, '1001010': 7, '1000110': 1, '1001000': 6, '0100000': 4, '0111111': 4, '0100011': 3, '0101000': 6, '0100001': 9, '1100001': 5, '1011010': 3, '1000111': 2, '0011100': 4, '1111010': 1, '1000001': 2, '1101101': 1, '1100111': 2, '0011000': 1, '0011001': 1}"
vqe_7,1024,'1000011y',"{'1100000': 11, '1010001': 18, '0010010': 11, '1110001': 15, '0001100': 2, '1001001': 10, '0101111': 13, '0100011': 10, '0110010': 17, '0000010': 6, '1000001': 15, '1010111': 7, '1010000': 15, '1101001': 12, '1111010': 13, '0111000': 17, '0000101': 18, '0001000': 8, '1011111': 7, '0010011': 17, '0110110': 9, '0001110': 19, '1000011': 5, '1100010': 6, '0001111': 15, '0101001': 10, '1100111': 11, '0000100': 12, '1110110': 13, '1011110': 9, '0110101': 14, '0100101': 12, '0000011': 7, '1011010': 15, '0111001': 25, '1000110': 19, '0111111': 16, '0011001': 16, '1001100': 18, '1010101': 6, '0110111': 6, '0001011': 6, '0001001': 8, '1101000': 12, '0111110': 12, '1111110': 4, '1001101': 17, '1101101': 12, '0100111': 3, '1100001': 7, '1011100': 7, '1100110': 25, '1010010': 4, '0110011': 17, '1110111': 10, '0101101': 2, '0101110': 16, '1001111': 2, '1001011': 9, '0000110': 2, '1011101': 7, '0011101': 7, '1000010': 6, '0011110': 11, '1110000': 12, '0111101': 6, '1011001': 2, '0010000': 7, '1011011': 10, '1111111': 3, '1101010': 4, '1010100': 13, '0010100': 7, '1101100': 10, '0100100': 11, '0001010': 8, '0101010': 10, '0101011': 10, '0010101': 6, '1000000': 9, '0011000': 22, '1000111': 12, '0011100': 7, '1111101': 7, '0000000': 2, '0010111': 10, '0110100': 6, '1111011': 11, '1110100': 8, '0011111': 7, '0010110': 10, '0010001': 2, '1100011': 5, '1011000': 1, '1111100': 10, '1110101': 5, '0101000': 4, '0111100': 5, '1101011': 5, '1001010': 9, '1010110': 5, '1001000': 5, '1101110': 2, '0100001': 6, '0001101': 2, '1010011': 2, '0011011': 1, '0101100': 1, '0100010': 6, '0100000': 1, '0100110': 1, '0110001': 1, '1110011': 1, '0000001': 1, '0110000': 2}"
vqe_7,1024,'1000100y',"{'1100000': 8, '1010001': 8, '0010001': 8, '1110011': 9, '0001100': 9, '1001001': 12, '0101111': 12, '0100011': 7, '0110001': 12, '0000001': 4, '1000011': 13, '1010111': 7, '1101001': 13, '1111001': 6, '0111001': 14, '0000110': 11, '0001000': 8, '1011111': 9, '0010011': 15, '0110110': 13, '0010010': 5, '1100010': 6, '0001111': 7, '0101001': 10, '1100110': 10, '0000101': 6, '1110110': 11, '0110101': 11, '0100110': 7, '0000010': 6, '1011001': 8, '0111010': 11, '1000100': 11, '0111110': 7, '0011011': 9, '1001101': 11, '0111111': 13, '1010101': 5, '0110111': 7, '0001011': 6, '0001001': 7, '0111101': 7, '0111000': 7, '1111111': 8, '1001100': 8, '1001111': 9, '1101110': 9, '0111100': 9, '0100111': 8, '1000010': 9, '0101110': 6, '1100001': 7, '1011101': 6, '1010011': 9, '1101000': 10, '1100100': 7, '1100101': 15, '0110011': 8, '1110111': 7, '0101100': 6, '1011110': 11, '0101101': 11, '1001011': 8, '1001110': 9, '0000111': 8, '0110010': 9, '0011101': 9, '0011110': 10, '1110001': 7, '0001110': 9, '1011000': 6, '0010000': 8, '1011100': 6, '1101010': 6, '1010100': 11, '0100101': 6, '0010100': 9, '1101101': 6, '0001010': 8, '1110000': 5, '0000011': 6, '0011010': 9, '1010000': 9, '0101010': 10, '1011010': 8, '0101011': 6, '1000000': 7, '0011000': 11, '1000111': 7, '1111110': 6, '0110000': 6, '1010010': 14, '1000001': 5, '0011001': 11, '0000000': 3, '0100010': 7, '0010110': 11, '0110100': 6, '1010110': 6, '1111011': 7, '0001101': 14, '1110100': 8, '1101100': 6, '0010111': 11, '1100011': 6, '0100100': 5, '0011111': 4, '1000110': 5, '1111100': 6, '0010101': 6, '1110101': 7, '1111000': 8, '1111101': 6, '0111011': 11, '1111010': 4, '1101011': 5, '1001010': 10, '0000100': 5, '1000101': 8, '1001000': 4, '1100111': 5, '1101111': 3, '0100001': 10, '0101000': 6, '1110010': 7, '1011011': 5, '0011100': 4, '0100000': 1}"
vqe_7,1024,'1000101y',"{'1100000': 8, '1010001': 8, '0010001': 8, '1110011': 9, '0001100': 9, '1001001': 12, '0101111': 12, '0100011': 7, '0110001': 12, '0000001': 4, '1000011': 13, '1010111': 7, '1101001': 13, '1111001': 6, '0111001': 14, '0000110': 11, '0001000': 8, '1011111': 9, '0010011': 15, '0110110': 13, '0010010': 5, '1100010': 6, '0001111': 7, '0101001': 10, '1100110': 9, '0000101': 6, '1110110': 13, '0110101': 11, '0100110': 7, '0000010': 6, '1011001': 8, '0111010': 11, '1000100': 11, '0111110': 7, '0011011': 9, '1001101': 11, '0111111': 13, '1010101': 4, '0110111': 7, '0001011': 6, '0001001': 7, '0111101': 7, '0111000': 7, '1111111': 7, '1001100': 8, '1001111': 9, '1101110': 10, '0111100': 9, '0100111': 8, '1000010': 10, '0101110': 6, '1100001': 7, '1011101': 6, '1010011': 9, '1101000': 10, '1100100': 7, '1100101': 16, '0110011': 8, '1110111': 7, '0101100': 5, '1011110': 11, '0101101': 12, '1001011': 8, '1001110': 9, '0000111': 8, '0110010': 9, '0011101': 9, '0011110': 10, '1110001': 7, '0001110': 10, '1011000': 6, '0010000': 8, '1011100': 6, '1101010': 6, '1010100': 11, '0100101': 6, '0010100': 9, '1101101': 5, '0001010': 8, '1110000': 5, '0000011': 6, '0011010': 9, '1010000': 9, '0101010': 10, '1011010': 7, '0101011': 6, '1010110': 7, '1000000': 7, '0011000': 11, '1000110': 6, '1111110': 7, '0110000': 6, '1010010': 14, '1000001': 4, '0011001': 11, '0000000': 3, '0100010': 8, '0010110': 11, '0110100': 6, '1111011': 7, '0001101': 13, '1110100': 8, '1101100': 6, '0010111': 11, '1100011': 6, '0100100': 5, '0011111': 4, '1111100': 7, '0010101': 6, '1110101': 5, '1111000': 8, '1111101': 5, '0111011': 11, '1111010': 4, '1101011': 5, '1001010': 10, '0000100': 5, '1000111': 6, '1000101': 8, '1001000': 4, '1100111': 5, '1101111': 3, '0100001': 9, '0101000': 6, '1110010': 7, '1011011': 6, '0011100': 4, '0100000': 1}"
vqe_7,1024,'1000110y',"{'1100000': 11, '1010001': 18, '0010010': 11, '1110001': 15, '0001100': 2, '1001001': 10, '0101111': 13, '0100011': 10, '0110010': 17, '0000010': 6, '1000001': 15, '1010111': 7, '1010000': 15, '1101001': 12, '1111010': 13, '0111000': 17, '0000101': 18, '0001000': 8, '1011111': 7, '0010011': 17, '0110110': 9, '0001110': 19, '1000011': 5, '1100010': 6, '0001111': 15, '0101001': 10, '1100111': 11, '0000100': 12, '1110110': 13, '1011110': 9, '0110101': 14, '0100101': 12, '0000011': 7, '1011010': 15, '0111001': 25, '1000110': 19, '0111111': 16, '0011001': 16, '1001100': 18, '1010101': 6, '0110111': 6, '0001011': 6, '0001001': 8, '1101000': 12, '0111110': 12, '1111110': 5, '1001101': 17, '1101101': 12, '0100111': 3, '1100001': 7, '1011100': 8, '1100110': 25, '1010010': 4, '0110011': 17, '1110111': 10, '0101101': 2, '0101110': 16, '1001111': 2, '1001011': 9, '0000110': 2, '1011101': 6, '0011101': 7, '1000010': 6, '0011110': 11, '1110000': 12, '0111101': 6, '1011001': 2, '0010000': 7, '1011011': 10, '1101010': 5, '1010100': 13, '0010100': 6, '1101100': 10, '0100100': 11, '0001010': 8, '0101010': 10, '0101011': 10, '0010101': 7, '1000000': 9, '0011000': 22, '1000111': 12, '0011100': 7, '1111101': 7, '0000000': 2, '0010111': 10, '0110100': 6, '1111011': 11, '1110100': 8, '0011111': 7, '0010110': 10, '0010001': 2, '1100011': 5, '1011000': 1, '1111100': 10, '1110101': 5, '0101000': 4, '0111100': 5, '1111111': 2, '1001010': 9, '1010110': 5, '1101011': 4, '1001000': 5, '1101110': 2, '0100001': 6, '0001101': 2, '1010011': 2, '0011011': 1, '0101100': 1, '0100010': 6, '0100000': 1, '0100110': 1, '0110001': 1, '1110011': 1, '0000001': 1, '0110000': 2}"
vqe_7,1024,'1000111y',"{'1100000': 6, '1010010': 21, '0010000': 14, '1110011': 15, '0001100': 21, '1001001': 16, '0101111': 4, '0100010': 10, '0110000': 17, '0000001': 8, '1000011': 16, '1010111': 4, '1101010': 10, '1111000': 14, '0111010': 26, '0000110': 13, '0000111': 19, '1011111': 12, '0010001': 10, '0110110': 15, '1000100': 23, '1100011': 7, '0001101': 16, '0101001': 12, '1100101': 20, '1110110': 10, '0110101': 11, '0100110': 12, '1011001': 14, '0111011': 18, '0111101': 10, '0011011': 18, '1001110': 15, '0111110': 9, '1010101': 5, '0110111': 6, '0001011': 7, '0001001': 6, '1101001': 13, '0111100': 11, '1111111': 11, '1001101': 1, '1001111': 16, '1101110': 10, '0100111': 13, '0101101': 12, '1100010': 7, '1011000': 14, '1011101': 7, '1010011': 16, '1101000': 5, '1100100': 17, '0110001': 18, '0101100': 13, '1011110': 9, '1001100': 3, '1010000': 2, '1001011': 7, '1110111': 6, '0011101': 10, '0001110': 2, '1110010': 12, '1011100': 5, '0101110': 7, '1010100': 8, '0001000': 5, '0010100': 13, '0001010': 8, '1110001': 1, '0000010': 3, '0011010': 19, '1010001': 5, '0101010': 8, '0101011': 4, '1000010': 7, '1010110': 5, '1000000': 4, '0010111': 9, '1000101': 8, '0000000': 5, '0010110': 10, '0110100': 6, '1111001': 9, '1110100': 9, '0011110': 9, '0010101': 9, '1101100': 4, '1101111': 9, '0100101': 1, '0011111': 2, '0010011': 6, '1111101': 4, '1110101': 6, '0010010': 5, '1111110': 9, '1111100': 5, '0000011': 4, '1101011': 6, '1001010': 7, '1000110': 1, '1001000': 6, '0100000': 4, '0111111': 4, '0100011': 3, '0101000': 6, '0100001': 9, '1100001': 5, '1011010': 3, '1000111': 2, '0011100': 4, '1111010': 1, '1000001': 2, '1101101': 1, '1100111': 2, '0011000': 1, '0011001': 1}"
vqe_7,1024,'1001000y',"{'1100000': 8, '1010001': 8, '0010001': 8, '1110011': 9, '0001100': 9, '1001001': 12, '0101111': 12, '0100011': 7, '0110001': 12, '0000001': 4, '1000011': 13, '1010111': 7, '1101001': 13, '1111001': 6, '0111001': 14, '0000110': 12, '0001000': 8, '1011111': 9, '0010011': 15, '0110110': 13, '0010010': 5, '1100010': 6, '0001111': 7, '0101001': 10, '1100110': 9, '0000101': 6, '1110110': 12, '0110101': 11, '0100110': 7, '0000010': 6, '1011001': 8, '0111010': 11, '1000100': 11, '0111110': 7, '0011011': 9, '1001101': 11, '0111111': 13, '1010101': 4, '0110111': 7, '0001011': 6, '0001001': 7, '0111101': 7, '0111000': 7, '1111111': 8, '1001100': 8, '1001111': 9, '1101110': 10, '0111100': 9, '0100111': 8, '1000010': 9, '0101110': 6, '1100001': 7, '1011101': 6, '1010011': 9, '1101000': 10, '1100100': 7, '1100101': 16, '0110011': 8, '1110111': 7, '0101100': 5, '1011110': 11, '0101101': 12, '1001011': 8, '1001110': 9, '0000111': 7, '0110010': 9, '0011101': 9, '0011110': 10, '1110001': 7, '0001110': 10, '1011000': 6, '0010000': 8, '1011100': 6, '1101010': 6, '1010100': 11, '0100101': 6, '0010100': 9, '1101101': 5, '0001010': 8, '1110000': 5, '0000011': 6, '0011010': 9, '1010000': 9, '0101010': 10, '1011010': 7, '0101011': 6, '1010110': 7, '1000000': 7, '0011000': 11, '1000110': 6, '1111110': 6, '0110000': 6, '1010010': 14, '1000001': 5, '0011001': 11, '0000000': 3, '0100010': 8, '0010110': 11, '0110100': 6, '1111011': 7, '0001101': 13, '1110100': 8, '1101100': 6, '0010111': 11, '1100011': 6, '0100100': 5, '0011111': 4, '1111100': 7, '0010101': 6, '1110101': 6, '1111000': 8, '1111101': 5, '0111011': 11, '1111010': 4, '1101011': 5, '1001010': 10, '0000100': 5, '1000111': 6, '1000101': 8, '1001000': 4, '1100111': 5, '1101111': 3, '0100001': 9, '0101000': 6, '1110010': 7, '1011011': 6, '0011100': 4, '0100000': 1}"
vqe_7,1024,'1001001y',"{'1100000': 8, '1010001': 8, '0010001': 8, '1110011': 9, '0001100': 9, '1001001': 12, '0101111': 12, '0100011': 7, '0110001': 12, '0000001': 4, '1000011': 13, '1010111': 7, '1101001': 13, '1111001': 6, '0111001': 14, '0000110': 12, '0001000': 8, '1011111': 9, '0010011': 15, '0110110': 13, '0010010': 5, '1100010': 6, '0001111': 7, '0101001': 10, '1100110': 9, '0000101': 6, '1110110': 13, '0110101': 11, '0100110': 7, '0000010': 6, '1011001': 8, '0111010': 11, '1000100': 11, '0111110': 7, '0011011': 9, '1001101': 11, '0111111': 13, '1010101': 4, '0110111': 7, '0001011': 6, '0001001': 7, '0111101': 7, '0111000': 7, '1111111': 7, '1001100': 8, '1001111': 9, '1101110': 10, '0111100': 9, '0100111': 8, '1000010': 10, '0101110': 6, '1100001': 7, '1011101': 6, '1010011': 9, '1101000': 10, '1100100': 7, '1100101': 16, '0110011': 8, '1110111': 7, '0101100': 5, '1011110': 11, '0101101': 12, '1001011': 8, '1001110': 9, '0000111': 7, '0110010': 9, '0011101': 9, '0011110': 10, '1110001': 7, '0001110': 10, '1011000': 6, '0010000': 8, '1011100': 6, '1101010': 6, '1010100': 11, '0100101': 6, '0010100': 9, '1101101': 5, '0001010': 8, '1110000': 5, '0000011': 6, '0011010': 9, '1010000': 9, '0101010': 10, '1011010': 7, '0101011': 6, '1010110': 7, '1000000': 7, '0011000': 11, '1000110': 6, '1111110': 7, '0110000': 6, '1010010': 14, '1000001': 4, '0011001': 11, '0000000': 3, '0100010': 8, '0010110': 11, '0110100': 6, '1111011': 7, '0001101': 13, '1110100': 8, '1101100': 6, '0010111': 11, '1100011': 6, '0100100': 5, '0011111': 4, '1111100': 7, '0010101': 6, '1110101': 5, '1111000': 8, '1111101': 5, '0111011': 11, '1111010': 4, '1101011': 5, '1001010': 10, '0000100': 5, '1000111': 6, '1000101': 8, '1001000': 4, '1100111': 5, '1101111': 3, '0100001': 9, '0101000': 6, '1110010': 7, '1011011': 6, '0011100': 4, '0100000': 1}"
vqe_7,1024,'1001010y',"{'1100000': 10, '1010001': 19, '0010010': 11, '1110001': 16, '0001011': 9, '1001001': 9, '0101111': 15, '0100011': 8, '0110010': 17, '0000010': 6, '1000001': 14, '1010111': 7, '1101001': 13, '1111010': 13, '0111000': 18, '0000101': 20, '0001000': 9, '1011111': 8, '0010011': 17, '0110110': 10, '0001110': 20, '1000011': 6, '1100010': 7, '0001111': 14, '0101001': 11, '1100111': 12, '0000100': 12, '1110110': 14, '0110101': 12, '0100101': 11, '0000011': 7, '1011010': 16, '0111001': 24, '1000110': 18, '0111111': 16, '0011001': 14, '1001101': 19, '1010101': 6, '0110111': 5, '0001001': 10, '1101000': 11, '0111110': 11, '1111110': 4, '1001100': 15, '1001010': 11, '1101101': 13, '0111101': 7, '0100111': 3, '1100001': 6, '1011101': 8, '1010010': 4, '1100110': 24, '1010011': 3, '0110011': 16, '1110111': 10, '0101100': 2, '1011110': 8, '0101110': 15, '1010000': 14, '0011101': 7, '0011110': 13, '0010000': 8, '1011011': 11, '1111111': 3, '1101010': 4, '1010100': 13, '1110000': 11, '0100100': 12, '0010100': 9, '1101100': 8, '0101010': 12, '0101011': 6, '0001010': 6, '1011100': 6, '1000000': 9, '0011000': 23, '0101101': 2, '1000111': 12, '0011100': 6, '1111101': 7, '0000000': 2, '0010111': 10, '0110100': 8, '1010110': 5, '1111011': 11, '0100010': 8, '1110100': 9, '0010110': 11, '1001011': 9, '1100011': 5, '0011011': 1, '0011111': 5, '1011000': 2, '1111100': 10, '1110101': 4, '0010101': 4, '0101000': 5, '0111100': 5, '1101011': 5, '1001111': 1, '1001000': 4, '1101110': 3, '1000010': 6, '0100001': 6, '0110000': 2, '0011010': 1, '0100000': 1, '0100110': 1, '0000001': 1, '1001110': 1, '1100100': 1, '0001101': 1}"
vqe_7,1024,'1001011y',"{'1100000': 7, '1010010': 20, '0010000': 13, '1110011': 15, '0001100': 20, '1001001': 18, '0101111': 9, '0100010': 10, '0110001': 19, '0000001': 8, '1000011': 16, '1010111': 8, '1101010': 10, '1111000': 13, '0111010': 25, '0000110': 13, '0001000': 6, '1011111': 10, '0010010': 5, '0110110': 12, '0010001': 9, '1000100': 23, '1100011': 6, '0001110': 2, '0101001': 12, '1100101': 18, '1110110': 8, '0110101': 12, '0100110': 11, '1011000': 11, '0111011': 19, '0111101': 10, '0011011': 19, '1001110': 14, '0111110': 9, '0110000': 15, '1010101': 4, '0110111': 8, '0001011': 6, '0001001': 6, '1101001': 10, '0111100': 11, '1111111': 11, '1001011': 8, '1001111': 18, '1101110': 13, '0100111': 13, '0101101': 14, '1100010': 8, '1011101': 7, '1010011': 16, '1101000': 9, '1100100': 19, '0101100': 11, '1011110': 11, '0000111': 18, '1110111': 6, '0011101': 10, '0001111': 3, '1110010': 13, '0001101': 15, '1011100': 5, '1010100': 7, '0010100': 13, '0001010': 7, '1110000': 2, '0000010': 3, '0011010': 19, '1010001': 5, '0101010': 7, '1011001': 13, '0101011': 5, '0010101': 11, '1000010': 7, '1010110': 6, '1000000': 4, '0010111': 10, '1000101': 11, '0000000': 5, '0010110': 10, '0110100': 5, '1111001': 12, '1110100': 7, '0011110': 9, '1101011': 8, '1101111': 5, '1010000': 3, '1110101': 9, '0100101': 1, '0011111': 2, '1001010': 8, '1111101': 4, '0010011': 5, '1111110': 9, '1111100': 3, '0000011': 4, '0110011': 2, '1001000': 6, '0100001': 11, '0111111': 4, '0100011': 4, '1101100': 2, '0101000': 7, '1100001': 4, '1011010': 2, '0011000': 1, '0011100': 4, '0110010': 1, '1000001': 2, '0100000': 1, '1001100': 1, '1100111': 1, '0011001': 1, '0111001': 1, '1101101': 1, '1100110': 1}"
vqe_7,1024,'1001100y',"{'1100000': 8, '1010001': 8, '0010001': 8, '1110011': 9, '0001100': 9, '1001001': 12, '0101111': 12, '0100011': 7, '0110001': 12, '0000001': 4, '1000011': 13, '1010111': 7, '1101001': 13, '1111001': 6, '0111001': 14, '0000110': 12, '0001000': 8, '1011111': 9, '0010011': 15, '0110110': 13, '0010010': 5, '1100010': 6, '0001111': 7, '0101001': 10, '1100110': 9, '0000101': 6, '1110110': 13, '0110101': 11, '0100110': 7, '0000010': 6, '1011001': 8, '0111010': 11, '1000100': 11, '0111110': 7, '0011011': 9, '1001101': 11, '0111111': 13, '1010101': 4, '0110111': 7, '0001011': 6, '0001001': 7, '0111101': 7, '0111000': 7, '1111111': 7, '1001100': 8, '1001111': 9, '1101110': 10, '0111100': 9, '0100111': 8, '1000010': 10, '0101110': 6, '1100001': 7, '1011101': 6, '1010011': 9, '1101000': 10, '1100100': 7, '1100101': 16, '0110011': 8, '1110111': 7, '0101100': 5, '1011110': 11, '0101101': 12, '1001011': 8, '1001110': 9, '0000111': 7, '0110010': 9, '0011101': 9, '0011110': 10, '1110001': 7, '0001110': 10, '1011000': 6, '0010000': 8, '1011100': 6, '1101010': 6, '1010100': 11, '0100101': 6, '0010100': 9, '1101101': 5, '0001010': 8, '1110000': 5, '0000011': 6, '0011010': 9, '1010000': 9, '0101010': 10, '1011010': 7, '0101011': 6, '1010110': 7, '1000000': 7, '0011000': 11, '1000110': 6, '1111110': 7, '0110000': 6, '1010010': 14, '1000001': 4, '0011001': 11, '0000000': 3, '0100010': 8, '0010110': 11, '0110100': 6, '1111011': 7, '0001101': 13, '1110100': 8, '1101100': 6, '0010111': 11, '1100011': 6, '0100100': 5, '0011111': 4, '1111100': 7, '0010101': 6, '1110101': 5, '1111000': 8, '1111101': 5, '0111011': 11, '1111010': 4, '1101011': 5, '1001010': 10, '0000100': 5, '1000111': 6, '1000101': 8, '1001000': 4, '1100111': 5, '1101111': 3, '0100001': 9, '0101000': 6, '1110010': 7, '1011011': 6, '0011100': 4, '0100000': 1}"
vqe_7,1024,'1001101y',"{'1100000': 8, '1010001': 8, '0010001': 8, '1110011': 9, '0001100': 9, '1001001': 12, '0101111': 12, '0100011': 7, '0110001': 12, '0000001': 4, '1000011': 13, '1010111': 7, '1101001': 13, '1111001': 6, '0111001': 14, '0000110': 12, '0001000': 8, '1011111': 9, '0010011': 15, '0110110': 13, '0010010': 5, '1100010': 6, '0001111': 7, '0101001': 10, '1100110': 9, '0000101': 6, '1110110': 12, '0110101': 11, '0100110': 7, '0000010': 6, '1011001': 8, '0111010': 11, '1000100': 11, '0111110': 7, '0011011': 9, '1001101': 11, '0111111': 13, '1010101': 4, '0110111': 7, '0001011': 6, '0001001': 7, '0111101': 7, '0111000': 7, '1111111': 8, '1001100': 8, '1001111': 9, '1101110': 10, '0111100': 9, '0100111': 8, '1000010': 9, '0101110': 6, '1100001': 7, '1011101': 6, '1010011': 9, '1101000': 10, '1100100': 7, '1100101': 16, '0110011': 8, '1110111': 7, '0101100': 5, '1011110': 11, '0101101': 12, '1001011': 8, '1001110': 9, '0000111': 7, '0110010': 9, '0011101': 9, '0011110': 10, '1110001': 7, '0001110': 10, '1011000': 6, '0010000': 8, '1011100': 6, '1101010': 6, '1010100': 11, '0100101': 6, '0010100': 9, '1101101': 5, '0001010': 8, '1110000': 5, '0000011': 6, '0011010': 9, '1010000': 9, '0101010': 10, '1011010': 7, '0101011': 6, '1010110': 7, '1000000': 7, '0011000': 11, '1000110': 6, '1111110': 6, '0110000': 6, '1010010': 14, '1000001': 5, '0011001': 11, '0000000': 3, '0100010': 8, '0010110': 11, '0110100': 6, '1111011': 7, '0001101': 13, '1110100': 8, '1101100': 6, '0010111': 11, '1100011': 6, '0100100': 5, '0011111': 4, '1111100': 7, '0010101': 6, '1110101': 6, '1111000': 8, '1111101': 5, '0111011': 11, '1111010': 4, '1101011': 5, '1001010': 10, '0000100': 5, '1000111': 6, '1000101': 8, '1001000': 4, '1100111': 5, '1101111': 3, '0100001': 9, '0101000': 6, '1110010': 7, '1011011': 6, '0011100': 4, '0100000': 1}"
vqe_7,1024,'1001110y',"{'1100000': 7, '1010010': 19, '0010000': 13, '1110011': 15, '0001100': 20, '1001001': 18, '0101111': 9, '0100010': 10, '0110001': 17, '0000001': 8, '1000011': 16, '1010111': 8, '1101010': 10, '1111000': 13, '0111010': 25, '0000110': 13, '0001000': 6, '1011111': 12, '0010001': 10, '0110110': 12, '1000100': 23, '1100011': 6, '0001110': 3, '0101001': 12, '1100101': 18, '1110110': 8, '0110101': 12, '0100110': 11, '1011000': 11, '0111011': 19, '0111101': 10, '0011011': 19, '1001110': 14, '0111110': 9, '0110000': 17, '1010101': 4, '0110111': 8, '0001011': 6, '0001001': 6, '1101001': 11, '0111100': 11, '1111111': 11, '1001011': 8, '1001111': 18, '1101110': 13, '0100111': 14, '0101101': 14, '1100010': 8, '1011101': 7, '1010011': 17, '1101000': 8, '1100100': 19, '0101100': 11, '1011110': 9, '0000111': 18, '1110111': 6, '0011101': 10, '0001111': 2, '1110010': 13, '0001101': 15, '1011100': 5, '1010100': 7, '0010100': 14, '0001010': 7, '1110000': 2, '0000010': 3, '0011010': 19, '1010001': 5, '0101010': 7, '1011001': 13, '0101011': 5, '1000010': 7, '1010110': 6, '1000000': 4, '0010111': 10, '1000101': 11, '0000000': 5, '0010110': 10, '0110100': 5, '1111001': 12, '1110100': 7, '0011110': 9, '0010101': 10, '1101011': 8, '1101111': 5, '1010000': 3, '1110101': 9, '0100101': 1, '0011111': 2, '1001010': 8, '1111101': 4, '0010011': 5, '0010010': 4, '1111110': 9, '1111100': 3, '0000011': 4, '0110011': 2, '1001000': 6, '0100001': 11, '0111111': 4, '0100011': 4, '1101100': 2, '0101000': 6, '1100001': 4, '1011010': 2, '0011000': 1, '0011100': 4, '0110010': 1, '1000001': 2, '0100000': 1, '1001100': 1, '1100111': 1, '0011001': 1, '0111001': 1, '1101101': 1, '1100110': 1}"
vqe_7,1024,'1001111y',"{'1100000': 10, '1010001': 19, '0010010': 11, '1110001': 16, '0001011': 9, '1001001': 9, '0101111': 15, '0100011': 8, '0110010': 16, '0000010': 6, '1000001': 14, '1010111': 7, '1101001': 13, '1111010': 13, '0111000': 18, '0000101': 20, '0001000': 9, '1011111': 8, '0010011': 17, '0110110': 10, '0001110': 20, '1000011': 6, '1100010': 7, '0001111': 14, '0101001': 11, '1100111': 12, '0000100': 12, '1110110': 14, '0110101': 12, '0100101': 11, '0000011': 7, '1011010': 16, '0111001': 24, '1000110': 18, '0111111': 16, '0011001': 14, '1001101': 19, '1010101': 6, '0110111': 5, '0001001': 10, '1101000': 11, '0111110': 11, '1111110': 4, '1001100': 15, '1001010': 11, '1101101': 13, '0111101': 7, '0100111': 3, '1100001': 6, '1011101': 8, '1010010': 4, '1100110': 24, '1010011': 3, '0110011': 17, '1110111': 10, '0101100': 2, '1011110': 8, '0101110': 15, '1010000': 14, '0011101': 7, '0011110': 12, '0010000': 8, '1011011': 11, '1111111': 3, '1101010': 4, '1010100': 13, '1110000': 11, '0100100': 12, '0010100': 9, '1101100': 8, '0101010': 11, '0101011': 7, '0001010': 6, '1011100': 6, '1000000': 9, '0011000': 23, '0101101': 2, '1000111': 12, '0011100': 6, '1111101': 7, '0000000': 2, '0010111': 10, '0110100': 8, '1010110': 5, '1111011': 11, '0100010': 8, '1110100': 9, '0010110': 11, '1001011': 9, '1100011': 5, '0011011': 1, '0011111': 6, '1011000': 2, '1111100': 10, '1110101': 4, '0010101': 4, '0101000': 5, '0111100': 5, '1101011': 5, '1001110': 2, '1001000': 4, '1101110': 3, '1000010': 6, '0100001': 6, '0110000': 2, '0011010': 1, '0100000': 1, '0100110': 1, '0000001': 1, '1100100': 1, '0001101': 1}"
vqe_7,1024,'1010000y',"{'1100000': 8, '1010010': 14, '0010001': 8, '1110011': 9, '0001100': 9, '1001001': 10, '0101111': 11, '0100011': 7, '0110010': 11, '0000001': 4, '1000011': 15, '1010111': 7, '1010001': 9, '1101010': 9, '1111001': 4, '0111001': 12, '0000101': 9, '0001000': 6, '1011111': 8, '0010011': 17, '0110110': 12, '0010010': 3, '1100011': 7, '0001111': 7, '0101001': 9, '1100110': 6, '1110110': 10, '0110101': 14, '0100101': 7, '0000010': 7, '1011001': 5, '0111010': 13, '1000100': 12, '0111110': 7, '0011011': 10, '1001101': 10, '0111111': 11, '0110001': 9, '1010101': 5, '0110111': 5, '0001011': 8, '0001001': 8, '1101001': 10, '0111101': 8, '0111000': 6, '1111111': 7, '1001100': 9, '1001111': 7, '1001010': 10, '1101110': 9, '0111100': 10, '0100111': 8, '0101110': 5, '1100001': 6, '1011101': 8, '1010011': 11, '1101000': 9, '1100100': 9, '1100101': 17, '0110011': 9, '1110111': 7, '0101100': 9, '0100110': 5, '1011110': 9, '0101101': 10, '1001011': 10, '1000010': 10, '1001110': 11, '0000111': 7, '0011101': 11, '1110010': 8, '0001110': 8, '1011000': 6, '0010000': 8, '1011100': 8, '1100010': 6, '1010100': 12, '1110001': 6, '0010100': 12, '1101100': 7, '0001010': 7, '1110000': 5, '1101101': 5, '0000011': 6, '0011010': 8, '1010000': 6, '0101010': 9, '1011010': 9, '0101011': 8, '1000000': 6, '0011000': 8, '1000110': 6, '1111110': 6, '0110000': 6, '0100100': 6, '1000001': 3, '0011001': 14, '0000000': 2, '0100010': 11, '0010110': 10, '0110100': 6, '1010110': 5, '1111011': 8, '0001101': 15, '1110100': 9, '0011110': 10, '0010101': 7, '1111010': 5, '0010111': 8, '0011111': 2, '1111100': 7, '1110101': 7, '1111000': 8, '1111101': 6, '0111011': 12, '0000110': 9, '1101011': 6, '0000100': 5, '1000111': 6, '1000101': 7, '1001000': 4, '1100111': 5, '1101111': 3, '0100001': 6, '0101000': 6, '1011011': 6, '0011100': 4, '0100000': 1}"
vqe_7,1024,'1010001y',"{'1100000': 8, '1010001': 10, '0010001': 8, '1110011': 9, '0001100': 9, '1001001': 10, '0101111': 11, '0100011': 7, '0110010': 11, '0000001': 4, '1000011': 15, '1010111': 7, '1101001': 11, '1111001': 5, '0111001': 12, '0000101': 9, '0001000': 6, '1011111': 8, '0010011': 17, '0110110': 12, '0010010': 3, '1100011': 7, '0001111': 7, '0101001': 9, '1100110': 6, '1110110': 11, '0110101': 14, '0100101': 7, '0000010': 7, '1011001': 5, '0111010': 13, '1000100': 12, '0111110': 6, '0011011': 10, '1001101': 10, '0111111': 11, '0110001': 9, '1010101': 5, '0110111': 5, '0001011': 8, '0001001': 8, '0111101': 9, '0111000': 6, '1111111': 7, '1001100': 9, '1001111': 7, '1001010': 10, '1101110': 9, '0111100': 10, '0100111': 8, '0101110': 5, '1100001': 6, '1011101': 8, '1010011': 11, '1101000': 9, '1100100': 9, '1100101': 17, '0110011': 9, '1110111': 7, '0101100': 9, '0100110': 5, '1011110': 9, '0101101': 10, '1001011': 10, '1000010': 10, '1001110': 11, '0000111': 7, '0011101': 11, '1110010': 8, '0001110': 8, '1011000': 6, '0010000': 8, '1011100': 8, '1100010': 6, '1101010': 8, '1010100': 12, '1110001': 6, '0010100': 12, '1101100': 7, '0001010': 7, '1110000': 5, '1101101': 5, '0000011': 7, '0011010': 8, '1010000': 6, '0101010': 9, '1011010': 9, '0101011': 8, '1000000': 6, '0011000': 8, '1000110': 6, '1111110': 6, '0110000': 6, '0100100': 6, '1010010': 13, '1000001': 3, '0011001': 14, '0000000': 2, '0100010': 11, '0010110': 10, '0110100': 6, '1010110': 5, '1111011': 8, '0001101': 15, '1110100': 9, '0011110': 10, '0010101': 7, '1111010': 5, '0010111': 8, '0011111': 2, '1111100': 7, '1110101': 6, '1111000': 7, '1111101': 6, '0111011': 12, '0000110': 9, '1101011': 6, '0000100': 4, '1000111': 6, '1000101': 7, '1001000': 4, '1100111': 5, '1101111': 3, '0100001': 6, '0101000': 6, '1011011': 6, '0011100': 4, '0100000': 1}"
vqe_7,1024,'1010010y',"{'1100000': 8, '1010001': 17, '0010010': 11, '1110100': 11, '0001011': 10, '1001010': 16, '0101111': 13, '0100011': 10, '0110010': 19, '0000010': 7, '1000010': 9, '1010111': 7, '1101001': 12, '1111010': 15, '0111000': 21, '0000100': 14, '0001000': 6, '1011111': 5, '0010011': 19, '0110101': 12, '0001110': 20, '1000011': 7, '1100010': 6, '0001111': 14, '0101001': 9, '1100111': 11, '1110110': 13, '1011110': 8, '0110100': 16, '0100101': 14, '0000011': 8, '1011010': 16, '0111001': 20, '1000110': 18, '0111110': 10, '0011001': 12, '1001101': 21, '0111111': 15, '1010101': 7, '0110111': 3, '0001001': 12, '0111101': 8, '1111110': 5, '1001100': 16, '1101101': 15, '1100001': 8, '1011100': 8, '1010011': 6, '1101000': 9, '1100110': 24, '0110011': 16, '0101100': 3, '1011101': 9, '0101110': 11, '1001111': 2, '1000001': 11, '0000101': 19, '1110111': 10, '0011101': 8, '0011110': 12, '1110001': 13, '0111100': 5, '0010000': 6, '1011011': 12, '1101010': 6, '1010100': 13, '1110000': 9, '0100100': 13, '0010100': 10, '1101100': 11, '1010000': 12, '0101010': 12, '0101011': 7, '1000000': 8, '0010111': 10, '1000111': 10, '0110110': 5, '0011100': 7, '1111101': 8, '0101101': 4, '0011000': 20, '0000000': 2, '0010110': 11, '1010110': 5, '1111011': 12, '0010001': 2, '1100011': 7, '0011111': 5, '1001011': 10, '1111100': 11, '0010101': 6, '0100110': 1, '1110010': 1, '1111111': 1, '1101011': 4, '1001001': 4, '0100001': 6, '0001010': 4, '0101000': 5, '1001000': 4, '0100111': 1, '0011011': 1, '0100010': 6, '1110101': 3, '1101110': 1, '0100000': 1, '1010010': 2, '0110001': 1, '0110000': 2, '1011001': 1, '0000110': 1}"
vqe_7,1024,'1010011y',"{'1100000': 6, '1010010': 22, '0010000': 12, '1110011': 18, '0001100': 22, '1001001': 12, '0101111': 4, '0100010': 10, '0110001': 16, '0000001': 9, '1000011': 18, '1010111': 7, '1101010': 10, '1111000': 11, '0111010': 22, '0000111': 18, '0001000': 5, '1011111': 9, '0010010': 3, '0110110': 10, '0010001': 7, '1000100': 22, '1100011': 7, '0001101': 20, '0101001': 11, '1100101': 17, '0000110': 10, '1110101': 14, '0110101': 15, '0100110': 11, '1011000': 11, '0111011': 23, '0111101': 16, '0011011': 20, '1001110': 13, '0110000': 13, '1010101': 4, '0110111': 9, '0001010': 8, '1101001': 9, '0111100': 12, '1111111': 11, '1001011': 7, '1001111': 16, '1101110': 12, '0100111': 12, '0101101': 14, '1100010': 7, '1011101': 5, '1010011': 21, '1101000': 9, '1100100': 21, '0110011': 1, '1110111': 6, '0101100': 11, '1011110': 12, '1010000': 2, '1110110': 4, '0011100': 6, '0001110': 2, '0011101': 10, '1110010': 14, '1011100': 7, '0101110': 7, '0010100': 14, '1101101': 1, '1110001': 1, '0000010': 4, '0001001': 4, '1010001': 5, '0101010': 6, '1011001': 12, '0101011': 10, '0010101': 13, '0001011': 8, '1000010': 8, '1000000': 4, '0011000': 5, '1000101': 12, '1001101': 1, '0011010': 19, '0000000': 3, '0010110': 9, '0110100': 6, '1010110': 5, '1111001': 10, '1110100': 7, '0011110': 7, '1101011': 9, '1101111': 5, '0100100': 1, '0010111': 5, '0011111': 2, '1001010': 10, '1111101': 3, '0010011': 7, '1111110': 8, '1111100': 5, '0000011': 4, '1010100': 5, '0101000': 5, '1001000': 9, '0100001': 11, '0111111': 4, '0100011': 4, '1000111': 1, '1100001': 5, '1011011': 2, '0011001': 1, '1011010': 1, '1100111': 1, '1000001': 1, '0111001': 1, '0100000': 1, '1101100': 2, '1100110': 1, '0111110': 3}"
vqe_7,1024,'1010100y',"{'1100000': 8, '1010001': 10, '0010001': 8, '1110011': 9, '0001100': 9, '1001001': 10, '0101111': 11, '0100011': 7, '0110010': 11, '0000001': 4, '1000011': 15, '1010111': 7, '1101001': 11, '1111001': 5, '0111001': 12, '0000101': 9, '0001000': 6, '1011111': 8, '0010011': 17, '0110110': 12, '0010010': 3, '1100011': 7, '0001111': 7, '0101001': 9, '1100110': 6, '1110110': 11, '0110101': 14, '0100101': 7, '0000010': 7, '1011001': 5, '0111010': 13, '1000100': 12, '0111110': 6, '0011011': 10, '1001101': 10, '0111111': 11, '0110001': 9, '1010101': 5, '0110111': 5, '0001011': 8, '0001001': 8, '0111101': 9, '0111000': 6, '1111111': 7, '1001100': 9, '1001111': 7, '1001010': 10, '1101110': 9, '0111100': 10, '0100111': 8, '0101110': 5, '1100001': 6, '1011101': 8, '1010011': 11, '1101000': 9, '1100100': 9, '1100101': 17, '0110011': 9, '1110111': 7, '0101100': 9, '0100110': 5, '1011110': 9, '0101101': 10, '1001011': 10, '1000010': 10, '1001110': 11, '0000111': 7, '0011101': 11, '1110010': 8, '0001110': 8, '1011000': 6, '0010000': 8, '1011100': 8, '1100010': 6, '1101010': 8, '1010100': 12, '1110001': 6, '0010100': 12, '1101100': 7, '0001010': 7, '1110000': 5, '1101101': 5, '0000011': 7, '0011010': 8, '1010000': 6, '0101010': 9, '1011010': 9, '0101011': 8, '1000000': 6, '0011000': 8, '1000110': 6, '1111110': 6, '0110000': 6, '0100100': 6, '1010010': 13, '1000001': 3, '0011001': 14, '0000000': 2, '0100010': 11, '0010110': 10, '0110100': 6, '1010110': 5, '1111011': 8, '0001101': 15, '1110100': 9, '0011110': 10, '0010101': 7, '1111010': 5, '0010111': 8, '0011111': 2, '1111100': 7, '1110101': 6, '1111000': 7, '1111101': 6, '0111011': 12, '0000110': 9, '1101011': 6, '0000100': 4, '1000111': 6, '1000101': 7, '1001000': 4, '1100111': 5, '1101111': 3, '0100001': 6, '0101000': 6, '1011011': 6, '0011100': 4, '0100000': 1}"
vqe_7,1024,'1010101y',"{'1100000': 8, '1010010': 14, '0010001': 8, '1110011': 9, '0001100': 9, '1001001': 10, '0101111': 11, '0100011': 7, '0110010': 11, '0000001': 4, '1000011': 15, '1010111': 7, '1010001': 9, '1101010': 9, '1111001': 4, '0111001': 12, '0000101': 9, '0001000': 6, '1011111': 8, '0010011': 17, '0110110': 12, '0010010': 3, '1100011': 7, '0001111': 7, '0101001': 9, '1100110': 6, '1110110': 10, '0110101': 14, '0100101': 7, '0000010': 7, '1011001': 5, '0111010': 13, '1000100': 12, '0111110': 7, '0011011': 10, '1001101': 10, '0111111': 11, '0110001': 9, '1010101': 5, '0110111': 5, '0001011': 8, '0001001': 8, '1101001': 10, '0111101': 8, '0111000': 6, '1111111': 7, '1001100': 9, '1001111': 7, '1001010': 10, '1101110': 9, '0111100': 10, '0100111': 8, '0101110': 5, '1100001': 6, '1011101': 8, '1010011': 11, '1101000': 9, '1100100': 9, '1100101': 17, '0110011': 9, '1110111': 7, '0101100': 9, '0100110': 5, '1011110': 9, '0101101': 10, '1001011': 10, '1000010': 10, '1001110': 11, '0000111': 7, '0011101': 11, '1110010': 8, '0001110': 8, '1011000': 6, '0010000': 8, '1011100': 8, '1100010': 6, '1010100': 12, '1110001': 6, '0010100': 12, '1101100': 7, '0001010': 7, '1110000': 5, '1101101': 5, '0000011': 6, '0011010': 8, '1010000': 6, '0101010': 9, '1011010': 9, '0101011': 8, '1000000': 6, '0011000': 8, '1000110': 6, '1111110': 6, '0110000': 6, '0100100': 6, '1000001': 3, '0011001': 14, '0000000': 2, '0100010': 11, '0010110': 10, '0110100': 6, '1010110': 5, '1111011': 8, '0001101': 15, '1110100': 9, '0011110': 10, '0010101': 7, '1111010': 5, '0010111': 8, '0011111': 2, '1111100': 7, '1110101': 7, '1111000': 8, '1111101': 6, '0111011': 12, '0000110': 9, '1101011': 6, '0000100': 5, '1000111': 6, '1000101': 7, '1001000': 4, '1100111': 5, '1101111': 3, '0100001': 6, '0101000': 6, '1011011': 6, '0011100': 4, '0100000': 1}"
vqe_7,1024,'1010110y',"{'1100000': 6, '1010010': 22, '0010000': 12, '1110011': 18, '0001100': 22, '1001001': 12, '0101111': 4, '0100010': 10, '0110001': 16, '0000001': 9, '1000011': 18, '1010111': 8, '1101010': 10, '1111000': 11, '0111010': 22, '0000111': 18, '0001000': 4, '1011111': 9, '0010010': 3, '0110110': 11, '0010001': 7, '1000100': 22, '1100011': 7, '0001101': 20, '0101001': 11, '1100101': 17, '0000110': 10, '1110101': 14, '0110101': 14, '0100110': 11, '1011000': 10, '0111011': 23, '0111101': 16, '0011011': 20, '1001110': 13, '0110000': 13, '1010101': 4, '0110111': 9, '0001010': 8, '1101001': 9, '0111100': 12, '1111111': 11, '1001011': 7, '1001111': 16, '1101110': 12, '0100111': 12, '0101101': 14, '1100010': 7, '1011101': 5, '1010011': 21, '1101000': 9, '1100100': 21, '0110011': 1, '1110111': 6, '0101100': 11, '1011110': 12, '1010000': 2, '1110110': 4, '0011101': 11, '0001110': 2, '1110010': 13, '1011100': 7, '0101110': 7, '0001001': 5, '0010100': 14, '1101101': 1, '1110001': 2, '0000010': 4, '1010001': 5, '0101010': 6, '1011001': 12, '0101011': 10, '0010101': 12, '0001011': 8, '1000010': 8, '1000000': 4, '0011000': 5, '1000101': 12, '1001101': 1, '0011010': 19, '0000000': 3, '0010110': 10, '0110100': 6, '1010110': 5, '1111001': 10, '1110100': 7, '0011110': 7, '1101011': 9, '1101111': 5, '0100101': 1, '0010111': 5, '0011111': 2, '1001010': 10, '1111101': 3, '0010011': 7, '1111110': 8, '1111100': 5, '0000011': 4, '1010100': 5, '0101000': 5, '1001000': 9, '0100001': 11, '0011100': 5, '0111111': 4, '0100011': 4, '1000111': 1, '1100001': 5, '1011010': 3, '0011001': 1, '1100111': 1, '1000001': 1, '0111001': 1, '0100000': 1, '1101100': 2, '1100110': 1, '0111110': 3}"
vqe_7,1024,'1010111y',"{'1100000': 8, '1010001': 17, '0010010': 11, '1110100': 11, '0001011': 10, '1001010': 16, '0101111': 13, '0100011': 10, '0110010': 19, '0000010': 7, '1000010': 9, '1010111': 7, '1101001': 12, '1111010': 15, '0111000': 21, '0000100': 14, '0001000': 6, '1011111': 5, '0010011': 19, '0110101': 12, '0001110': 20, '1000011': 7, '1100010': 6, '0001111': 14, '0101001': 9, '1100111': 11, '1110110': 13, '1011110': 8, '0110100': 16, '0100101': 14, '0000011': 8, '1011010': 16, '0111001': 20, '1000110': 18, '0111110': 10, '0011001': 12, '1001101': 21, '0111111': 15, '1010101': 7, '0110111': 3, '0001001': 12, '0111101': 8, '1111110': 5, '1001100': 16, '1101101': 15, '1100001': 8, '1011100': 8, '1010011': 6, '1101000': 9, '1100110': 24, '0110011': 16, '0101100': 3, '1011101': 9, '0101110': 11, '1001111': 2, '1000001': 11, '0000101': 19, '1110111': 10, '0011101': 8, '0011110': 12, '1110001': 12, '0111100': 5, '0010000': 6, '1011011': 12, '1101010': 6, '1010100': 13, '1110000': 9, '0100100': 13, '0010100': 10, '1101100': 11, '1010000': 12, '0101010': 12, '0101011': 7, '1000000': 8, '0010111': 11, '1000111': 10, '0110110': 5, '0011100': 7, '1111101': 8, '0101101': 4, '0011000': 19, '0000000': 2, '0010110': 11, '1010110': 5, '1111011': 12, '0010001': 2, '1100011': 7, '0011111': 5, '1001011': 10, '1111100': 11, '0010101': 6, '0100110': 1, '1110010': 2, '1111111': 1, '1101011': 4, '1001001': 4, '0100001': 6, '0001010': 4, '0101000': 5, '1001000': 4, '0100111': 1, '0011011': 1, '0100010': 6, '1110101': 3, '1101110': 1, '0100000': 1, '1010010': 2, '0110001': 1, '0110000': 2, '1011001': 1, '0000110': 1}"
vqe_7,1024,'1011000y',"{'1100000': 8, '1010001': 10, '0010001': 8, '1110011': 9, '0001100': 9, '1001001': 10, '0101111': 11, '0100011': 7, '0110010': 11, '0000001': 4, '1000011': 15, '1010111': 7, '1101001': 10, '1111001': 5, '0111001': 10, '0000101': 9, '0001000': 7, '1011111': 8, '0010011': 17, '0110110': 12, '0010010': 3, '1100011': 7, '0001111': 7, '0101001': 9, '1100110': 7, '1110110': 11, '0110101': 14, '0100101': 7, '0000010': 6, '1011001': 5, '0111010': 15, '1000100': 12, '0111110': 6, '0011011': 10, '1001101': 10, '0111111': 11, '0110001': 9, '1010101': 5, '0110111': 5, '0001011': 8, '0001001': 7, '0111101': 9, '0111000': 6, '1111111': 7, '1001100': 9, '1001111': 7, '1001010': 10, '1101110': 9, '0111100': 10, '0100111': 7, '0101110': 6, '1100001': 6, '0100110': 6, '1011101': 8, '1010011': 11, '1101000': 10, '1100100': 9, '1100101': 17, '0110011': 9, '1110111': 7, '0101100': 9, '1011110': 9, '0101101': 9, '1001011': 10, '1000010': 10, '1001110': 11, '0000111': 7, '0011101': 11, '1110010': 8, '0001110': 8, '1011000': 6, '0010000': 8, '1011100': 8, '1100010': 6, '1101010': 8, '1010100': 12, '1110001': 6, '0010100': 12, '1101100': 7, '0001010': 7, '1110000': 5, '1101101': 5, '0000011': 7, '0011010': 8, '1010000': 6, '0101010': 9, '1011010': 9, '0101011': 8, '1000000': 6, '0011000': 8, '1000110': 6, '1111110': 6, '0110000': 6, '0100100': 6, '1010010': 13, '1000001': 3, '0011001': 14, '0000000': 2, '0100010': 11, '0010110': 10, '0110100': 6, '1010110': 5, '1111011': 8, '0001101': 15, '1110100': 9, '0011110': 10, '0010101': 7, '1111010': 5, '0010111': 8, '0011111': 2, '1111100': 7, '1110101': 6, '1111000': 7, '1111101': 6, '0111011': 12, '0000110': 9, '1101011': 6, '0000100': 5, '1000111': 6, '1000101': 7, '1001000': 4, '1100111': 4, '1101111': 3, '0100001': 6, '0101000': 6, '1011011': 6, '0011100': 4, '0100000': 1}"
vqe_7,1024,'1011001y',"{'1100000': 8, '1010001': 10, '0010001': 8, '1110011': 9, '0001100': 9, '1001001': 10, '0101111': 11, '0100011': 7, '0110010': 11, '0000001': 4, '1000011': 15, '1010111': 7, '1101010': 9, '1111001': 5, '0111001': 11, '0000101': 9, '0001000': 6, '1011111': 8, '0010011': 17, '0110110': 12, '0010010': 3, '1100011': 7, '0001111': 7, '0101001': 9, '1100110': 6, '1110110': 10, '0110101': 14, '0100101': 7, '0000010': 6, '1011001': 5, '0111010': 14, '1000100': 12, '0111110': 6, '0011011': 10, '1001101': 10, '0111111': 11, '0110001': 9, '1010101': 5, '0110111': 5, '0001011': 8, '0001001': 8, '1101001': 10, '0111101': 9, '0111000': 6, '1111111': 7, '1001100': 9, '1001111': 7, '1001010': 10, '1101110': 9, '0111100': 10, '0100111': 7, '0101110': 5, '1100001': 6, '0100110': 6, '1011101': 8, '1010011': 11, '1101000': 9, '1100100': 9, '1100101': 17, '0110011': 9, '1110111': 7, '0101100': 9, '1011110': 9, '0101101': 10, '1001011': 10, '1000010': 10, '1001110': 11, '0000111': 7, '0011101': 11, '1110010': 8, '0001110': 8, '1011000': 6, '0010000': 8, '1011100': 7, '1100010': 6, '1010100': 12, '1110001': 6, '0010100': 12, '1101100': 7, '0001010': 7, '1110000': 5, '1101101': 5, '0000011': 7, '0011010': 8, '1010000': 6, '0101010': 9, '1011010': 9, '0101011': 8, '1000000': 6, '0011000': 8, '1000110': 6, '1111110': 6, '0110000': 6, '0100100': 6, '1010010': 13, '1000001': 3, '0011001': 14, '0000000': 2, '0100010': 11, '0010110': 10, '0110100': 6, '1010110': 5, '1111011': 8, '0001101': 15, '1110100': 9, '0011110': 10, '0010101': 7, '1111010': 5, '0010111': 8, '0011111': 2, '1111100': 7, '1110101': 7, '1111000': 7, '1111101': 6, '0111011': 12, '0000110': 9, '1101011': 6, '0000100': 5, '1000111': 6, '1000101': 7, '1001000': 4, '1100111': 5, '1101111': 3, '0100001': 6, '0101000': 6, '1011011': 7, '0011100': 4, '0100000': 1}"
vqe_7,1024,'1011010y',"{'1100000': 6, '1010010': 23, '0010001': 8, '1110011': 17, '0001100': 20, '1001001': 11, '0101111': 9, '0100010': 10, '0110001': 16, '0000001': 8, '1000011': 20, '1010111': 7, '1101001': 10, '1111000': 11, '0111010': 22, '0000111': 18, '0001000': 4, '1011111': 9, '0010011': 5, '0110110': 10, '1100011': 7, '0001110': 4, '0101001': 12, '1100101': 18, '0000110': 10, '1110101': 13, '0110101': 12, '0100110': 11, '1011000': 10, '0111011': 24, '1000100': 20, '0111101': 16, '0011011': 20, '1001110': 18, '0110000': 13, '1010100': 6, '0110111': 12, '0001010': 8, '1101000': 10, '0111100': 12, '1111111': 11, '1001011': 7, '1001111': 12, '1101110': 12, '0100111': 12, '0101101': 14, '1100010': 7, '1011101': 5, '1010011': 19, '1100100': 21, '0110100': 7, '1110111': 4, '0101100': 13, '1011110': 12, '1110110': 6, '0011100': 6, '0001111': 2, '0011101': 10, '1110010': 15, '0001101': 18, '0010000': 11, '1011100': 7, '1101010': 10, '0001001': 4, '0010100': 15, '1101101': 1, '0001011': 9, '1110000': 2, '0000010': 4, '1010001': 3, '0101011': 10, '1011001': 12, '0010101': 13, '0110010': 2, '1000010': 8, '1010101': 3, '1000000': 4, '0011001': 4, '1000101': 13, '0011010': 19, '0000000': 3, '0010110': 8, '1010110': 6, '1111001': 10, '1001000': 11, '0011110': 7, '1101011': 8, '1001010': 10, '0010111': 7, '1101111': 5, '1010000': 3, '0100101': 1, '0011111': 2, '0000011': 5, '1111101': 2, '1110100': 7, '1111110': 8, '1111100': 6, '0101000': 4, '1001101': 1, '0100001': 11, '0111111': 4, '0100011': 4, '1100001': 5, '1011010': 3, '0011000': 3, '1100111': 1, '0101010': 4, '1000001': 1, '0100000': 1, '0010010': 2, '0111110': 3, '1101100': 1}"
vqe_7,1024,'1011011y',"{'1100000': 9, '1010001': 18, '0010010': 11, '1110100': 8, '0001011': 10, '1001010': 15, '0101111': 14, '0100011': 10, '0110010': 21, '0000010': 7, '1000010': 10, '1010111': 2, '1101010': 7, '1111010': 14, '0111000': 20, '0000100': 15, '0000110': 1, '1011111': 4, '0010011': 20, '0110101': 13, '0001101': 2, '1000011': 6, '1100010': 6, '0001111': 14, '0101001': 8, '1100111': 11, '1110111': 12, '1011110': 9, '0110100': 13, '0100101': 14, '0000011': 8, '1011010': 16, '0111001': 20, '1000110': 18, '0111110': 10, '0011001': 12, '1001101': 23, '0111111': 15, '1010101': 7, '0110110': 5, '0001001': 9, '1101001': 14, '0111101': 7, '1111110': 5, '1001100': 14, '1101101': 14, '1100001': 7, '1011000': 5, '1011100': 8, '1010011': 4, '1101000': 5, '1100110': 24, '1010100': 15, '0110011': 16, '0101011': 7, '1011101': 9, '0101101': 5, '1010000': 13, '1000001': 10, '0000101': 19, '0011101': 8, '0011110': 12, '1110001': 13, '0111100': 6, '0010000': 7, '1011011': 12, '0101110': 11, '1110000': 8, '0001000': 8, '0100100': 13, '1101100': 10, '0101010': 13, '0010100': 9, '1000000': 8, '0010111': 10, '0101100': 2, '1000111': 10, '0011100': 7, '1111101': 8, '0011000': 19, '0000000': 2, '0010110': 11, '0001110': 18, '1010110': 5, '1111011': 13, '1110101': 6, '0010101': 7, '0010001': 1, '1100011': 7, '1110110': 11, '0011111': 5, '1001011': 12, '1111100': 11, '0100110': 1, '1110011': 2, '1111111': 1, '1101011': 5, '1001110': 1, '1001001': 3, '1101110': 3, '0110111': 3, '0100001': 6, '0001010': 4, '0101000': 6, '1001000': 3, '0100111': 1, '0110001': 1, '1000101': 1, '0011011': 1, '0100010': 6, '0100000': 1, '1010010': 2, '0110000': 1, '1011001': 1}"
vqe_7,1024,'1011100y',"{'1100000': 8, '1010001': 10, '0010001': 8, '1110011': 9, '0001100': 9, '1001001': 10, '0101111': 11, '0100011': 7, '0110010': 11, '0000001': 4, '1000011': 15, '1010111': 7, '1101010': 9, '1111001': 5, '0111001': 11, '0000101': 9, '0001000': 6, '1011111': 8, '0010011': 17, '0110110': 12, '0010010': 3, '1100011': 7, '0001111': 7, '0101001': 9, '1100110': 6, '1110110': 10, '0110101': 14, '0100101': 7, '0000010': 6, '1011001': 5, '0111010': 14, '1000100': 12, '0111110': 6, '0011011': 10, '1001101': 10, '0111111': 11, '0110001': 9, '1010101': 5, '0110111': 5, '0001011': 8, '0001001': 8, '1101001': 10, '0111101': 9, '0111000': 6, '1111111': 7, '1001100': 9, '1001111': 7, '1001010': 10, '1101110': 9, '0111100': 10, '0100111': 7, '0101110': 5, '1100001': 6, '0100110': 6, '1011101': 8, '1010011': 11, '1101000': 9, '1100100': 9, '1100101': 17, '0110011': 9, '1110111': 7, '0101100': 9, '1011110': 9, '0101101': 10, '1001011': 10, '1000010': 10, '1001110': 11, '0000111': 7, '0011101': 11, '1110010': 8, '0001110': 8, '1011000': 6, '0010000': 8, '1011100': 7, '1100010': 6, '1010100': 12, '1110001': 6, '0010100': 12, '1101100': 7, '0001010': 7, '1110000': 5, '1101101': 5, '0000011': 7, '0011010': 8, '1010000': 6, '0101010': 9, '1011010': 9, '0101011': 8, '1000000': 6, '0011000': 8, '1000110': 6, '1111110': 6, '0110000': 6, '0100100': 6, '1010010': 13, '1000001': 3, '0011001': 14, '0000000': 2, '0100010': 11, '0010110': 10, '0110100': 6, '1010110': 5, '1111011': 8, '0001101': 15, '1110100': 9, '0011110': 10, '0010101': 7, '1111010': 5, '0010111': 8, '0011111': 2, '1111100': 7, '1110101': 7, '1111000': 7, '1111101': 6, '0111011': 12, '0000110': 9, '1101011': 6, '0000100': 5, '1000111': 6, '1000101': 7, '1001000': 4, '1100111': 5, '1101111': 3, '0100001': 6, '0101000': 6, '1011011': 7, '0011100': 4, '0100000': 1}"
vqe_7,1024,'1011101y',"{'1100000': 8, '1010001': 10, '0010001': 8, '1110011': 9, '0001100': 9, '1001001': 10, '0101111': 11, '0100011': 7, '0110010': 11, '0000001': 4, '1000011': 15, '1010111': 7, '1101001': 10, '1111001': 5, '0111001': 10, '0000101': 9, '0001000': 7, '1011111': 8, '0010011': 17, '0110110': 12, '0010010': 3, '1100011': 7, '0001111': 7, '0101001': 9, '1100110': 7, '1110110': 11, '0110101': 14, '0100101': 7, '0000010': 6, '1011001': 5, '0111010': 15, '1000100': 12, '0111110': 6, '0011011': 10, '1001101': 10, '0111111': 11, '0110001': 9, '1010101': 5, '0110111': 5, '0001011': 8, '0001001': 7, '0111101': 9, '0111000': 6, '1111111': 7, '1001100': 9, '1001111': 7, '1001010': 10, '1101110': 9, '0111100': 10, '0100111': 7, '0101110': 6, '1100001': 6, '0100110': 6, '1011101': 8, '1010011': 11, '1101000': 10, '1100100': 9, '1100101': 17, '0110011': 9, '1110111': 7, '0101100': 9, '1011110': 9, '0101101': 9, '1001011': 10, '1000010': 10, '1001110': 11, '0000111': 7, '0011101': 11, '1110010': 8, '0001110': 8, '1011000': 6, '0010000': 8, '1011100': 8, '1100010': 6, '1101010': 8, '1010100': 12, '1110001': 6, '0010100': 12, '1101100': 7, '0001010': 7, '1110000': 5, '1101101': 5, '0000011': 7, '0011010': 8, '1010000': 6, '0101010': 9, '1011010': 9, '0101011': 8, '1000000': 6, '0011000': 8, '1000110': 6, '1111110': 6, '0110000': 6, '0100100': 6, '1010010': 13, '1000001': 3, '0011001': 14, '0000000': 2, '0100010': 11, '0010110': 10, '0110100': 6, '1010110': 5, '1111011': 8, '0001101': 15, '1110100': 9, '0011110': 10, '0010101': 7, '1111010': 5, '0010111': 8, '0011111': 2, '1111100': 7, '1110101': 6, '1111000': 7, '1111101': 6, '0111011': 12, '0000110': 9, '1101011': 6, '0000100': 5, '1000111': 6, '1000101': 7, '1001000': 4, '1100111': 4, '1101111': 3, '0100001': 6, '0101000': 6, '1011011': 6, '0011100': 4, '0100000': 1}"
vqe_7,1024,'1011110y',"{'1100000': 8, '1010001': 18, '0010010': 11, '1110100': 8, '0001011': 10, '1001010': 15, '0101111': 14, '0100011': 10, '0110010': 21, '0000010': 7, '1000010': 10, '1010111': 2, '1101010': 7, '1111010': 14, '0111000': 20, '0000100': 15, '0000110': 1, '1011111': 5, '0010011': 20, '0110101': 13, '0001101': 2, '1000011': 6, '1100010': 6, '0001111': 14, '0101001': 8, '1100111': 11, '1110111': 12, '1011110': 8, '0110100': 13, '0100101': 14, '0000011': 8, '1011010': 16, '0111001': 20, '1000110': 18, '0111110': 10, '0011001': 12, '1001101': 23, '0111111': 15, '1010101': 7, '0110110': 5, '0001001': 9, '1101001': 14, '0111101': 7, '1111110': 5, '1001100': 14, '1101101': 14, '1100001': 8, '1011000': 5, '1011100': 8, '1010011': 4, '1101000': 5, '1100110': 24, '1010100': 15, '0110011': 16, '0101011': 7, '1011101': 9, '0101101': 5, '1010000': 13, '1000001': 10, '0000101': 19, '0011101': 8, '0011110': 12, '1110001': 13, '0111100': 6, '0010000': 7, '1011011': 12, '0101110': 11, '1110000': 8, '0001000': 8, '0100100': 13, '1101100': 10, '0101010': 13, '0010100': 9, '1000000': 8, '0010111': 10, '0101100': 2, '1000111': 10, '0011100': 7, '1111101': 8, '0011000': 19, '0000000': 2, '0010110': 10, '0001110': 18, '1010110': 5, '1111011': 13, '1110101': 6, '0010101': 8, '0010001': 1, '1100011': 7, '1110110': 11, '0011111': 5, '1001011': 12, '1111100': 11, '0100110': 1, '1110011': 2, '1111111': 1, '1101011': 5, '1001110': 1, '1001001': 3, '1101110': 3, '0110111': 3, '0100001': 6, '0001010': 4, '0101000': 6, '1001000': 3, '0100111': 1, '0110001': 1, '1000101': 1, '0011011': 1, '0100010': 6, '0100000': 1, '1010010': 2, '0110000': 1, '1011001': 1}"
vqe_7,1024,'1011111y',"{'1100000': 6, '1010010': 23, '0010001': 8, '1110011': 17, '0001100': 20, '1001001': 11, '0101111': 9, '0100010': 10, '0110001': 16, '0000001': 8, '1000011': 20, '1010111': 7, '1101001': 10, '1111000': 11, '0111010': 22, '0000111': 18, '0001000': 4, '1011111': 9, '0010011': 5, '0110110': 10, '1100011': 7, '0001110': 4, '0101001': 12, '1100101': 18, '0000110': 10, '1110101': 13, '0110101': 12, '0100110': 11, '1011000': 10, '0111011': 24, '1000100': 20, '0111101': 16, '0011011': 20, '1001110': 18, '0110000': 13, '1010100': 6, '0110111': 12, '0001010': 8, '1101000': 10, '0111100': 12, '1111111': 11, '1001011': 7, '1001111': 12, '1101110': 12, '0100111': 12, '0101101': 14, '1100010': 7, '1011101': 5, '1010011': 19, '1100100': 21, '0110100': 7, '1110111': 4, '0101100': 13, '1011110': 12, '1110110': 6, '0011100': 6, '0001111': 2, '0011101': 10, '1110010': 15, '0001101': 18, '0010000': 11, '1011100': 7, '1101010': 10, '0001001': 4, '0010100': 15, '1101101': 1, '0001011': 9, '1110000': 2, '0000010': 4, '1010001': 3, '0101011': 10, '1011001': 12, '0010101': 13, '0110010': 2, '1000010': 8, '1010101': 3, '1000000': 4, '0011001': 4, '1000101': 13, '0011010': 19, '0000000': 3, '0010111': 8, '1010110': 6, '1111001': 10, '1001000': 11, '0010110': 7, '0011110': 7, '1101011': 8, '1001010': 10, '1101111': 5, '1010000': 3, '0100101': 1, '0011111': 2, '0000011': 5, '1111101': 2, '1110100': 7, '1111110': 8, '1111100': 6, '0101000': 4, '1001101': 1, '0100001': 11, '0111111': 4, '0100011': 4, '1100001': 5, '1011010': 3, '0011000': 3, '1100111': 1, '0101010': 4, '1000001': 1, '0100000': 1, '0010010': 2, '0111110': 3, '1101100': 1}"
vqe_7,1024,'1100000y',"{'1100000': 8, '1010001': 13, '0010001': 8, '1110011': 8, '0001100': 7, '1001001': 13, '0101111': 13, '0100010': 9, '0110001': 12, '0000001': 6, '1000010': 10, '1010111': 7, '1101001': 13, '1111000': 10, '0111001': 11, '0000110': 11, '0001000': 8, '1011111': 9, '0010011': 15, '0110110': 12, '0010010': 5, '1000011': 11, '1100010': 6, '0001111': 7, '0101001': 10, '1100111': 6, '0000101': 7, '1110110': 12, '0110101': 11, '0100110': 6, '0000010': 4, '1011001': 11, '0111010': 12, '1000100': 11, '0111110': 8, '0011011': 9, '1001101': 9, '0111111': 14, '1010101': 5, '0110111': 8, '0001011': 6, '0001001': 7, '1101000': 12, '0111101': 6, '0111000': 11, '1111111': 8, '1001100': 7, '1001111': 9, '1101110': 9, '0100111': 9, '0101110': 7, '1100001': 8, '1011101': 5, '1010011': 9, '1100100': 6, '1100101': 14, '0110011': 8, '1110111': 8, '0101100': 5, '1011110': 12, '0101101': 10, '1001011': 7, '1001110': 12, '0000111': 8, '0110010': 9, '0011101': 6, '0011110': 12, '1110001': 9, '0111100': 8, '0001110': 14, '1011000': 6, '0010000': 8, '1011100': 7, '1101010': 4, '1010100': 10, '1110000': 6, '0100101': 7, '0010100': 7, '1101101': 5, '0001010': 8, '0000011': 7, '0011010': 9, '1010000': 9, '0101010': 10, '0101011': 5, '0010101': 7, '1000001': 6, '1010110': 7, '1000000': 7, '0011000': 12, '1000111': 7, '1111110': 6, '0110000': 6, '0011001': 10, '0000000': 3, '0010111': 12, '1110010': 5, '1100110': 11, '0110100': 6, '0001101': 11, '1111011': 7, '0010110': 11, '1110100': 8, '1111001': 5, '1101100': 6, '1010010': 9, '1100011': 5, '0100100': 4, '0011111': 5, '1000110': 5, '1111100': 6, '1101111': 4, '1110101': 5, '1111101': 6, '0111011': 9, '1101011': 5, '1001010': 8, '0000100': 3, '1000101': 8, '1001000': 6, '1011010': 5, '0100001': 11, '0100011': 4, '0101000': 7, '1011011': 4, '0011100': 4, '0100000': 1, '1111010': 3}"
vqe_7,1024,'1100001y',"{'1100000': 8, '1010001': 13, '0010001': 8, '1110011': 8, '0001100': 7, '1001001': 14, '0101111': 13, '0100010': 9, '0110001': 12, '0000001': 6, '1000010': 10, '1010111': 7, '1101001': 13, '1111000': 10, '0111001': 11, '0000110': 11, '0001000': 8, '1011111': 9, '0010010': 6, '0110110': 12, '1000011': 11, '1100010': 6, '0001111': 7, '0101001': 10, '1100111': 6, '0000101': 7, '1110110': 12, '0110101': 11, '0100110': 6, '0000010': 4, '1011001': 11, '0111010': 12, '1000100': 11, '0111110': 8, '0011011': 9, '1001101': 9, '0111111': 14, '1010101': 5, '0110111': 8, '0001011': 6, '0001001': 7, '1101000': 12, '0111101': 5, '0111000': 11, '1111111': 8, '1001100': 7, '1001111': 9, '1101110': 8, '0111100': 9, '0100111': 9, '0101110': 7, '1100001': 8, '1011101': 6, '1010011': 9, '1100100': 6, '1100101': 14, '0110011': 8, '1110111': 8, '0101100': 5, '1011110': 11, '0101101': 10, '1001011': 7, '1001110': 12, '0000111': 8, '0110010': 9, '0011101': 6, '0011110': 12, '1110001': 9, '0001110': 14, '1011000': 6, '0010000': 8, '1011100': 7, '1101010': 4, '1010100': 10, '1110000': 6, '0100101': 7, '0010100': 7, '1101101': 5, '0001010': 8, '0000011': 6, '0011010': 9, '1010000': 9, '0101010': 10, '0101011': 5, '0010101': 7, '1000001': 6, '1010110': 7, '1000000': 7, '0011000': 12, '1000111': 7, '1111110': 6, '0110000': 6, '0011001': 10, '0000000': 3, '0010111': 12, '1110010': 5, '1100110': 11, '0110100': 6, '0001101': 11, '1111011': 7, '0010110': 11, '1110100': 8, '1111001': 5, '1101100': 6, '1010010': 9, '1100011': 5, '1101111': 5, '0100100': 4, '0011111': 5, '0010011': 14, '1000110': 5, '1111100': 6, '1110101': 5, '1111101': 6, '0111011': 9, '1101011': 5, '1001010': 7, '0000100': 4, '1000101': 8, '1001000': 6, '1011010': 5, '0100001': 11, '0100011': 4, '0101000': 7, '1011011': 4, '0011100': 4, '0100000': 1, '1111010': 3}"
vqe_7,1024,'1100010y',"{'1100000': 9, '1010001': 22, '0010010': 8, '1110001': 18, '0001110': 24, '1001001': 13, '0101111': 16, '0100010': 11, '0110011': 14, '0000010': 8, '1000010': 7, '1010111': 6, '1010000': 17, '1101001': 13, '1111010': 11, '0111000': 22, '0000101': 18, '0001000': 9, '1011111': 9, '0010011': 13, '0110110': 9, '1000100': 2, '1100011': 5, '0001111': 16, '0101001': 9, '1100111': 13, '0000100': 10, '1110110': 13, '0110101': 12, '0100101': 11, '1011010': 12, '0111001': 23, '1000110': 19, '0111111': 16, '0011001': 18, '1001100': 14, '0110010': 14, '1010100': 6, '0110111': 9, '0001101': 4, '0001001': 7, '1101000': 14, '0111110': 11, '1111111': 6, '1001011': 9, '1001101': 15, '1101101': 11, '0111101': 3, '0100110': 3, '1000001': 12, '1100001': 7, '1011101': 6, '1100110': 25, '1110111': 10, '0101110': 18, '1011110': 11, '0011101': 5, '1000011': 3, '0011110': 13, '1110000': 12, '0111100': 5, '0010000': 7, '1011100': 7, '1100010': 4, '1010011': 6, '0100100': 10, '0010101': 11, '1101100': 7, '0001010': 6, '0000011': 9, '0101011': 12, '1011011': 12, '1010101': 5, '1000000': 9, '0011000': 25, '1000111': 12, '1111110': 5, '0000000': 2, '0010111': 13, '0110100': 10, '1111011': 10, '1110100': 4, '0010110': 9, '0010100': 8, '0010001': 1, '1101011': 4, '0101010': 7, '1110011': 3, '0011111': 5, '1011001': 1, '1001010': 10, '1111100': 8, '1000101': 1, '1110101': 4, '1100100': 1, '1111101': 8, '0101000': 4, '1101010': 6, '1001110': 1, '0111010': 1, '1001000': 7, '1101110': 2, '0100001': 10, '1010110': 4, '0100011': 4, '1010010': 5, '0101101': 2, '0001011': 3, '0011100': 2, '0011011': 1, '0110001': 1, '0100000': 1, '0011010': 1, '0110000': 1, '0000001': 1, '1011000': 1, '1100101': 1}"
vqe_7,1024,'1100011y',"{'1100000': 8, '1010010': 15, '0010000': 17, '1110100': 12, '0001011': 10, '1001001': 15, '0101111': 3, '0100011': 5, '0110000': 20, '0000001': 9, '1000011': 16, '1010111': 10, '1101010': 9, '1111000': 14, '0111010': 21, '0000110': 13, '0001000': 6, '1011111': 9, '0010001': 14, '0110110': 13, '0001100': 18, '1100010': 6, '0001101': 12, '0101000': 8, '1100101': 12, '1110110': 10, '0110101': 11, '0100111': 15, '1011000': 13, '0111011': 20, '1000100': 18, '0111101': 10, '0011011': 13, '1001110': 19, '0111110': 8, '1010110': 7, '0110111': 7, '0001001': 7, '1101001': 12, '0111100': 13, '1111111': 11, '1001111': 18, '1101111': 12, '0100110': 12, '0101101': 9, '1100001': 8, '1011101': 4, '1010011': 17, '1101000': 5, '1100100': 21, '0110001': 17, '0101100': 13, '1011110': 12, '1001101': 1, '1000010': 11, '0000111': 19, '1110111': 9, '0011101': 8, '0001111': 1, '0011110': 12, '1110010': 10, '1011011': 1, '0101110': 6, '1010100': 10, '0101001': 14, '0010100': 10, '1101110': 8, '0001010': 9, '1110000': 1, '0000010': 2, '1010001': 2, '1011001': 13, '0101010': 8, '1011100': 5, '1000000': 5, '0010111': 8, '1000101': 10, '0011100': 7, '1110011': 12, '1000001': 3, '0011010': 19, '0000000': 4, '0100010': 6, '0010110': 10, '0110011': 1, '1111001': 13, '0010101': 9, '0010011': 2, '0001110': 2, '1101101': 4, '1001100': 1, '1100011': 7, '0110100': 5, '1010000': 3, '0011111': 5, '0010010': 6, '0000011': 2, '1001011': 8, '1111101': 1, '1110101': 5, '1011010': 2, '1111110': 9, '1010101': 5, '1101011': 5, '1001010': 5, '1111100': 4, '1110001': 1, '1101100': 3, '1001000': 6, '0000101': 2, '0100001': 11, '0111111': 7, '0100100': 1, '0011000': 1, '0101011': 3, '0100000': 1, '1100111': 1, '0100101': 1, '1100110': 1}"
vqe_7,1024,'1100100y',"{'1100000': 8, '1010001': 13, '0010001': 8, '1110011': 8, '0001100': 7, '1001001': 14, '0101111': 13, '0100010': 9, '0110001': 12, '0000001': 6, '1000010': 10, '1010111': 7, '1101001': 13, '1111000': 10, '0111001': 11, '0000110': 11, '0001000': 8, '1011111': 9, '0010010': 6, '0110110': 12, '1000011': 11, '1100010': 6, '0001111': 7, '0101001': 10, '1100111': 6, '0000101': 7, '1110110': 12, '0110101': 11, '0100110': 6, '0000010': 4, '1011001': 11, '0111010': 12, '1000100': 11, '0111110': 8, '0011011': 9, '1001101': 9, '0111111': 14, '1010101': 5, '0110111': 8, '0001011': 6, '0001001': 7, '1101000': 12, '0111101': 5, '0111000': 11, '1111111': 8, '1001100': 7, '1001111': 9, '1101110': 8, '0111100': 9, '0100111': 9, '0101110': 7, '1100001': 8, '1011101': 6, '1010011': 9, '1100100': 6, '1100101': 14, '0110011': 8, '1110111': 8, '0101100': 5, '1011110': 11, '0101101': 10, '1001011': 7, '1001110': 12, '0000111': 8, '0110010': 9, '0011101': 6, '0011110': 12, '1110001': 9, '0001110': 14, '1011000': 6, '0010000': 8, '1011100': 7, '1101010': 4, '1010100': 10, '1110000': 6, '0100101': 7, '0010100': 7, '1101101': 5, '0001010': 8, '0000011': 6, '0011010': 9, '1010000': 9, '0101010': 10, '0101011': 5, '0010101': 7, '1000001': 6, '1010110': 7, '1000000': 7, '0011000': 12, '1000111': 7, '1111110': 6, '0110000': 6, '0011001': 10, '0000000': 3, '0010111': 12, '1110010': 5, '1100110': 11, '0110100': 6, '0001101': 11, '1111011': 7, '0010110': 11, '1110100': 8, '1111001': 5, '1101100': 6, '1010010': 9, '1100011': 5, '1101111': 5, '0100100': 4, '0011111': 5, '0010011': 14, '1000110': 5, '1111100': 6, '1110101': 5, '1111101': 6, '0111011': 9, '1101011': 5, '1001010': 7, '0000100': 4, '1000101': 8, '1001000': 6, '1011010': 5, '0100001': 11, '0100011': 4, '0101000': 7, '1011011': 4, '0011100': 4, '0100000': 1, '1111010': 3}"
vqe_7,1024,'1100101y',"{'1100000': 8, '1010001': 13, '0010001': 8, '1110011': 8, '0001100': 7, '1001001': 13, '0101111': 13, '0100010': 9, '0110001': 12, '0000001': 6, '1000010': 10, '1010111': 7, '1101001': 13, '1111000': 10, '0111001': 11, '0000110': 11, '0001000': 8, '1011111': 9, '0010011': 15, '0110110': 12, '0010010': 5, '1000011': 11, '1100010': 6, '0001111': 7, '0101001': 10, '1100111': 6, '0000101': 7, '1110110': 12, '0110101': 11, '0100110': 6, '0000010': 4, '1011001': 11, '0111010': 12, '1000100': 11, '0111110': 8, '0011011': 9, '1001101': 9, '0111111': 14, '1010101': 5, '0110111': 8, '0001011': 6, '0001001': 7, '1101000': 12, '0111101': 6, '0111000': 11, '1111111': 8, '1001100': 7, '1001111': 9, '1101110': 9, '0100111': 9, '0101110': 7, '1100001': 8, '1011101': 5, '1010011': 9, '1100100': 6, '1100101': 14, '0110011': 8, '1110111': 8, '0101100': 5, '1011110': 12, '0101101': 10, '1001011': 7, '1001110': 12, '0000111': 8, '0110010': 9, '0011101': 6, '0011110': 12, '1110001': 9, '0111100': 8, '0001110': 14, '1011000': 6, '0010000': 8, '1011100': 7, '1101010': 4, '1010100': 10, '1110000': 6, '0100101': 7, '0010100': 7, '1101101': 5, '0001010': 8, '0000011': 7, '0011010': 9, '1010000': 9, '0101010': 10, '0101011': 5, '0010101': 7, '1000001': 6, '1010110': 7, '1000000': 7, '0011000': 12, '1000111': 7, '1111110': 6, '0110000': 6, '0011001': 10, '0000000': 3, '0010111': 12, '1110010': 5, '1100110': 11, '0110100': 6, '0001101': 11, '1111011': 7, '0010110': 11, '1110100': 8, '1111001': 5, '1101100': 6, '1010010': 9, '1100011': 5, '0100100': 4, '0011111': 5, '1000110': 5, '1111100': 6, '1101111': 4, '1110101': 5, '1111101': 6, '0111011': 9, '1101011': 5, '1001010': 8, '0000100': 3, '1000101': 8, '1001000': 6, '1011010': 5, '0100001': 11, '0100011': 4, '0101000': 7, '1011011': 4, '0011100': 4, '0100000': 1, '1111010': 3}"
vqe_7,1024,'1100110y',"{'1100000': 8, '1010010': 15, '0010000': 17, '1110100': 12, '0001011': 10, '1001001': 15, '0101111': 3, '0100011': 5, '0110000': 20, '0000001': 9, '1000011': 16, '1010111': 10, '1101010': 9, '1111000': 14, '0111010': 21, '0000110': 13, '0001000': 6, '1011111': 9, '0010001': 14, '0110110': 13, '0001100': 18, '1100010': 6, '0001110': 3, '0101000': 9, '1100101': 12, '1110110': 10, '0110101': 11, '0100111': 14, '1011000': 13, '0111011': 20, '1000100': 18, '0111101': 10, '0011011': 13, '1001110': 19, '0111110': 8, '1010110': 7, '0110111': 7, '0001001': 7, '1101001': 12, '0111100': 13, '1111111': 11, '1001111': 18, '1101111': 12, '0100110': 12, '0101101': 9, '1100001': 8, '1011101': 4, '1010011': 17, '1101000': 5, '1100100': 21, '0110001': 17, '0101100': 13, '1011110': 12, '1001101': 1, '1000010': 11, '0000111': 19, '1110111': 9, '0011101': 8, '0001111': 1, '0011110': 12, '1110010': 10, '0001101': 11, '1011010': 3, '0101110': 6, '1010100': 10, '0101001': 14, '0010100': 10, '1101110': 8, '0001010': 9, '1110000': 1, '0000010': 2, '1010001': 2, '1011001': 13, '0101010': 8, '1011100': 5, '1000000': 5, '0010111': 8, '1000101': 10, '0011100': 7, '1110011': 12, '1000001': 3, '0011010': 19, '0000000': 4, '0100010': 6, '0010110': 10, '0110011': 1, '1111001': 13, '0010101': 9, '0010011': 2, '1101101': 4, '1001100': 1, '1100011': 7, '0110100': 5, '1010000': 3, '0011111': 5, '0010010': 6, '0000011': 1, '1001011': 8, '1111101': 1, '1110101': 5, '1111110': 9, '0000100': 1, '1010101': 5, '1101011': 5, '1001010': 5, '1111100': 4, '1110001': 1, '1101100': 3, '1001000': 6, '0000101': 2, '0100001': 11, '0111111': 7, '0100100': 1, '0011000': 1, '0101011': 3, '0100000': 1, '1100111': 1, '0100101': 1, '1100110': 1}"
vqe_7,1024,'1100111y',"{'1100000': 8, '1010001': 22, '0010010': 8, '1110001': 18, '0001110': 24, '1001001': 12, '0101111': 16, '0100010': 11, '0110011': 15, '0000010': 8, '1000010': 7, '1010111': 6, '1010000': 17, '1101001': 12, '1111010': 11, '0111000': 22, '0000101': 18, '0001000': 9, '1011111': 9, '0010011': 13, '0110110': 9, '1000100': 3, '1100011': 5, '0001111': 16, '0101001': 9, '1100111': 14, '0000100': 10, '1110110': 13, '0110101': 12, '0100101': 11, '1011010': 12, '0111001': 23, '1000110': 19, '0111111': 16, '0011001': 18, '1001100': 14, '0110010': 14, '1010100': 6, '0110111': 9, '0001101': 4, '0001001': 7, '1101000': 14, '0111110': 11, '1111111': 6, '1001011': 9, '1001101': 15, '1101101': 11, '0111101': 3, '0100110': 3, '1000001': 12, '1100001': 8, '1011101': 6, '1100110': 24, '1110111': 10, '0101110': 17, '1011110': 11, '0011101': 5, '1000011': 2, '0011110': 13, '1110000': 12, '0111100': 5, '0010000': 7, '1011100': 7, '1100010': 4, '1010011': 7, '0100100': 10, '0010101': 11, '1101100': 7, '0001010': 6, '0000011': 9, '0101011': 12, '1011011': 12, '1010101': 5, '1000000': 9, '0011000': 25, '1000111': 12, '1111110': 5, '0000000': 2, '0010111': 13, '0110100': 9, '1111011': 10, '1110100': 4, '0010110': 9, '0010100': 8, '0010001': 1, '1101011': 4, '0101010': 7, '1110011': 3, '0011111': 5, '1011001': 1, '1001010': 11, '1111100': 8, '1000101': 1, '1110101': 4, '1100100': 1, '1111101': 8, '0101000': 4, '1101010': 7, '1001110': 1, '0111010': 1, '1001000': 7, '1101110': 2, '0100001': 10, '1010110': 4, '0100011': 4, '1010010': 4, '0101101': 3, '0001011': 3, '0011100': 2, '0011011': 1, '0110001': 1, '0100000': 1, '0011010': 1, '0110000': 1, '0000001': 1, '1011000': 1, '1100101': 1}"
vqe_7,1024,'1101000y',"{'1100000': 8, '1010001': 13, '0010001': 8, '1110011': 9, '0001100': 7, '1001001': 14, '0101111': 13, '0100010': 9, '0110001': 12, '0000001': 6, '1000010': 10, '1010111': 7, '1101001': 13, '1111000': 10, '0111001': 12, '0000110': 10, '0001000': 8, '1011111': 9, '0010011': 15, '0110110': 12, '0010010': 5, '1000011': 11, '1100010': 6, '0001111': 7, '0101001': 10, '1100111': 7, '0000101': 7, '1110110': 12, '0110101': 11, '0100110': 6, '0000010': 4, '1011001': 11, '0111010': 11, '1000100': 10, '0111110': 8, '0011010': 10, '1001101': 9, '0111111': 14, '1010101': 5, '0110111': 8, '0001011': 6, '0001001': 7, '1101000': 12, '0111101': 5, '0111000': 11, '1111111': 8, '1001100': 7, '1001111': 9, '1101110': 10, '0111100': 9, '0100111': 9, '0101110': 7, '1100001': 8, '1011101': 6, '1010011': 9, '1100100': 6, '1100101': 14, '0110011': 8, '1110111': 8, '0101100': 5, '1011110': 11, '0101101': 10, '1001011': 7, '1001110': 12, '0000111': 9, '0110010': 9, '0011101': 6, '0011110': 12, '1110001': 8, '0001110': 14, '1011000': 6, '0010000': 8, '1011100': 6, '1101010': 4, '1010100': 10, '1110000': 6, '0100101': 7, '0010100': 7, '1101101': 5, '0001010': 8, '0000011': 6, '1010000': 9, '0101010': 10, '0101011': 5, '0010101': 7, '1000001': 6, '1010110': 7, '1000000': 7, '0011000': 12, '1000111': 7, '0011011': 8, '1111110': 6, '0110000': 6, '0011001': 10, '0000000': 3, '0010111': 12, '1100110': 10, '0110100': 6, '0001101': 11, '1111011': 7, '0010110': 11, '1110100': 8, '1111001': 5, '1101100': 6, '1010010': 9, '1100011': 5, '0100100': 4, '0011111': 5, '1000110': 5, '1111100': 6, '1110101': 5, '1000101': 9, '1111101': 6, '0111011': 9, '1101011': 5, '1001010': 7, '0000100': 4, '1001000': 6, '1101111': 3, '1011010': 5, '0100001': 11, '0100011': 4, '0101000': 7, '1110010': 5, '1011011': 5, '0011100': 4, '0100000': 1, '1111010': 3}"
vqe_7,1024,'1101001y',"{'1100000': 8, '1010001': 12, '0010001': 8, '1110011': 9, '0001100': 7, '1001001': 13, '0101111': 13, '0100010': 9, '0110001': 12, '0000001': 6, '1000010': 10, '1010111': 7, '1101001': 13, '1111000': 10, '0111001': 12, '0000110': 10, '0001000': 8, '1011111': 9, '0010011': 15, '0110110': 12, '0010010': 5, '1000011': 11, '1100010': 6, '0001111': 7, '0101001': 10, '1100111': 7, '0000101': 7, '1110110': 12, '0110101': 11, '0100110': 6, '0000010': 4, '1011001': 11, '0111010': 11, '1000100': 10, '0111110': 8, '0011010': 10, '1001101': 11, '0111111': 14, '1010101': 5, '0110111': 8, '0001011': 6, '0001001': 7, '1101000': 12, '0111101': 5, '0111000': 11, '1111111': 8, '1001100': 7, '1001111': 9, '1101110': 10, '0111100': 9, '0100111': 9, '0101110': 7, '1100001': 8, '1011101': 5, '1010011': 9, '1100100': 6, '1100101': 14, '0110011': 8, '1110111': 8, '0101100': 5, '1011110': 12, '0101101': 10, '1001011': 7, '1001110': 10, '0000111': 9, '0110010': 9, '0011101': 6, '0011110': 12, '1110001': 8, '0001110': 14, '1011000': 6, '0010000': 8, '1011100': 7, '1101010': 4, '1010100': 10, '1110000': 6, '0100101': 7, '0010100': 7, '1101101': 5, '0001010': 8, '0000011': 6, '1010000': 9, '0101010': 10, '0101011': 5, '0010101': 7, '1000001': 6, '1010110': 7, '1000000': 7, '0011000': 12, '1000111': 7, '0011011': 8, '1111110': 6, '0110000': 6, '0011001': 10, '0000000': 3, '0010111': 12, '1100110': 10, '0110100': 6, '0001101': 11, '1111011': 7, '0010110': 11, '1110100': 8, '1111001': 5, '1101100': 6, '1010010': 10, '1100011': 5, '0100100': 4, '0011111': 5, '1000110': 5, '1111100': 6, '1110101': 5, '1000101': 9, '1111101': 6, '0111011': 9, '1101011': 5, '1001010': 8, '0000100': 4, '1001000': 6, '1101111': 3, '1011010': 5, '0100001': 11, '0100011': 4, '0101000': 7, '1110010': 5, '1011011': 4, '0011100': 4, '0100000': 1, '1111010': 3}"
vqe_7,1024,'1101010y',"{'1100000': 8, '1010010': 14, '0010000': 16, '1110100': 11, '0001011': 10, '1001001': 13, '0101110': 9, '0100011': 5, '0110000': 18, '0000001': 9, '1000011': 17, '1010111': 6, '1101010': 12, '1111000': 14, '0111010': 20, '0000110': 13, '0000111': 20, '1011111': 9, '0010001': 18, '0110110': 15, '0001100': 20, '1100010': 7, '0001101': 14, '0101000': 12, '1100101': 15, '1110110': 10, '0110100': 5, '0100110': 13, '1011000': 16, '0111011': 20, '1000100': 19, '0111101': 10, '0011011': 13, '1001110': 17, '0111110': 9, '1010110': 7, '0110111': 6, '0001001': 10, '1101001': 8, '0111100': 13, '1111111': 11, '1001111': 19, '1101111': 12, '0100111': 14, '0101101': 7, '1100001': 7, '1011101': 5, '1010011': 18, '1101000': 5, '1100100': 19, '1010100': 8, '0110001': 17, '0101011': 5, '1011110': 12, '0101100': 13, '1010000': 2, '1110111': 9, '0011101': 9, '0011110': 11, '1110011': 14, '1011011': 1, '1101011': 6, '1010101': 8, '1110010': 9, '0001000': 5, '0110101': 7, '0010011': 3, '1101110': 11, '0000010': 2, '0101001': 12, '1011001': 15, '0101010': 6, '0010100': 10, '0001010': 6, '1000010': 10, '1011100': 4, '1000000': 5, '0010111': 8, '1000101': 9, '0011100': 8, '0011010': 18, '0000000': 4, '0100010': 6, '0010110': 9, '0110010': 1, '1111001': 14, '0010101': 10, '1001101': 1, '1000001': 2, '1100011': 6, '0110011': 4, '1010001': 3, '0011111': 4, '0000011': 2, '1001011': 8, '1111101': 1, '1110101': 6, '1011010': 2, '1111110': 9, '1111100': 4, '0010010': 2, '1101100': 3, '1001000': 5, '0000100': 2, '1001010': 7, '0100001': 11, '1001100': 1, '0111111': 6, '0100100': 2, '0100000': 1, '1101101': 1, '1100111': 1, '0011001': 1, '1000111': 1, '0101111': 2, '1100110': 1}"
vqe_7,1024,'1101011y',"{'1100000': 10, '1010000': 17, '0010010': 8, '1110001': 16, '0001110': 23, '1001001': 12, '0101111': 16, '0100010': 11, '0110011': 16, '0000010': 8, '1000001': 13, '1010111': 7, '1101001': 11, '1111010': 11, '0111000': 20, '0000101': 18, '0001000': 7, '1011111': 9, '0010011': 10, '0110110': 9, '1000011': 5, '1100010': 5, '0001111': 20, '0101010': 11, '1100111': 12, '0000100': 10, '1110110': 13, '0110101': 16, '0100101': 11, '1011010': 13, '0111001': 25, '1000110': 19, '0111111': 16, '0011001': 17, '1001100': 13, '0110010': 13, '1010100': 6, '0110111': 9, '0001001': 9, '1101000': 17, '0111110': 11, '1111111': 6, '1001011': 8, '1001101': 16, '1101101': 12, '0111101': 5, '0100111': 3, '1100001': 6, '1011101': 6, '1010001': 22, '1100110': 26, '0110100': 7, '1110111': 10, '0101110': 16, '1011110': 11, '1001110': 2, '0011101': 5, '0011110': 13, '1110000': 14, '0111100': 3, '0010001': 6, '1011100': 7, '1010011': 6, '0100100': 10, '0010101': 10, '1101100': 7, '0001010': 5, '0000011': 9, '0101011': 10, '1011011': 11, '1010101': 4, '1000000': 9, '0011000': 26, '1000111': 13, '1111110': 5, '0000000': 2, '0010111': 12, '1111011': 10, '1110011': 4, '0101001': 6, '0010110': 11, '1101011': 5, '1100011': 4, '1110010': 1, '0011111': 5, '0010100': 10, '1011000': 1, '1001010': 10, '1111100': 8, '1000100': 1, '1110101': 4, '1100100': 2, '1111101': 8, '0101000': 3, '1101010': 5, '1001000': 9, '1000010': 6, '0111011': 1, '0101100': 2, '0100001': 10, '1010110': 4, '0100011': 4, '0001011': 4, '1010010': 4, '0101101': 2, '0011100': 2, '0011011': 1, '0010000': 3, '1110100': 2, '0100000': 1, '0011010': 2, '0000001': 1, '0110000': 2}"
vqe_7,1024,'1101100y',"{'1100000': 8, '1010001': 12, '0010001': 8, '1110011': 9, '0001100': 7, '1001001': 13, '0101111': 13, '0100010': 9, '0110001': 12, '0000001': 6, '1000010': 10, '1010111': 7, '1101001': 13, '1111000': 10, '0111001': 12, '0000110': 10, '0001000': 8, '1011111': 9, '0010011': 15, '0110110': 12, '0010010': 5, '1000011': 11, '1100010': 6, '0001111': 7, '0101001': 10, '1100111': 7, '0000101': 7, '1110110': 12, '0110101': 11, '0100110': 6, '0000010': 4, '1011001': 11, '0111010': 11, '1000100': 10, '0111110': 8, '0011010': 10, '1001101': 11, '0111111': 14, '1010101': 5, '0110111': 8, '0001011': 6, '0001001': 7, '1101000': 12, '0111101': 5, '0111000': 11, '1111111': 8, '1001100': 7, '1001111': 9, '1101110': 10, '0111100': 9, '0100111': 9, '0101110': 7, '1100001': 8, '1011101': 5, '1010011': 9, '1100100': 6, '1100101': 14, '0110011': 8, '1110111': 8, '0101100': 5, '1011110': 12, '0101101': 10, '1001011': 7, '1001110': 10, '0000111': 9, '0110010': 9, '0011101': 6, '0011110': 12, '1110001': 8, '0001110': 14, '1011000': 6, '0010000': 8, '1011100': 7, '1101010': 4, '1010100': 10, '1110000': 6, '0100101': 7, '0010100': 7, '1101101': 5, '0001010': 8, '0000011': 6, '1010000': 9, '0101010': 10, '0101011': 5, '0010101': 7, '1000001': 6, '1010110': 7, '1000000': 7, '0011000': 12, '1000111': 7, '0011011': 8, '1111110': 6, '0110000': 6, '0011001': 10, '0000000': 3, '0010111': 12, '1100110': 10, '0110100': 6, '0001101': 11, '1111011': 7, '0010110': 11, '1110100': 8, '1111001': 5, '1101100': 6, '1010010': 10, '1100011': 5, '0100100': 4, '0011111': 5, '1000110': 5, '1111100': 6, '1110101': 5, '1000101': 9, '1111101': 6, '0111011': 9, '1101011': 5, '1001010': 8, '0000100': 4, '1001000': 6, '1101111': 3, '1011010': 5, '0100001': 11, '0100011': 4, '0101000': 7, '1110010': 5, '1011011': 4, '0011100': 4, '0100000': 1, '1111010': 3}"
vqe_7,1024,'1101101y',"{'1100000': 8, '1010001': 13, '0010001': 8, '1110011': 9, '0001100': 7, '1001001': 14, '0101111': 13, '0100010': 9, '0110001': 12, '0000001': 6, '1000010': 10, '1010111': 7, '1101001': 13, '1111000': 10, '0111001': 12, '0000110': 10, '0001000': 8, '1011111': 9, '0010011': 15, '0110110': 12, '0010010': 5, '1000011': 11, '1100010': 6, '0001111': 7, '0101001': 10, '1100111': 7, '0000101': 7, '1110110': 12, '0110101': 11, '0100110': 6, '0000010': 4, '1011001': 11, '0111010': 11, '1000100': 10, '0111110': 8, '0011010': 10, '1001101': 9, '0111111': 14, '1010101': 5, '0110111': 8, '0001011': 6, '0001001': 7, '1101000': 12, '0111101': 5, '0111000': 11, '1111111': 8, '1001100': 7, '1001111': 9, '1101110': 10, '0111100': 9, '0100111': 9, '0101110': 7, '1100001': 8, '1011101': 6, '1010011': 9, '1100100': 6, '1100101': 14, '0110011': 8, '1110111': 8, '0101100': 5, '1011110': 11, '0101101': 10, '1001011': 7, '1001110': 12, '0000111': 9, '0110010': 9, '0011101': 6, '0011110': 12, '1110001': 8, '0001110': 14, '1011000': 6, '0010000': 8, '1011100': 6, '1101010': 4, '1010100': 10, '1110000': 6, '0100101': 7, '0010100': 7, '1101101': 5, '0001010': 8, '0000011': 6, '1010000': 9, '0101010': 10, '0101011': 5, '0010101': 7, '1000001': 6, '1010110': 7, '1000000': 7, '0011000': 12, '1000111': 7, '0011011': 8, '1111110': 6, '0110000': 6, '0011001': 10, '0000000': 3, '0010111': 12, '1100110': 10, '0110100': 6, '0001101': 11, '1111011': 7, '0010110': 11, '1110100': 8, '1111001': 5, '1101100': 6, '1010010': 9, '1100011': 5, '0100100': 4, '0011111': 5, '1000110': 5, '1111100': 6, '1110101': 5, '1000101': 9, '1111101': 6, '0111011': 9, '1101011': 5, '1001010': 7, '0000100': 4, '1001000': 6, '1101111': 3, '1011010': 5, '0100001': 11, '0100011': 4, '0101000': 7, '1110010': 5, '1011011': 5, '0011100': 4, '0100000': 1, '1111010': 3}"
vqe_7,1024,'1101110y',"{'1100000': 10, '1010000': 17, '0010010': 8, '1110001': 16, '0001110': 23, '1001001': 12, '0101111': 16, '0100010': 11, '0110011': 16, '0000010': 8, '1000001': 13, '1010111': 7, '1101001': 11, '1111010': 11, '0111000': 20, '0000101': 18, '0001000': 7, '1011111': 9, '0010011': 10, '0110110': 9, '1000011': 5, '1100010': 5, '0001111': 20, '0101010': 11, '1100111': 12, '0000100': 10, '1110110': 13, '0110101': 16, '0100101': 11, '1011010': 13, '0111001': 25, '1000110': 19, '0111111': 16, '0011001': 17, '1001100': 13, '0110010': 13, '1010100': 6, '0110111': 9, '0001001': 9, '1101000': 17, '0111110': 11, '1111111': 6, '1001011': 8, '1001101': 16, '1101101': 12, '0111101': 5, '0100111': 3, '1100001': 6, '1011101': 6, '1010001': 22, '1100110': 26, '0110100': 7, '1110111': 10, '0101110': 16, '1011110': 11, '1001110': 2, '0011101': 5, '0011110': 13, '1110000': 14, '0111100': 3, '0010001': 6, '1011100': 7, '1010011': 6, '0100100': 10, '0010101': 10, '1101100': 7, '0001010': 5, '0000011': 9, '0101011': 10, '1011011': 11, '1010101': 4, '1000000': 9, '0011000': 26, '1000111': 13, '1111110': 5, '0000000': 2, '0010111': 12, '1111011': 10, '1110011': 4, '0101001': 6, '0010110': 11, '1101011': 5, '1100011': 4, '1110010': 1, '0011111': 5, '0010100': 10, '1011000': 1, '1001010': 10, '1111100': 8, '1000100': 1, '1110101': 4, '1100100': 2, '1111101': 8, '0101000': 3, '1101010': 5, '1001000': 9, '1000010': 6, '0111011': 1, '0101100': 2, '0100001': 10, '1010110': 4, '0100011': 4, '0001011': 4, '1010010': 4, '0101101': 2, '0011100': 2, '0011011': 1, '0010000': 3, '1110100': 2, '0100000': 1, '0011010': 2, '0000001': 1, '0110000': 2}"
vqe_7,1024,'1101111y',"{'1100000': 8, '1010010': 14, '0010000': 16, '1110100': 11, '0001011': 10, '1001001': 13, '0101110': 9, '0100011': 5, '0110000': 18, '0000001': 9, '1000011': 17, '1010111': 6, '1101010': 12, '1111000': 14, '0111010': 20, '0000110': 13, '0000111': 20, '1011111': 9, '0010001': 18, '0110110': 15, '0001100': 20, '1100010': 7, '0001101': 14, '0101000': 12, '1100101': 14, '1110110': 10, '0110100': 5, '0100110': 13, '1011000': 17, '0111011': 20, '1000100': 19, '0111101': 10, '0011011': 13, '1001110': 17, '0111110': 9, '1010110': 7, '0110111': 6, '0001001': 10, '1101001': 8, '0111100': 13, '1111111': 11, '1001111': 19, '1101111': 12, '0100111': 14, '0101101': 7, '1100001': 7, '1011101': 5, '1010011': 18, '1101000': 5, '1100100': 20, '1010100': 8, '0110001': 17, '0101011': 5, '1011110': 12, '0101100': 13, '1010000': 2, '1110111': 9, '0011101': 9, '0011110': 11, '1110011': 14, '1011011': 1, '1101011': 6, '1010101': 8, '1110010': 9, '0001000': 5, '0110101': 7, '0010011': 3, '1101110': 11, '0000010': 2, '0101001': 12, '1011001': 14, '0101010': 6, '0010100': 10, '0001010': 6, '1000010': 10, '1011100': 4, '1000000': 5, '0010111': 9, '1000101': 9, '0011100': 8, '0011010': 18, '0000000': 4, '0100010': 6, '0010110': 8, '0110010': 1, '1111001': 14, '0010101': 10, '1001101': 1, '1000001': 2, '1100011': 6, '0110011': 4, '1010001': 3, '0011111': 4, '0000011': 2, '1001011': 8, '1111101': 1, '1110101': 6, '1011010': 2, '1111110': 9, '1111100': 4, '0010010': 2, '1101100': 3, '1001000': 5, '0000100': 2, '1001010': 7, '0100001': 11, '1001100': 1, '0111111': 6, '0100100': 2, '0100000': 1, '1101101': 1, '1100111': 1, '0011001': 1, '1000111': 1, '0101111': 2, '1100110': 1}"
vqe_7,1024,'1110000y',"{'1100000': 8, '1010001': 8, '0010001': 8, '1110011': 9, '0001100': 9, '1001001': 12, '0101111': 11, '0100011': 7, '0110001': 11, '0000001': 4, '1000011': 13, '1010111': 7, '1101001': 13, '1111001': 5, '0111001': 13, '0000101': 8, '0001000': 8, '1011111': 9, '0010011': 16, '0110110': 11, '0010010': 4, '1100010': 6, '0001111': 7, '0101001': 9, '1100110': 8, '1110110': 11, '0110101': 13, '0100110': 6, '0000010': 6, '1011001': 7, '0111010': 12, '1000100': 11, '0111110': 6, '0011011': 10, '1001101': 11, '0111111': 13, '1010101': 6, '0110111': 7, '0001011': 6, '0001001': 6, '0111101': 8, '0111000': 7, '1111111': 7, '1001100': 8, '1001111': 8, '1101110': 9, '0111100': 9, '0100111': 8, '0100101': 6, '1000010': 10, '0101110': 7, '1100001': 7, '1011101': 8, '1010011': 9, '1101000': 10, '1100100': 8, '1100101': 16, '0110011': 8, '1110111': 7, '0101100': 7, '1011110': 9, '0101101': 10, '1001011': 8, '1001110': 10, '0000111': 7, '0110010': 10, '0011101': 11, '1110001': 7, '0001110': 9, '1011000': 6, '0010000': 8, '1011100': 6, '1101010': 6, '1010100': 11, '0010100': 11, '1101101': 6, '0001010': 9, '1110000': 5, '0000011': 6, '0011010': 8, '1010000': 9, '0101010': 10, '1011010': 8, '0101011': 7, '1000000': 6, '0011000': 9, '1000110': 6, '1111110': 7, '0110000': 6, '0100100': 6, '1010010': 14, '1000001': 5, '0011001': 13, '0000000': 3, '0100010': 9, '0010110': 12, '0110100': 6, '1010110': 5, '1111011': 7, '0001101': 14, '1110100': 9, '0011110': 8, '1101100': 6, '1100011': 6, '0010111': 10, '0011111': 4, '1111100': 7, '0010101': 4, '1110101': 6, '1111000': 8, '1111101': 5, '0111011': 11, '1111010': 5, '0000110': 10, '1101011': 5, '1001010': 10, '0000100': 5, '1000111': 6, '1000101': 8, '1001000': 4, '1100111': 5, '1101111': 3, '0100001': 8, '0101000': 6, '1110010': 7, '1011011': 6, '0011100': 4, '0100000': 1}"
vqe_7,1024,'1110001y',"{'1100000': 8, '1010001': 9, '0010001': 8, '1110011': 9, '0001100': 9, '1001001': 12, '0101111': 11, '0100011': 7, '0110001': 11, '0000001': 4, '1000011': 13, '1010111': 7, '1101001': 13, '1111001': 5, '0111001': 13, '0000101': 8, '0001000': 8, '1011111': 9, '0010011': 16, '0110110': 11, '0010010': 4, '1100010': 6, '0001111': 7, '0101001': 9, '1100110': 8, '1110110': 11, '0110101': 13, '0100110': 6, '0000010': 6, '1011001': 8, '0111010': 12, '1000100': 11, '0111110': 6, '0011011': 10, '1001101': 11, '0111111': 13, '1010101': 6, '0110111': 7, '0001011': 7, '0001001': 6, '0111101': 8, '0111000': 7, '1111111': 7, '1001100': 8, '1001111': 7, '1101110': 9, '0111100': 9, '0100111': 8, '0100101': 6, '1000010': 10, '0101110': 7, '1100001': 7, '1011101': 8, '1010011': 9, '1101000': 10, '1100100': 8, '1100101': 16, '0110011': 8, '1110111': 7, '0101100': 7, '1011110': 9, '0101101': 10, '1001011': 9, '1001110': 11, '0000111': 7, '0110010': 10, '0011101': 9, '0011110': 10, '1110001': 7, '0001110': 9, '1011000': 6, '0010000': 8, '1011100': 6, '1101010': 6, '1010100': 11, '0010100': 12, '1101101': 6, '0001010': 8, '1110000': 5, '0000011': 6, '0011010': 8, '1010000': 8, '0101010': 10, '1011010': 7, '0101011': 7, '1000000': 6, '0011000': 9, '1000110': 6, '1111110': 7, '0110000': 6, '0100100': 6, '1010010': 14, '1000001': 5, '0011001': 13, '0000000': 3, '0100010': 9, '0010110': 12, '0110100': 6, '1010110': 5, '1111011': 7, '0001101': 14, '1110100': 9, '1101100': 6, '1100011': 6, '0010111': 9, '0011111': 4, '1111100': 7, '0010101': 4, '1110101': 6, '1111000': 8, '1111101': 5, '0111011': 11, '1111010': 5, '0000110': 10, '1101011': 5, '1001010': 9, '0000100': 5, '1000111': 6, '1000101': 8, '1001000': 4, '1100111': 5, '1101111': 3, '0100001': 8, '0101000': 6, '1110010': 7, '1011011': 6, '0011100': 4, '0100000': 1}"
vqe_7,1024,'1110010y',"{'1100000': 8, '1010010': 17, '0010000': 13, '1110011': 15, '0001100': 20, '1001001': 12, '0101111': 3, '0100011': 5, '0110001': 17, '0000001': 8, '1000011': 17, '1010111': 8, '1101010': 9, '1111000': 13, '0111010': 18, '0000111': 19, '0001000': 5, '1011111': 9, '0010001': 10, '0110110': 10, '1100010': 8, '0001101': 16, '0101001': 12, '1100101': 11, '0000110': 13, '1110101': 13, '0110101': 11, '0100111': 14, '1011000': 13, '0111011': 24, '1000100': 18, '0111101': 10, '0011011': 13, '1001110': 14, '0111110': 9, '0110000': 17, '1010101': 5, '0110111': 9, '0001011': 9, '0001010': 11, '1101001': 8, '0111100': 14, '1111111': 11, '1001100': 4, '1001111': 18, '1101110': 13, '0101101': 11, '1100001': 6, '1011101': 5, '1010011': 17, '1101000': 9, '1100100': 24, '1110111': 8, '0101100': 12, '1011110': 11, '1001011': 5, '1000010': 11, '1110110': 6, '0011101': 11, '0001111': 2, '1110010': 11, '1011011': 1, '0101110': 6, '1010100': 11, '0100110': 11, '0010100': 12, '1110000': 1, '0000011': 3, '0001001': 5, '1010001': 4, '0101010': 9, '1011001': 12, '0101011': 6, '1010110': 7, '1011100': 5, '1000000': 4, '0011001': 5, '1000101': 13, '0011100': 9, '0011010': 20, '0000000': 3, '0100010': 8, '0010110': 9, '0110100': 5, '1111001': 11, '1110100': 9, '0011110': 8, '0010101': 8, '1101100': 3, '1000001': 3, '1100011': 7, '1101111': 6, '0010111': 4, '0011111': 4, '0010011': 5, '1001010': 7, '1111100': 4, '0010010': 8, '1011010': 2, '1111110': 8, '0101000': 7, '0001110': 1, '1101011': 7, '1110001': 1, '0110010': 3, '1001000': 9, '0000010': 2, '0100001': 9, '0111111': 6, '1101101': 2, '0100100': 2, '1100110': 1, '0011000': 1, '0100000': 1, '1111101': 1, '1001101': 1, '1010000': 1}"
vqe_7,1024,'1110011y',"{'1100000': 8, '1010001': 19, '0010010': 9, '1110001': 16, '0001100': 4, '1001010': 14, '0101111': 15, '0100010': 12, '0110010': 16, '0000010': 8, '1000010': 10, '1010111': 2, '1101001': 14, '1111010': 13, '0111000': 25, '0000100': 13, '0000101': 19, '1011111': 8, '0010011': 17, '0110101': 14, '0001110': 19, '1000110': 23, '1100011': 5, '0001111': 15, '0101001': 7, '1100111': 14, '1110110': 13, '0110100': 10, '0100100': 12, '1011010': 12, '0111001': 19, '0111110': 10, '0011001': 17, '1001100': 18, '0111111': 15, '1010101': 5, '0110111': 4, '0001011': 5, '0001001': 11, '1101000': 11, '0111101': 3, '1111111': 6, '1001101': 17, '1101101': 13, '0100101': 13, '1100001': 7, '1011000': 5, '1011101': 9, '1010010': 7, '1100110': 23, '0110011': 17, '0101101': 3, '1011110': 9, '0101110': 16, '1010000': 14, '1001011': 10, '1110111': 10, '0011101': 8, '1000101': 1, '0011110': 10, '0111100': 6, '0010000': 6, '1011100': 7, '1100010': 5, '1101010': 5, '1010100': 10, '1110000': 11, '0001000': 6, '0010100': 8, '1101100': 10, '0110110': 10, '0000011': 9, '0101010': 9, '1011011': 14, '0101011': 9, '0010101': 7, '1000001': 8, '1000000': 7, '0010111': 14, '1000111': 10, '1111110': 3, '0011000': 19, '0000000': 2, '0010110': 13, '1010110': 5, '1111011': 10, '1110100': 8, '0010001': 2, '0011111': 4, '1111100': 10, '1100100': 2, '1111101': 10, '1001001': 8, '1101011': 4, '0100001': 8, '0100011': 5, '0001010': 4, '0101000': 5, '1001000': 4, '1010011': 4, '0101100': 2, '0011100': 3, '0100111': 1, '0011011': 1, '0110001': 1, '1101110': 1, '1110101': 1, '0100000': 1, '0011010': 2, '1000011': 4, '0110000': 1, '1110011': 1, '0000001': 1, '0001101': 1}"
vqe_7,1024,'1110100y',"{'1100000': 8, '1010001': 9, '0010001': 8, '1110011': 9, '0001100': 9, '1001001': 12, '0101111': 11, '0100011': 7, '0110001': 11, '0000001': 4, '1000011': 13, '1010111': 7, '1101001': 13, '1111001': 5, '0111001': 13, '0000101': 8, '0001000': 8, '1011111': 9, '0010011': 16, '0110110': 11, '0010010': 4, '1100010': 6, '0001111': 7, '0101001': 9, '1100110': 8, '1110110': 11, '0110101': 13, '0100110': 6, '0000010': 6, '1011001': 8, '0111010': 12, '1000100': 11, '0111110': 6, '0011011': 10, '1001101': 11, '0111111': 13, '1010101': 6, '0110111': 7, '0001011': 7, '0001001': 6, '0111101': 8, '0111000': 7, '1111111': 7, '1001100': 8, '1001111': 7, '1101110': 9, '0111100': 9, '0100111': 8, '0100101': 6, '1000010': 10, '0101110': 7, '1100001': 7, '1011101': 8, '1010011': 9, '1101000': 10, '1100100': 8, '1100101': 16, '0110011': 8, '1110111': 7, '0101100': 7, '1011110': 9, '0101101': 10, '1001011': 9, '1001110': 11, '0000111': 7, '0110010': 10, '0011101': 9, '0011110': 10, '1110001': 7, '0001110': 9, '1011000': 6, '0010000': 8, '1011100': 6, '1101010': 6, '1010100': 11, '0010100': 12, '1101101': 6, '0001010': 8, '1110000': 5, '0000011': 6, '0011010': 8, '1010000': 8, '0101010': 10, '1011010': 7, '0101011': 7, '1000000': 6, '0011000': 9, '1000110': 6, '1111110': 7, '0110000': 6, '0100100': 6, '1010010': 14, '1000001': 5, '0011001': 13, '0000000': 3, '0100010': 9, '0010110': 12, '0110100': 6, '1010110': 5, '1111011': 7, '0001101': 14, '1110100': 9, '1101100': 6, '1100011': 6, '0010111': 9, '0011111': 4, '1111100': 7, '0010101': 4, '1110101': 6, '1111000': 8, '1111101': 5, '0111011': 11, '1111010': 5, '0000110': 10, '1101011': 5, '1001010': 9, '0000100': 5, '1000111': 6, '1000101': 8, '1001000': 4, '1100111': 5, '1101111': 3, '0100001': 8, '0101000': 6, '1110010': 7, '1011011': 6, '0011100': 4, '0100000': 1}"
vqe_7,1024,'1110101y',"{'1100000': 8, '1010001': 8, '0010001': 8, '1110011': 9, '0001100': 9, '1001001': 12, '0101111': 11, '0100011': 7, '0110001': 11, '0000001': 4, '1000011': 13, '1010111': 7, '1101001': 13, '1111001': 5, '0111001': 13, '0000101': 8, '0001000': 8, '1011111': 9, '0010011': 16, '0110110': 11, '0010010': 4, '1100010': 6, '0001111': 7, '0101001': 9, '1100110': 8, '1110110': 11, '0110101': 13, '0100110': 6, '0000010': 6, '1011001': 7, '0111010': 12, '1000100': 11, '0111110': 6, '0011011': 10, '1001101': 11, '0111111': 13, '1010101': 6, '0110111': 7, '0001011': 6, '0001001': 6, '0111101': 8, '0111000': 7, '1111111': 7, '1001100': 8, '1001111': 8, '1101110': 9, '0111100': 9, '0100111': 8, '0100101': 6, '1000010': 10, '0101110': 7, '1100001': 7, '1011101': 8, '1010011': 9, '1101000': 10, '1100100': 8, '1100101': 16, '0110011': 8, '1110111': 7, '0101100': 7, '1011110': 9, '0101101': 10, '1001011': 8, '1001110': 10, '0000111': 7, '0110010': 10, '0011101': 11, '1110001': 7, '0001110': 9, '1011000': 6, '0010000': 8, '1011100': 6, '1101010': 6, '1010100': 11, '0010100': 11, '1101101': 6, '0001010': 9, '1110000': 5, '0000011': 6, '0011010': 8, '1010000': 9, '0101010': 10, '1011010': 8, '0101011': 7, '1000000': 6, '0011000': 9, '1000110': 6, '1111110': 7, '0110000': 6, '0100100': 6, '1010010': 14, '1000001': 5, '0011001': 13, '0000000': 3, '0100010': 9, '0010110': 12, '0110100': 6, '1010110': 5, '1111011': 7, '0001101': 14, '1110100': 9, '0011110': 8, '1101100': 6, '1100011': 6, '0010111': 10, '0011111': 4, '1111100': 7, '0010101': 4, '1110101': 6, '1111000': 8, '1111101': 5, '0111011': 11, '1111010': 5, '0000110': 10, '1101011': 5, '1001010': 10, '0000100': 5, '1000111': 6, '1000101': 8, '1001000': 4, '1100111': 5, '1101111': 3, '0100001': 8, '0101000': 6, '1110010': 7, '1011011': 6, '0011100': 4, '0100000': 1}"
vqe_7,1024,'1110110y',"{'1100000': 8, '1010001': 18, '0010010': 9, '1110001': 16, '0001100': 4, '1001010': 14, '0101111': 15, '0100010': 13, '0110010': 17, '0000010': 8, '1000010': 10, '1010111': 2, '1010000': 15, '1101001': 14, '1111010': 13, '0111000': 25, '0000100': 13, '0000101': 19, '1011111': 8, '0010011': 17, '0110101': 14, '0001110': 19, '1000110': 23, '1100011': 5, '0001111': 15, '0101001': 7, '1100111': 14, '1110110': 13, '0110100': 10, '0100100': 12, '1011010': 12, '0111001': 19, '0111110': 10, '0011001': 17, '1001100': 17, '0111111': 15, '1010101': 5, '0110111': 4, '0001011': 5, '0001001': 11, '1101000': 11, '0111101': 3, '1111111': 5, '1001101': 17, '1101101': 13, '0100101': 13, '1100001': 7, '1011000': 5, '1011101': 9, '1010010': 7, '1100110': 22, '0110011': 17, '0101101': 3, '1011110': 9, '1001011': 11, '0101110': 16, '1110111': 10, '0011101': 8, '1000101': 1, '0011110': 10, '0111100': 6, '0010000': 6, '1011100': 7, '1100010': 5, '1101010': 5, '1010100': 10, '1110000': 11, '0001000': 6, '0010100': 8, '1101100': 9, '0110110': 10, '0000011': 9, '0101010': 9, '1011011': 14, '0101011': 9, '0010101': 7, '1000001': 8, '1000000': 7, '0010111': 15, '1000111': 10, '1111110': 4, '0011000': 19, '0000000': 2, '1010110': 5, '1111011': 10, '0010110': 12, '1110100': 8, '0010001': 2, '0011111': 4, '1111100': 10, '1100100': 2, '1111101': 10, '1001001': 8, '1101011': 5, '0100001': 7, '0100011': 5, '0001010': 4, '0101000': 5, '1001000': 4, '1100101': 1, '1010011': 4, '0101100': 2, '0011100': 3, '0100111': 1, '0011011': 1, '1101110': 1, '1110101': 1, '0100000': 1, '0011010': 2, '1000011': 4, '0110000': 1, '1110011': 1, '0000001': 1, '0001101': 1}"
vqe_7,1024,'1110111y',"{'1100000': 8, '1010010': 17, '0010000': 13, '1110011': 15, '0001100': 20, '1001001': 12, '0101111': 3, '0100011': 5, '0110001': 17, '0000001': 8, '1000011': 17, '1010111': 8, '1101010': 9, '1111000': 13, '0111010': 18, '0000111': 19, '0001000': 5, '1011111': 9, '0010001': 10, '0110110': 9, '1100010': 8, '0001101': 17, '0101001': 12, '1100101': 12, '0000110': 13, '1110101': 13, '0110101': 11, '0100111': 14, '1011000': 13, '0111011': 24, '1000100': 18, '0111101': 10, '0011011': 13, '1001110': 14, '0111110': 9, '0110000': 17, '1010101': 5, '0110111': 9, '0001011': 9, '0001010': 10, '1101001': 8, '0111100': 14, '1111111': 11, '1001100': 4, '1001111': 18, '1101110': 13, '0101101': 11, '1100001': 6, '1011101': 5, '1010011': 17, '1101000': 9, '1100100': 23, '1110111': 8, '0101100': 12, '1011110': 11, '1001011': 5, '1000010': 11, '1110110': 6, '0011101': 11, '0001111': 2, '1110010': 11, '1011011': 1, '0101110': 6, '1010100': 11, '0100110': 11, '0010100': 12, '1110000': 1, '0000011': 3, '0001001': 6, '1010001': 4, '0101010': 9, '1011001': 12, '0101011': 6, '1010110': 7, '1011100': 5, '1000000': 4, '0011001': 5, '1000101': 13, '0011100': 9, '0011010': 20, '0000000': 3, '0100010': 7, '0010110': 9, '0110100': 6, '1111001': 11, '1110100': 9, '0011110': 8, '0010101': 8, '1101100': 3, '1000001': 3, '1100011': 7, '1101111': 6, '0010111': 4, '0011111': 4, '0010011': 5, '1001010': 7, '1111100': 4, '0010010': 8, '1011010': 2, '1111110': 8, '0101000': 7, '1101011': 7, '1110001': 1, '0110010': 3, '1001000': 9, '0000010': 2, '0100001': 10, '0111111': 6, '1101101': 2, '0100100': 2, '1100110': 1, '0011000': 1, '0100000': 1, '1111101': 1, '1001101': 1, '1010000': 1}"
vqe_7,1024,'1111000y',"{'1100000': 8, '1010001': 9, '0010001': 8, '1110011': 9, '0001100': 9, '1001001': 12, '0101111': 11, '0100011': 7, '0110010': 11, '0000001': 4, '1000011': 13, '1010111': 7, '1101001': 13, '1111001': 6, '0111001': 14, '0000101': 7, '0001000': 8, '1011111': 9, '0010011': 17, '0110110': 11, '0010010': 3, '1100010': 6, '0001111': 7, '0101001': 9, '1100110': 8, '1110110': 11, '0110101': 13, '0100110': 7, '0000010': 6, '1011001': 8, '0111010': 11, '1000100': 11, '0111110': 6, '0011011': 9, '1001101': 11, '0111111': 13, '0110001': 10, '1010101': 6, '0110111': 7, '0001011': 7, '0001001': 6, '0111101': 8, '0111000': 7, '1111111': 7, '1001100': 8, '1001111': 7, '1101110': 9, '0111100': 9, '0100111': 8, '1000010': 10, '0101110': 7, '1100001': 7, '1011101': 8, '1010011': 9, '1101000': 10, '1100100': 7, '1100101': 17, '0110011': 8, '1110111': 7, '0101100': 7, '1011110': 9, '0101101': 10, '1001011': 9, '1001110': 11, '0000111': 7, '0011101': 9, '0011110': 10, '1110001': 7, '0001110': 9, '1011000': 6, '0010000': 8, '1011100': 6, '1101010': 6, '1010100': 11, '0100101': 5, '0010100': 12, '1101100': 7, '0001010': 8, '1110000': 5, '1101101': 5, '0000011': 6, '0011010': 9, '1010000': 8, '0101010': 10, '1011010': 7, '0101011': 7, '1000000': 6, '0011000': 10, '1000110': 6, '1111110': 7, '0110000': 6, '0100100': 6, '1010010': 14, '1000001': 5, '0011001': 12, '0000000': 3, '0100010': 9, '0010110': 12, '0110100': 6, '1010110': 5, '1111011': 7, '0001101': 14, '1110100': 9, '1100011': 6, '0010111': 9, '0011111': 4, '1111100': 7, '0010101': 4, '1110101': 6, '1111000': 8, '1111101': 5, '0111011': 11, '1111010': 4, '0000110': 11, '1101011': 5, '1001010': 9, '0000100': 5, '1000111': 6, '1000101': 8, '1001000': 4, '1100111': 5, '1101111': 3, '0100001': 8, '0101000': 6, '1110010': 7, '1011011': 6, '0011100': 4, '0100000': 1}"
vqe_7,1024,'1111001y',"{'1100000': 8, '1010001': 9, '0010001': 8, '1110011': 9, '0001100': 9, '1001001': 12, '0101111': 11, '0100011': 7, '0110010': 11, '0000001': 4, '1000011': 13, '1010111': 7, '1101001': 13, '1111001': 6, '0111001': 14, '0000101': 7, '0001000': 8, '1011111': 9, '0010011': 17, '0110110': 11, '0010010': 3, '1100010': 6, '0001111': 7, '0101001': 9, '1100110': 8, '1110110': 11, '0110101': 13, '0100110': 6, '0000010': 6, '1011001': 8, '0111010': 11, '1000100': 11, '0111110': 6, '0011011': 9, '1001101': 11, '0111111': 13, '0110001': 10, '1010101': 6, '0110111': 7, '0001011': 7, '0001001': 6, '0111101': 8, '0111000': 7, '1111111': 7, '1001100': 8, '1001111': 7, '1101110': 9, '0111100': 9, '0100111': 8, '0100101': 6, '1000010': 10, '0101110': 7, '1100001': 7, '1011101': 8, '1010011': 9, '1101000': 10, '1100100': 7, '1100101': 17, '0110011': 8, '1110111': 7, '0101100': 7, '1011110': 9, '0101101': 10, '1001011': 9, '1001110': 11, '0000111': 7, '0011101': 11, '1110001': 7, '0001110': 9, '1011000': 6, '0010000': 8, '1011100': 6, '1101010': 6, '1010100': 11, '0010100': 11, '1101100': 7, '0001010': 8, '1110000': 5, '1101101': 5, '0000011': 6, '0011010': 9, '1010000': 8, '0101010': 10, '1011010': 7, '0101011': 7, '1000000': 6, '0011000': 10, '1000110': 6, '1111110': 7, '0110000': 6, '0100100': 6, '1010010': 14, '1000001': 5, '0011001': 12, '0000000': 3, '0100010': 9, '0010110': 12, '0110100': 6, '1010110': 5, '1111011': 7, '0001101': 14, '1110100': 9, '0011110': 8, '1100011': 6, '0010111': 10, '0011111': 4, '1111100': 7, '0010101': 4, '1110101': 6, '1111000': 8, '1111101': 5, '0111011': 11, '1111010': 4, '0000110': 11, '1101011': 5, '1001010': 9, '0000100': 5, '1000111': 6, '1000101': 8, '1001000': 4, '1100111': 5, '1101111': 3, '0100001': 8, '0101000': 6, '1110010': 7, '1011011': 6, '0011100': 4, '0100000': 1}"
vqe_7,1024,'1111010y',"{'1100000': 8, '1010001': 20, '0010010': 9, '1110001': 15, '0001101': 4, '1001001': 11, '0101111': 14, '0100010': 12, '0110010': 17, '0000010': 8, '1000010': 9, '1010111': 7, '1010000': 15, '1101001': 13, '1111010': 13, '0111000': 24, '0000100': 13, '0001000': 6, '1011111': 9, '0010011': 15, '0110101': 15, '0001110': 19, '1000110': 23, '1100011': 5, '0001111': 16, '0101001': 7, '1100111': 13, '1110110': 10, '0100100': 12, '1011010': 13, '0111001': 20, '0111110': 10, '0011001': 16, '1001100': 15, '0111111': 15, '1010101': 6, '0110111': 5, '0001011': 5, '0001001': 10, '1101000': 12, '0111101': 3, '1111111': 5, '1001011': 14, '1001101': 16, '1001010': 11, '1101101': 13, '0100101': 13, '1100001': 7, '1011101': 8, '1100110': 23, '1010010': 3, '0110011': 18, '0101101': 2, '1011110': 9, '0101110': 16, '1001110': 2, '0000101': 18, '1110111': 10, '0011101': 8, '1000100': 1, '0011110': 10, '1110000': 12, '0111100': 6, '0010001': 5, '1011100': 7, '1100010': 5, '1101010': 6, '1010100': 10, '0010100': 9, '1101100': 8, '0110110': 10, '0000011': 9, '0101010': 9, '1011011': 13, '0101011': 10, '0010101': 9, '0001010': 5, '1000001': 9, '1000000': 7, '0010111': 15, '1000111': 10, '0011010': 3, '1111110': 4, '0011000': 19, '0000000': 2, '0110100': 7, '1111011': 12, '0010110': 12, '1110100': 6, '1101011': 6, '0011111': 4, '1111100': 8, '1110101': 4, '1100100': 2, '1111101': 10, '0111010': 1, '1110011': 2, '0100001': 8, '1010110': 3, '0100011': 5, '0101000': 4, '1001000': 4, '0001100': 1, '1100101': 1, '1010011': 5, '0101100': 2, '0011100': 3, '0100111': 1, '0011011': 1, '0010000': 2, '0100000': 1, '1000011': 4, '1110010': 1, '0000001': 1, '0110000': 2}"
vqe_7,1024,'1111011y',"{'1100000': 8, '1010010': 17, '0010000': 15, '1110011': 15, '0001011': 12, '1001001': 12, '0101110': 9, '0100011': 5, '0110001': 19, '0000001': 8, '1000011': 18, '1010111': 8, '1101010': 10, '1111000': 12, '0111010': 18, '0000111': 18, '0001000': 5, '1011111': 9, '0010001': 11, '0110110': 9, '0001100': 19, '1100010': 8, '0001101': 16, '0101001': 12, '1100101': 12, '0000110': 14, '1110110': 8, '0110101': 11, '0100111': 14, '1011000': 13, '0111011': 24, '1000100': 18, '0111101': 10, '0011011': 13, '1001110': 15, '0111110': 9, '0110000': 16, '1010101': 6, '0110111': 9, '0001001': 9, '1101001': 8, '0111100': 14, '1111111': 11, '1001101': 3, '1001111': 16, '1101110': 8, '0101101': 8, '1100001': 6, '1011101': 5, '1010011': 18, '1101000': 8, '1100100': 24, '1110111': 8, '0101100': 15, '1011110': 11, '1001100': 2, '1010000': 2, '0011101': 11, '1110010': 12, '1011011': 1, '1010100': 11, '0100110': 11, '0010100': 12, '0001010': 8, '0000011': 2, '0101010': 9, '1011001': 12, '0101011': 5, '1000010': 10, '1010110': 7, '1011100': 5, '1000000': 4, '0011001': 3, '1000101': 12, '0011100': 9, '0011010': 20, '0000000': 3, '0100010': 8, '0010110': 8, '0110100': 6, '1111001': 11, '1110100': 10, '0011110': 8, '0010101': 9, '1101101': 4, '1001011': 6, '1000001': 3, '1100011': 6, '1101111': 11, '1010001': 3, '1110101': 11, '0010111': 5, '0011111': 4, '0010010': 7, '1111100': 4, '1011010': 2, '1111110': 8, '0010011': 3, '0101000': 8, '1101011': 7, '1001010': 5, '1001000': 9, '0000010': 3, '0100001': 9, '0111111': 6, '0100100': 2, '1000111': 1, '0011000': 2, '1100111': 1, '0100000': 1, '1111101': 1, '1101100': 1, '1111010': 1, '0101111': 2}"
vqe_7,1024,'1111100y',"{'1100000': 8, '1010001': 9, '0010001': 8, '1110011': 9, '0001100': 9, '1001001': 12, '0101111': 11, '0100011': 7, '0110010': 11, '0000001': 4, '1000011': 13, '1010111': 7, '1101001': 13, '1111001': 6, '0111001': 14, '0000101': 7, '0001000': 8, '1011111': 9, '0010011': 16, '0110110': 11, '0010010': 4, '1100010': 6, '0001111': 7, '0101001': 9, '1100110': 8, '1110110': 11, '0110101': 13, '0100110': 6, '0000010': 6, '1011001': 8, '0111010': 11, '1000100': 11, '0111110': 6, '0011011': 9, '1001101': 11, '0111111': 13, '0110001': 10, '1010101': 6, '0110111': 7, '0001011': 7, '0001001': 6, '0111101': 8, '0111000': 7, '1111111': 7, '1001100': 8, '1001111': 7, '1101110': 9, '0111100': 9, '0100111': 8, '0100101': 6, '1000010': 10, '0101110': 7, '1100001': 7, '1011101': 8, '1010011': 9, '1101000': 10, '1100100': 7, '1100101': 17, '0110011': 8, '1110111': 7, '0101100': 7, '1011110': 9, '0101101': 10, '1001011': 8, '1001110': 11, '0000111': 7, '0011101': 11, '1110001': 7, '0001110': 9, '1011000': 6, '0010000': 8, '1011100': 6, '1101010': 6, '1010100': 11, '0010100': 11, '1101100': 7, '0001010': 8, '1110000': 5, '1101101': 5, '0000011': 6, '0011010': 9, '1010000': 8, '0101010': 10, '1011010': 7, '0101011': 7, '1000000': 6, '0011000': 10, '1000110': 6, '1111110': 7, '0110000': 6, '0100100': 6, '1010010': 14, '1000001': 5, '0011001': 12, '0000000': 3, '0100010': 9, '0010110': 12, '0110100': 6, '1010110': 5, '1111011': 7, '0001101': 14, '1110100': 9, '0011110': 8, '1100011': 6, '0010111': 10, '0011111': 4, '1111100': 7, '0010101': 4, '1110101': 6, '1111000': 8, '1111101': 5, '0111011': 11, '1111010': 4, '0000110': 11, '1101011': 5, '1001010': 10, '0000100': 5, '1000111': 6, '1000101': 8, '1001000': 4, '1100111': 5, '1101111': 3, '0100001': 8, '0101000': 6, '1110010': 7, '1011011': 6, '0011100': 4, '0100000': 1}"
vqe_7,1024,'1111101y',"{'1100000': 8, '1010001': 9, '0010001': 8, '1110011': 9, '0001100': 9, '1001001': 12, '0101111': 11, '0100011': 7, '0110010': 11, '0000001': 4, '1000011': 13, '1010111': 7, '1101001': 13, '1111001': 6, '0111001': 14, '0000101': 7, '0001000': 8, '1011111': 9, '0010011': 17, '0110110': 11, '0010010': 3, '1100010': 6, '0001111': 7, '0101001': 9, '1100110': 8, '1110110': 11, '0110101': 13, '0100110': 7, '0000010': 6, '1011001': 8, '0111010': 11, '1000100': 11, '0111110': 6, '0011011': 9, '1001101': 11, '0111111': 13, '0110001': 10, '1010101': 6, '0110111': 7, '0001011': 7, '0001001': 6, '0111101': 8, '0111000': 7, '1111111': 7, '1001100': 8, '1001111': 7, '1101110': 9, '0111100': 9, '0100111': 8, '1000010': 10, '0101110': 7, '1100001': 7, '1011101': 8, '1010011': 9, '1101000': 10, '1100100': 7, '1100101': 17, '0110011': 8, '1110111': 7, '0101100': 7, '1011110': 9, '0101101': 10, '1001011': 9, '1001110': 11, '0000111': 7, '0011101': 9, '0011110': 10, '1110001': 7, '0001110': 9, '1011000': 6, '0010000': 8, '1011100': 6, '1101010': 6, '1010100': 11, '0100101': 5, '0010100': 12, '1101100': 7, '0001010': 8, '1110000': 5, '1101101': 5, '0000011': 6, '0011010': 9, '1010000': 8, '0101010': 10, '1011010': 7, '0101011': 7, '1000000': 6, '0011000': 10, '1000110': 6, '1111110': 7, '0110000': 6, '0100100': 6, '1010010': 14, '1000001': 5, '0011001': 12, '0000000': 3, '0100010': 9, '0010110': 12, '0110100': 6, '1010110': 5, '1111011': 7, '0001101': 14, '1110100': 9, '1100011': 6, '0010111': 9, '0011111': 4, '1111100': 7, '0010101': 4, '1110101': 6, '1111000': 8, '1111101': 5, '0111011': 11, '1111010': 4, '0000110': 11, '1101011': 5, '1001010': 9, '0000100': 5, '1000111': 6, '1000101': 8, '1001000': 4, '1100111': 5, '1101111': 3, '0100001': 8, '0101000': 6, '1110010': 7, '1011011': 6, '0011100': 4, '0100000': 1}"
vqe_7,1024,'1111110y',"{'1100000': 8, '1010010': 17, '0010000': 15, '1110011': 15, '0001011': 12, '1001001': 12, '0101110': 9, '0100011': 5, '0110001': 19, '0000001': 8, '1000011': 18, '1010111': 7, '1101010': 11, '1111000': 12, '0111010': 18, '0000111': 18, '0001000': 5, '1011111': 9, '0010001': 11, '0110110': 9, '0001100': 19, '1100010': 8, '0001101': 16, '0101001': 12, '1100101': 12, '0000110': 14, '1110110': 8, '0110101': 11, '0100111': 14, '1011000': 14, '0111011': 24, '1000100': 18, '0111101': 10, '0011011': 13, '1001110': 15, '0111110': 9, '0110000': 16, '1010101': 6, '0110111': 9, '0001001': 9, '1101001': 8, '0111100': 14, '1111111': 11, '1001101': 3, '1001111': 16, '1101110': 8, '0101101': 8, '1100001': 6, '1011101': 5, '1010011': 18, '1101000': 7, '1100100': 24, '1110111': 8, '0101100': 15, '1011110': 11, '1001100': 2, '1010000': 2, '0011101': 11, '1110010': 12, '1011011': 1, '1010100': 11, '0100110': 11, '0010100': 12, '0001010': 8, '0000011': 2, '0101010': 9, '1011001': 12, '0101011': 5, '1000010': 10, '1010110': 7, '1011100': 5, '1000000': 4, '0011001': 3, '1000101': 12, '0011100': 9, '0011010': 20, '0000000': 3, '0100010': 7, '0010110': 8, '0110100': 6, '1111001': 11, '1110100': 10, '0011110': 8, '0010101': 9, '1101101': 4, '1001011': 6, '1000001': 3, '1100011': 6, '1101111': 11, '1010001': 3, '1110101': 11, '0010111': 5, '0011111': 4, '0010010': 8, '1111100': 4, '1011010': 2, '1111110': 8, '0101000': 8, '1101011': 7, '1001010': 5, '0010011': 2, '1001000': 9, '0000010': 3, '0100001': 10, '0111111': 6, '0100100': 2, '1000111': 1, '0011000': 2, '1100111': 1, '0100000': 1, '1111101': 1, '1101100': 1, '1111010': 1, '0101111': 2}"
vqe_7,1024,'1111111y',"{'1100000': 8, '1010001': 20, '0010010': 9, '1110001': 15, '0001101': 4, '1001001': 11, '0101111': 14, '0100010': 12, '0110010': 17, '0000010': 8, '1000010': 9, '1010111': 7, '1010000': 15, '1101001': 13, '1111010': 13, '0111000': 24, '0000100': 13, '0001000': 6, '1011111': 8, '0010011': 15, '0110101': 15, '0001110': 19, '1000110': 23, '1100011': 5, '0001111': 16, '0101001': 8, '1100111': 13, '1110110': 10, '0100100': 12, '1011010': 13, '0111001': 20, '0111110': 10, '0011001': 16, '1001100': 15, '0111111': 15, '1010101': 6, '0110111': 5, '0001011': 4, '0001001': 10, '1101000': 12, '0111101': 3, '1111111': 5, '1001011': 14, '1001101': 16, '1001010': 11, '1101101': 13, '0100101': 13, '1100001': 7, '1011101': 9, '1100110': 23, '1010010': 4, '0110011': 18, '0101101': 2, '1011110': 9, '0101110': 16, '1001110': 2, '0000101': 18, '1110111': 10, '0011101': 8, '1000100': 1, '0011110': 10, '1110000': 12, '0111100': 6, '0010001': 5, '1011100': 7, '1100010': 5, '1101010': 6, '1010100': 10, '0010100': 9, '1101100': 8, '0110110': 10, '0000011': 9, '0101010': 9, '1011011': 13, '0101011': 10, '0010101': 9, '0001010': 5, '1000001': 9, '1000000': 7, '0010111': 14, '1000111': 10, '0011010': 3, '1111110': 4, '0011000': 20, '0000000': 2, '0110100': 7, '1111011': 12, '0010110': 12, '1110100': 6, '1101011': 6, '0011111': 4, '1111100': 8, '1110101': 4, '1100100': 2, '1111101': 10, '0111010': 1, '1110011': 2, '0100001': 8, '1010110': 3, '0100011': 5, '0101000': 3, '1001000': 4, '0001100': 2, '1100101': 1, '1010011': 4, '0101100': 2, '0011100': 3, '0100111': 1, '0011011': 1, '0010000': 2, '0100000': 1, '1000011': 4, '1110010': 1, '0000001': 1, '0110000': 2}"
vqe_7,1024,'0000000z',"{'0111010': 11, '0111000': 787, '0111100': 226}"
vqe_7,1024,'0000001z',"{'1110110': 267, '1100110': 710, '1000110': 11, '1101110': 16, '1111110': 6, '1010110': 7, '1100010': 3, '1010010': 1, '1110010': 1, '1110000': 1, '1100000': 1}"
vqe_7,1024,'0000010z',"{'1111000': 381, '0100110': 336, '1111100': 108, '0110110': 173, '0010110': 4, '0101110': 10, '1111010': 4, '0110010': 2, '0000110': 3, '0100000': 2, '0111110': 1}"
vqe_7,1024,'0000011z',"{'1111000': 393, '0100110': 330, '1111100': 110, '0110110': 166, '0010110': 4, '0111110': 8, '0101110': 5, '1111010': 2, '0110010': 1, '0000110': 3, '0100000': 1, '0100010': 1}"
vqe_7,1024,'0000100z',"{'0011010': 11, '0011000': 787, '0011100': 226}"
vqe_7,1024,'0000101z',"{'1010110': 268, '1000110': 708, '1001110': 11, '1110110': 9, '1000000': 2, '1011110': 6, '1100110': 15, '1100010': 1, '1010010': 3, '1101110': 1}"
vqe_7,1024,'0000110z',"{'1011000': 381, '0000110': 328, '1011100': 108, '0010110': 170, '0011110': 2, '0100110': 16, '1011010': 4, '0001110': 8, '0110110': 3, '0000000': 2, '0001000': 1, '0101110': 1}"
vqe_7,1024,'0000111z',"{'1011000': 393, '0000110': 321, '1011100': 110, '0010110': 166, '0100110': 10, '0110110': 8, '0011110': 3, '1011010': 2, '0001110': 7, '0000000': 2, '0010010': 2}"
vqe_7,1024,'0001000z',"{'0101010': 11, '0101000': 787, '0101100': 226}"
vqe_7,1024,'0001001z',"{'1110110': 684, '1100110': 291, '1010110': 16, '1101110': 7, '1111110': 13, '1110000': 5, '1000110': 3, '1110010': 4, '1100000': 1}"
vqe_7,1024,'0001010z',"{'1101000': 381, '0100110': 147, '1101100': 108, '0110110': 358, '0010110': 5, '1101010': 4, '0101110': 7, '0111110': 8, '0000110': 2, '0100010': 2, '0110000': 2}"
vqe_7,1024,'0001011z',"{'1101000': 393, '0100110': 144, '1101100': 110, '0110110': 348, '0010110': 5, '0111110': 10, '0110000': 1, '1101010': 2, '0000110': 2, '0110010': 5, '0101110': 2, '0100010': 2}"
vqe_7,1024,'0001100z',"{'0001010': 11, '0001000': 787, '0001100': 226}"
vqe_7,1024,'0001101z',"{'1010110': 691, '1000110': 282, '1010010': 3, '1110110': 19, '1001110': 8, '1000000': 2, '1011110': 11, '1100110': 7, '1010000': 1}"
vqe_7,1024,'0001110z',"{'1001000': 381, '0000110': 134, '1001100': 108, '0010110': 361, '0010010': 5, '0011110': 7, '0100110': 9, '1001010': 4, '0110110': 11, '0000010': 2, '0010000': 1, '0001110': 1}"
vqe_7,1024,'0001111z',"{'1001000': 393, '0000110': 131, '1001100': 110, '0010110': 355, '0001110': 3, '0110110': 14, '0011110': 9, '1001010': 2, '0100110': 3, '0000010': 2, '0110000': 1, '0010010': 1}"
vqe_7,1024,'0010000z',"{'0110100': 229, '0110000': 790, '0110010': 4, '0110110': 1}"
vqe_7,1024,'0010001z',"{'1111110': 267, '1101110': 715, '1001110': 11, '1101010': 4, '1100110': 11, '1011110': 7, '1010110': 1, '1111010': 4, '1110110': 4}"
vqe_7,1024,'0010010z',"{'1110000': 382, '0101110': 341, '1110100': 109, '0111110': 171, '0011110': 4, '0100110': 6, '0110110': 3, '0001110': 3, '1110110': 1, '1110010': 1, '0111010': 2, '0101010': 1}"
vqe_7,1024,'0010011z',"{'1110000': 393, '0101110': 331, '1110100': 111, '0111110': 169, '0011110': 4, '0100110': 5, '0111010': 1, '0110110': 5, '0001110': 3, '1110110': 1, '0101000': 1}"
vqe_7,1024,'0010100z',"{'0010100': 229, '0010000': 790, '0010010': 4, '0010110': 1}"
vqe_7,1024,'0010101z',"{'1011110': 273, '1001110': 710, '1000110': 7, '1001010': 4, '1111110': 8, '1110110': 1, '1101110': 16, '1100110': 1, '1010110': 4}"
vqe_7,1024,'0010110z',"{'1010000': 382, '0001110': 336, '1010100': 109, '0011110': 170, '0101110': 17, '0111110': 3, '0000110': 3, '1010110': 1, '1010010': 1, '0010110': 2}"
vqe_7,1024,'0010111z',"{'1010000': 393, '0001110': 327, '1010100': 111, '0011110': 165, '0101110': 10, '0111110': 8, '0000110': 3, '0010110': 5, '1010110': 1, '0011010': 1}"
vqe_7,1024,'0011000z',"{'0100100': 229, '0100000': 790, '0100010': 4, '0100110': 1}"
vqe_7,1024,'0011001z',"{'1111110': 684, '1101110': 295, '1011110': 16, '1110110': 18, '1001110': 3, '1100110': 3, '1111010': 3, '1101010': 2}"
vqe_7,1024,'0011010z',"{'1100000': 382, '0101110': 152, '1100100': 109, '0111110': 358, '0011110': 5, '0101010': 2, '0001110': 2, '0111010': 5, '0100110': 2, '0110110': 5, '1100110': 1, '1100010': 1}"
vqe_7,1024,'0011011z',"{'1100000': 393, '0101110': 144, '1100100': 111, '0111110': 352, '0011110': 5, '0101010': 2, '0110110': 10, '0001110': 2, '0100110': 2, '0111010': 2, '1100110': 1}"
vqe_7,1024,'0011100z',"{'0000100': 229, '0000000': 790, '0000010': 4, '0000110': 1}"
vqe_7,1024,'0011101z',"{'1011110': 690, '1001110': 289, '1010110': 11, '1111110': 19, '1011010': 5, '1000110': 2, '1101110': 6, '1100110': 1, '1001010': 1}"
vqe_7,1024,'0011110z',"{'1000000': 382, '0001110': 135, '1000100': 109, '0011110': 358, '0010110': 16, '0101110': 9, '0111110': 11, '0000110': 2, '1000110': 1, '1000010': 1}"
vqe_7,1024,'0011111z',"{'1000000': 393, '0001110': 134, '1000100': 111, '0011110': 352, '0010110': 9, '0111110': 13, '0101110': 3, '0000110': 2, '0011010': 4, '1000110': 1, '0110110': 2}"
vqe_7,1024,'0100000z',"{'0111100': 769, '0111000': 255}"
vqe_7,1024,'0100001z',"{'1110010': 265, '1100010': 709, '1000010': 11, '1101010': 16, '1111010': 6, '1010010': 7, '1100110': 2, '1100000': 3, '1010000': 1, '1110110': 2, '1110000': 2}"
vqe_7,1024,'0100010z',"{'1111100': 362, '0100010': 333, '1111000': 131, '0110010': 172, '0010010': 4, '0100110': 3, '0101010': 9, '0110000': 1, '0110110': 2, '0000010': 3, '0100000': 2, '0101110': 1, '0111010': 1}"
vqe_7,1024,'0100011z',"{'1111100': 369, '0100010': 330, '1111000': 136, '0110010': 166, '0010010': 4, '0111010': 8, '0101010': 5, '0110000': 1, '0000010': 3, '0100000': 2}"
vqe_7,1024,'0100100z',"{'0011100': 769, '0011000': 255}"
vqe_7,1024,'0100101z',"{'1010010': 268, '1000010': 700, '1001010': 11, '1110010': 9, '1000110': 8, '1000000': 2, '1011010': 6, '1100010': 15, '1100000': 1, '1010000': 2, '1010110': 1, '1101010': 1}"
vqe_7,1024,'0100110z',"{'1011100': 362, '0000010': 325, '1011000': 131, '0010010': 169, '0011010': 2, '0100010': 16, '0010110': 1, '0000110': 4, '0001010': 8, '0110010': 3, '0000000': 2, '0101010': 1}"
vqe_7,1024,'0100111z',"{'1011100': 369, '0000010': 317, '1011000': 136, '0010010': 167, '0100010': 10, '0110010': 8, '0011010': 3, '0000110': 4, '0001010': 7, '0000000': 2, '0010000': 1}"
vqe_7,1024,'0101000z',"{'0101100': 769, '0101000': 255}"
vqe_7,1024,'0101001z',"{'1110010': 683, '1100010': 289, '1010010': 16, '1101010': 7, '1111010': 13, '1110000': 7, '1000010': 3, '1110110': 3, '1100110': 2, '1100000': 1}"
vqe_7,1024,'0101010z',"{'1101100': 362, '0100010': 146, '1101000': 131, '0110010': 356, '0010010': 5, '0100110': 1, '0101010': 6, '0111010': 8, '0000010': 2, '0100000': 2, '0110000': 2, '0101110': 1, '0110110': 2}"
vqe_7,1024,'0101011z',"{'1101100': 369, '0100010': 144, '1101000': 136, '0110010': 347, '0010010': 5, '0111010': 10, '0110000': 5, '0110110': 2, '0000010': 2, '0101010': 2, '0100000': 2}"
vqe_7,1024,'0101100z',"{'0001100': 769, '0001000': 255}"
vqe_7,1024,'0101101z',"{'1010010': 690, '1000010': 281, '1010000': 3, '1110010': 18, '1001010': 8, '1000000': 2, '1011010': 11, '1010110': 2, '1000110': 1, '1100010': 7, '1110110': 1}"
vqe_7,1024,'0101110z',"{'1001100': 362, '0000010': 134, '1001000': 131, '0010010': 360, '0010000': 5, '0011010': 7, '0100010': 9, '0110010': 11, '0010110': 2, '0000000': 2, '0001010': 1}"
vqe_7,1024,'0101111z',"{'1001100': 369, '0000010': 131, '1001000': 136, '0010010': 354, '0001010': 3, '0110010': 14, '0011010': 9, '0100010': 3, '0000000': 2, '0010110': 2, '0110000': 1}"
vqe_7,1024,'0110000z',"{'0110100': 771, '0110000': 250, '0110010': 3}"
vqe_7,1024,'0110001z',"{'1111010': 266, '1101010': 708, '1001010': 11, '1101000': 4, '1100010': 11, '1011010': 7, '1101110': 5, '1111110': 1, '1010010': 1, '1101100': 2, '1111000': 4, '1110010': 4}"
vqe_7,1024,'0110010z',"{'1110100': 362, '0101010': 336, '1110000': 129, '0111010': 170, '0011010': 4, '0100010': 6, '1110010': 2, '0101110': 5, '0110010': 3, '0001010': 3, '0111000': 2, '0111110': 1, '0101000': 1}"
vqe_7,1024,'0110011z',"{'1110100': 371, '0101010': 328, '1110000': 132, '0111010': 164, '0011010': 4, '0100010': 5, '0111100': 2, '0101110': 2, '0111000': 1, '0110010': 5, '0001010': 3, '1110010': 2, '0111110': 3, '0101100': 1, '0101000': 1}"
vqe_7,1024,'0110100z',"{'0010100': 771, '0010000': 250, '0010010': 3}"
vqe_7,1024,'0110101z',"{'1011010': 269, '1001010': 706, '1000010': 7, '1001000': 4, '1111010': 8, '1001110': 4, '1110010': 1, '1101010': 15, '1100010': 1, '1010010': 4, '1011100': 3, '1101100': 1, '1011110': 1}"
vqe_7,1024,'0110110z',"{'1010100': 362, '0001010': 333, '1010000': 129, '0011010': 169, '0011100': 1, '0101010': 17, '1010010': 2, '0001100': 1, '0111010': 3, '0000010': 3, '0001110': 2, '0010010': 2}"
vqe_7,1024,'0110111z',"{'1010100': 371, '0001010': 324, '1010000': 132, '0011010': 164, '0101010': 10, '0111010': 8, '0011100': 1, '0001110': 3, '0000010': 3, '0010010': 5, '1010010': 2, '0011000': 1}"
vqe_7,1024,'0111000z',"{'0100100': 770, '0100000': 250, '0100010': 3, '0100110': 1}"
vqe_7,1024,'0111001z',"{'1111010': 677, '1101010': 291, '1011010': 16, '1101110': 4, '1111110': 5, '1110010': 18, '1001010': 3, '1100010': 3, '1111100': 2, '1111000': 3, '1101000': 2}"
vqe_7,1024,'0111010z',"{'1100100': 362, '0101010': 148, '1100000': 129, '0111010': 358, '0011010': 5, '0101000': 2, '1100010': 2, '0101110': 3, '0001010': 2, '0101100': 1, '0111000': 4, '0100010': 2, '0110010': 5, '0111110': 1}"
vqe_7,1024,'0111011z',"{'1100100': 371, '0101010': 143, '1100000': 132, '0111010': 345, '0011010': 5, '0101000': 2, '0111110': 6, '0111100': 2, '0110010': 10, '0001010': 2, '0100010': 2, '1100010': 2, '0101110': 1, '0111000': 1}"
vqe_7,1024,'0111100z',"{'0000100': 770, '0000000': 250, '0000010': 3, '0000110': 1}"
vqe_7,1024,'0111101z',"{'1011010': 684, '1001010': 285, '1010010': 11, '1111010': 19, '1011000': 5, '1001110': 2, '1001100': 2, '1000010': 2, '1011110': 6, '1101010': 6, '1100010': 1, '1001000': 1}"
vqe_7,1024,'0111110z',"{'1000100': 362, '0001010': 134, '1000000': 129, '0011010': 356, '0010010': 16, '0011110': 1, '0101010': 9, '1000010': 2, '0111010': 11, '0000010': 2, '0001110': 1, '0011100': 1}"
vqe_7,1024,'0111111z',"{'1000100': 371, '0001010': 132, '1000000': 132, '0011010': 350, '0010010': 9, '0001110': 1, '0111010': 13, '0011110': 2, '0011100': 1, '0101010': 3, '0000010': 2, '0011000': 3, '1000010': 2, '0110010': 2, '0001100': 1}"
vqe_7,1024,'1000000z',"{'0111111': 230, '0111011': 794}"
vqe_7,1024,'1000001z',"{'1110101': 265, '1100101': 710, '1000101': 11, '1101101': 16, '1111101': 6, '1010101': 7, '1100111': 2, '1100001': 2, '1010001': 1, '1110111': 2, '1110001': 2}"
vqe_7,1024,'1000010z',"{'1111011': 383, '0100101': 333, '1111111': 110, '0110101': 172, '0010101': 4, '0100111': 3, '0101101': 9, '0110001': 1, '0110111': 2, '0000101': 3, '0100001': 2, '0101111': 1, '0111101': 1}"
vqe_7,1024,'1000011z',"{'1111011': 393, '0100101': 328, '1111111': 112, '0110101': 166, '0010101': 4, '0111101': 8, '0101101': 5, '0110001': 1, '0000101': 3, '0100001': 2, '0100111': 2}"
vqe_7,1024,'1000100z',"{'0011111': 230, '0011011': 794}"
vqe_7,1024,'1000101z',"{'1010101': 267, '1000101': 699, '1001101': 11, '1110101': 9, '1000111': 9, '1000001': 2, '1011101': 6, '1100101': 15, '1100001': 1, '1010001': 2, '1010111': 2, '1101101': 1}"
vqe_7,1024,'1000110z',"{'1011011': 383, '0000101': 325, '1011111': 110, '0010101': 169, '0011101': 2, '0100101': 16, '0010111': 1, '0000111': 3, '0001101': 8, '0110101': 3, '0000001': 2, '0001001': 1, '0101101': 1}"
vqe_7,1024,'1000111z',"{'1011011': 393, '0000101': 315, '1011111': 111, '0010101': 167, '0100101': 10, '0110101': 8, '0011101': 3, '0000111': 6, '1011101': 1, '0001101': 7, '0000001': 2, '0010001': 1}"
vqe_7,1024,'1001000z',"{'0101111': 230, '0101011': 794}"
vqe_7,1024,'1001001z',"{'1110101': 682, '1100101': 289, '1010101': 16, '1101101': 7, '1111101': 13, '1110001': 7, '1000101': 3, '1110111': 4, '1100111': 2, '1100001': 1}"
vqe_7,1024,'1001010z',"{'1101011': 383, '0100101': 146, '1101111': 110, '0110101': 356, '0010101': 5, '0100111': 1, '0101101': 6, '0111101': 8, '0000101': 2, '0100001': 2, '0110001': 2, '0101111': 1, '0110111': 2}"
vqe_7,1024,'1001011z',"{'1101011': 393, '0100101': 144, '1101111': 111, '0110101': 347, '0010101': 5, '0111101': 10, '0110001': 4, '0110111': 3, '1101101': 1, '0000101': 2, '0101101': 2, '0100001': 2}"
vqe_7,1024,'1001100z',"{'0001111': 230, '0001011': 794}"
vqe_7,1024,'1001101z',"{'1010101': 690, '1000101': 281, '1010001': 3, '1110101': 18, '1001101': 8, '1000001': 2, '1011101': 11, '1010111': 2, '1000111': 1, '1100101': 7, '1110111': 1}"
vqe_7,1024,'1001110z',"{'1001011': 383, '0000101': 134, '1001111': 110, '0010101': 361, '0010001': 3, '0011101': 7, '0100101': 9, '0110101': 11, '0010111': 3, '0000001': 2, '0001101': 1}"
vqe_7,1024,'1001111z',"{'1001011': 393, '0000101': 131, '1001111': 112, '0010101': 354, '0001101': 3, '0110101': 14, '0011101': 9, '0100101': 3, '0000001': 2, '0010111': 2, '0110001': 1}"
vqe_7,1024,'1010000z',"{'0110011': 798, '0110111': 223, '0110101': 3}"
vqe_7,1024,'1010001z',"{'1111101': 266, '1101101': 706, '1001101': 10, '1101001': 4, '1100101': 11, '1011101': 7, '1101111': 5, '1111111': 1, '1010101': 1, '1101011': 4, '1111001': 4, '1110101': 4, '1001011': 1}"
vqe_7,1024,'1010010z',"{'1110011': 385, '0101101': 335, '1110111': 108, '0111101': 170, '0011101': 4, '0100101': 6, '0101111': 5, '0101011': 1, '0110101': 3, '0001101': 3, '0111001': 2, '0111111': 1, '0101001': 1}"
vqe_7,1024,'1010011z',"{'1110011': 395, '0101101': 328, '1110111': 110, '0111101': 166, '0011101': 4, '0100101': 5, '0101111': 2, '0111001': 1, '0110101': 5, '0001101': 3, '0111111': 3, '0101001': 1, '0101011': 1}"
vqe_7,1024,'1010100z',"{'0010011': 798, '0010111': 223, '0010101': 3}"
vqe_7,1024,'1010101z',"{'1011101': 272, '1001101': 706, '1000101': 7, '1001001': 3, '1111101': 8, '1001111': 4, '1110101': 1, '1101101': 16, '1100101': 1, '1001011': 1, '1010101': 4, '1011111': 1}"
vqe_7,1024,'1010110z',"{'1010011': 385, '0001101': 334, '1010111': 107, '0011101': 169, '0101101': 17, '0111101': 3, '0000101': 3, '0001111': 2, '1010101': 1, '0010101': 2, '0011011': 1}"
vqe_7,1024,'1010111z',"{'1010011': 395, '0001101': 324, '1010111': 110, '0011101': 164, '0101101': 10, '0111101': 8, '0001111': 3, '0011011': 1, '0000101': 3, '0010101': 5, '0011001': 1}"
vqe_7,1024,'1011000z',"{'0100011': 798, '0100111': 223, '0100101': 3}"
vqe_7,1024,'1011001z',"{'1111101': 677, '1101101': 290, '1011101': 16, '1101111': 4, '1111111': 6, '1110101': 18, '1001101': 3, '1100101': 3, '1111001': 3, '1101001': 2, '1111011': 1, '1101011': 1}"
vqe_7,1024,'1011010z',"{'1100011': 385, '0101101': 149, '1100111': 107, '0111101': 356, '0011101': 5, '0101001': 2, '0101111': 3, '0001101': 2, '0111001': 5, '0100101': 2, '0110101': 5, '1100101': 1, '0111111': 1, '0111011': 1}"
vqe_7,1024,'1011011z',"{'1100011': 395, '0101101': 143, '1100111': 110, '0111101': 346, '0011101': 5, '0101001': 2, '0111111': 6, '0110101': 10, '0001101': 2, '0100101': 2, '0111001': 2, '0101111': 1}"
vqe_7,1024,'1011100z',"{'0000011': 798, '0000111': 223, '0000101': 3}"
vqe_7,1024,'1011101z',"{'1011101': 683, '1001101': 287, '1010101': 11, '1111101': 19, '1011001': 5, '1001111': 2, '1000101': 2, '1011111': 6, '1101101': 6, '1100101': 1, '1011011': 1, '1001001': 1}"
vqe_7,1024,'1011110z',"{'1000011': 385, '0001101': 134, '1000111': 107, '0011101': 356, '0010101': 16, '0011111': 1, '0101101': 9, '0111101': 11, '0000101': 2, '0011011': 1, '1000101': 1, '0001111': 1}"
vqe_7,1024,'1011111z',"{'1000011': 395, '0001101': 133, '1000111': 110, '0011101': 346, '0010101': 9, '0001111': 1, '0111101': 13, '0011111': 2, '0101101': 3, '0000101': 2, '0011011': 5, '0011001': 3, '0110101': 2}"
vqe_7,1024,'1100000z',"{'0111111': 767, '0111011': 253, '0111101': 4}"
vqe_7,1024,'1100001z',"{'1110001': 266, '1100001': 706, '1000001': 11, '1100101': 8, '1101001': 16, '1111001': 6, '1010001': 8, '1110101': 2, '1110111': 1}"
vqe_7,1024,'1100010z',"{'1111111': 357, '0100001': 335, '1111011': 131, '0110001': 173, '0010001': 4, '0100101': 2, '0101001': 9, '1111101': 5, '0110101': 2, '0100111': 1, '0000001': 3, '0101101': 1, '0111001': 1}"
vqe_7,1024,'1100011z',"{'1111111': 365, '0100001': 330, '1111011': 134, '0110001': 167, '0010001': 4, '0111001': 8, '1111101': 6, '0101001': 5, '0000001': 3, '0100101': 2}"
vqe_7,1024,'1100100z',"{'0011111': 767, '0011011': 253, '0011101': 4}"
vqe_7,1024,'1100101z',"{'1010001': 269, '1000001': 700, '1001001': 11, '1110001': 9, '1000101': 10, '1011001': 6, '1100001': 16, '1010111': 1, '1101001': 1, '1010101': 1}"
vqe_7,1024,'1100110z',"{'1011111': 357, '0000001': 327, '1011011': 131, '0010001': 169, '0011001': 2, '0100001': 16, '0010101': 1, '1011101': 5, '0000101': 2, '0001001': 8, '0110001': 3, '0000111': 2, '0101001': 1}"
vqe_7,1024,'1100111z',"{'1011111': 365, '0000001': 315, '1011011': 134, '0010001': 167, '0000101': 7, '0100001': 10, '0110001': 8, '0011001': 3, '1011101': 6, '0001001': 7, '0000111': 1, '0010101': 1}"
vqe_7,1024,'1101000z',"{'0101111': 767, '0101011': 253, '0101101': 4}"
vqe_7,1024,'1101001z',"{'1110001': 687, '1100001': 290, '1010001': 15, '1101001': 7, '1111001': 13, '1000001': 3, '1110101': 5, '1100101': 1, '1010101': 1, '1100111': 1, '1110111': 1}"
vqe_7,1024,'1101010z',"{'1101111': 357, '0100001': 147, '1101011': 131, '0110001': 357, '0010001': 5, '0100111': 1, '1101101': 5, '0101001': 6, '0111001': 8, '0000001': 2, '0101101': 1, '0110111': 1, '0100101': 1, '0110101': 2}"
vqe_7,1024,'1101011z',"{'1101111': 365, '0100001': 146, '1101011': 134, '0110001': 350, '0010001': 5, '0111001': 10, '1101101': 6, '0110101': 4, '0000001': 2, '0101001': 2}"
vqe_7,1024,'1101100z',"{'0001111': 767, '0001011': 253, '0001101': 4}"
vqe_7,1024,'1101101z',"{'1010001': 691, '1000001': 283, '1110001': 18, '1001001': 8, '1011001': 11, '1010101': 3, '1000101': 1, '1100001': 7, '1110101': 1, '1010111': 1}"
vqe_7,1024,'1101110z',"{'1001111': 357, '0000001': 134, '1001011': 131, '0010001': 364, '0000101': 2, '0011001': 7, '0100001': 9, '1001101': 5, '0110001': 11, '0010111': 1, '0010101': 2, '0001001': 1}"
vqe_7,1024,'1101111z',"{'1001111': 365, '0000001': 133, '1001011': 134, '0010001': 352, '0001001': 3, '0110001': 15, '0011001': 9, '1001101': 6, '0100001': 3, '0010101': 4}"
vqe_7,1024,'1110000z',"{'0110111': 767, '0110011': 253, '0110001': 2, '0110101': 2}"
vqe_7,1024,'1110001z',"{'1111001': 270, '1101001': 714, '1001001': 11, '1100001': 11, '1011001': 7, '1101101': 5, '1111101': 1, '1010001': 1, '1110001': 4}"
vqe_7,1024,'1110010z',"{'1110111': 358, '0101001': 337, '1110011': 130, '0111001': 172, '0011001': 4, '0100001': 6, '0101101': 4, '0110001': 3, '0001001': 3, '1110101': 4, '0101111': 1, '0111101': 1, '1110001': 1}"
vqe_7,1024,'1110011z',"{'1110111': 367, '0101001': 330, '1110011': 134, '0111001': 167, '0011001': 4, '0100001': 5, '1110101': 2, '0101101': 2, '0110001': 5, '0001001': 3, '0111101': 3, '1110001': 2}"
vqe_7,1024,'1110100z',"{'0010111': 767, '0010011': 253, '0010001': 2, '0010101': 2}"
vqe_7,1024,'1110101z',"{'1011001': 272, '1001001': 710, '1000001': 7, '1111001': 8, '1001101': 4, '1110001': 1, '1101001': 16, '1100001': 1, '1010001': 4, '1011101': 1}"
vqe_7,1024,'1110110z',"{'1010111': 358, '0001001': 334, '1010011': 130, '0011001': 170, '0101001': 17, '0111001': 3, '0000001': 3, '1010101': 4, '0001101': 2, '0010001': 2, '1010001': 1}"
vqe_7,1024,'1110111z',"{'1010111': 367, '0001001': 324, '1010011': 134, '0011001': 166, '0101001': 10, '0111001': 8, '1010101': 2, '0001101': 3, '0000001': 3, '0010001': 5, '1010001': 2}"
vqe_7,1024,'1111000z',"{'0100111': 767, '0100011': 253, '0100001': 2, '0100101': 2}"
vqe_7,1024,'1111001z',"{'1111001': 682, '1101001': 293, '1011001': 16, '1101101': 3, '1111101': 5, '1110001': 18, '1001001': 3, '1100001': 3, '1101111': 1}"
vqe_7,1024,'1111010z',"{'1100111': 358, '0101001': 151, '1100011': 130, '0111001': 362, '0011001': 5, '0101101': 2, '0001001': 2, '1100101': 4, '0100001': 2, '0110001': 5, '0101111': 1, '0111101': 1, '1100001': 1}"
vqe_7,1024,'1111011z',"{'1100111': 367, '0101001': 145, '1100011': 134, '0111001': 348, '0011001': 5, '0111101': 6, '1100101': 2, '0110001': 10, '0001001': 2, '0100001': 2, '0101101': 1, '1100001': 2}"
vqe_7,1024,'1111100z',"{'0000111': 767, '0000011': 253, '0000001': 2, '0000101': 2}"
vqe_7,1024,'1111101z',"{'1011001': 689, '1001001': 288, '1010001': 11, '1111001': 19, '1001101': 2, '1000001': 2, '1011101': 6, '1101001': 6, '1100001': 1}"
vqe_7,1024,'1111110z',"{'1000111': 358, '0001001': 134, '1000011': 130, '0011001': 357, '0010001': 16, '0011101': 1, '0101001': 9, '0111001': 11, '0000001': 2, '1000101': 4, '0001101': 1, '1000001': 1}"
vqe_7,1024,'1111111z',"{'1000111': 367, '0001001': 133, '1000011': 134, '0011001': 354, '0010001': 9, '0001101': 1, '0111001': 13, '0011101': 2, '1000101': 2, '0101001': 3, '0000001': 2, '0110001': 2, '1000001': 2}"
